{"type":"FeatureCollection","features":[{"type":"Feature","properties":{"area_m2":156.03,"protected":false,"render":false},"geometry":{"type":"Polygon","coordinates":[[[-64.8416626,32.24697330000001],[-64.8417109,32.2470232],[-64.8416734,32.2470776],[-64.8415688,32.2471185],[-64.8415312,32.2470822],[-64.8415661,32.24701410000001],[-64.8416626,32.24697330000001]]]}},{"type":"Feature","properties":{"area_m2":71.2,"protected":false,"render":false},"geometry":{"type":"Polygon","coordinates":[[[-64.8439586,32.2472478],[-64.8440123,32.247148],[-64.8440659,32.247216],[-64.8440123,32.247275],[-64.8439586,32.2472478]]]}},{"type":"Feature","properties":{"area_m2":139.08,"protected":false,"render":false},"geometry":{"type":"Polygon","coordinates":[[[-64.8458576,32.2472523],[-64.845981,32.247220600000006],[-64.8460561,32.2473068],[-64.845922,32.2473385],[-64.8458576,32.2472523]]]}},{"type":"Feature","properties":{"area_m2":62.55,"protected":false,"render":false},"geometry":{"type":"Polygon","coordinates":[[[-64.8454499,32.2473294],[-64.8454553,32.247261399999985],[-64.8455787,32.2472705],[-64.8455197,32.24732490000001],[-64.8454499,32.2473294]]]}},{"type":"Feature","properties":{"area_m2":106.77,"protected":false,"render":false},"geometry":{"type":"Polygon","coordinates":[[[-64.8444307,32.2473158],[-64.8445058,32.24724779999999],[-64.8445916,32.247315799999996],[-64.844479,32.2473748],[-64.8444307,32.2473158]]]}},{"type":"Feature","properties":{"area_m2":43.62,"protected":false,"render":false},"geometry":{"type":"Polygon","coordinates":[[[-64.8409653,32.2473544],[-64.840968,32.24729090000001],[-64.8410484,32.247318099999994],[-64.8410162,32.2473703],[-64.8409653,32.2473544]]]}},{"type":"Feature","properties":{"area_m2":223.25,"protected":false,"render":false},"geometry":{"type":"Polygon","coordinates":[[[-64.8466998,32.2473839],[-64.8466516,32.2474882],[-64.8465979,32.2474837],[-64.8464906,32.24737480000001],[-64.8465872,32.247306800000004],[-64.8466998,32.2473839]]]}},{"type":"Feature","properties":{"area_m2":67.19,"protected":false,"render":false},"geometry":{"type":"Polygon","coordinates":[[[-64.8423493,32.2474066],[-64.8423868,32.247447400000006],[-64.842301,32.24751090000001],[-64.8422635,32.247447400000006],[-64.8423493,32.2474066]]]}},{"type":"Feature","properties":{"area_m2":117.04,"protected":false,"render":false},"geometry":{"type":"Polygon","coordinates":[[[-64.8405603,32.24766060000001],[-64.84052,32.2476243],[-64.840512,32.24756310000001],[-64.840622,32.2475223],[-64.8406461,32.24759029999999],[-64.8405603,32.24766060000001]]]}},{"type":"Feature","properties":{"area_m2":100.45,"protected":false,"render":false},"geometry":{"type":"Polygon","coordinates":[[[-64.844597,32.247674299999986],[-64.844597,32.2476017],[-64.8447311,32.2476561],[-64.8446506,32.247737799999996],[-64.844597,32.247674299999986]]]}},{"type":"Feature","properties":{"area_m2":97.12,"protected":false,"render":false},"geometry":{"type":"Polygon","coordinates":[[[-64.840284,32.24788980000001],[-64.8402062,32.2479192],[-64.8401633,32.2478875],[-64.840174,32.2478194],[-64.8402786,32.2478262],[-64.840284,32.24788980000001]]]}},{"type":"Feature","properties":{"area_m2":60.04,"protected":false,"render":false},"geometry":{"type":"Polygon","coordinates":[[[-64.8489529,32.24791919999999],[-64.8490602,32.24791019999999],[-64.8489851,32.2480236],[-64.8489529,32.24791919999999]]]}},{"type":"Feature","properties":{"area_m2":78.21,"protected":false,"render":false},"geometry":{"type":"Polygon","coordinates":[[[-64.8486847,32.24791919999999],[-64.8487759,32.248014500000004],[-64.8487169,32.248041699999995],[-64.8486418,32.2479692],[-64.8486847,32.24791919999999]]]}},{"type":"Feature","properties":{"area_m2":254.29,"protected":false,"render":false},"geometry":{"type":"Polygon","coordinates":[[[-64.8481697,32.2481143],[-64.8480892,32.24805539999999],[-64.8480892,32.24794190000001],[-64.84824480000002,32.24794190000001],[-64.848277,32.248037200000006],[-64.8481697,32.2481143]]]}},{"type":"Feature","properties":{"area_m2":94.84,"protected":false,"render":false},"geometry":{"type":"Polygon","coordinates":[[[-64.8477781,32.248078],[-64.847821,32.2479737],[-64.8479068,32.24803270000001],[-64.8478478,32.2481053],[-64.8477781,32.248078]]]}},{"type":"Feature","properties":{"area_m2":74.78,"protected":false,"render":false},"geometry":{"type":"Polygon","coordinates":[[[-64.8489636,32.2484455],[-64.8489904,32.24835480000001],[-64.8490763,32.2483503],[-64.8490387,32.24844100000001],[-64.8489636,32.2484455]]]}},{"type":"Feature","properties":{"area_m2":9196.41,"protected":true,"render":true},"geometry":{"type":"Polygon","coordinates":[[[-64.8442027,32.255862],[-64.8441927,32.25590569999999],[-64.8441463,32.2559391],[-64.8441383,32.2560696],[-64.8441142,32.25613310000001],[-64.8440632,32.2561648],[-64.84393450000002,32.25635759999999],[-64.8438701,32.256393900000006],[-64.8435589,32.2567228],[-64.8434973,32.25674320000001],[-64.84345430000002,32.2567183],[-64.8434248,32.2567319],[-64.8433605,32.25672049999999],[-64.843272,32.2566502],[-64.8432197,32.25664],[-64.8431687,32.2566083],[-64.8431043,32.256528900000006],[-64.8430815,32.25642],[-64.8430989,32.256314499999995],[-64.84315930000001,32.256282799999994],[-64.8432452,32.2560401],[-64.8433457,32.2559131],[-64.8434369,32.25576329999999],[-64.8435402,32.25567710000001],[-64.8436582,32.2556136],[-64.8437172,32.25555469999999],[-64.8439372,32.255436800000005],[-64.84397470000002,32.2554299],[-64.8440311,32.2554436],[-64.8441302,32.255514999999995],[-64.8441718,32.25558749999999],[-64.8442496,32.2558183],[-64.8442503,32.2558608],[-64.8442027,32.255862]]]}},{"type":"Feature","properties":{"area_m2":18505.31,"protected":true,"render":true},"geometry":{"type":"Polygon","coordinates":[[[-64.8587896,32.2577787],[-64.85844790000002,32.2575653],[-64.8583392,32.257302599999996],[-64.8582266,32.2571549],[-64.8577723,32.256797000000006],[-64.8577452,32.256530999999995],[-64.8578539,32.256334],[-64.8580868,32.25623550000001],[-64.8583664,32.256334],[-64.8585799,32.25648180000001],[-64.8586847,32.2566985],[-64.8587896,32.2568331],[-64.8592089,32.256833099999994],[-64.8595661,32.2568035],[-64.8598806,32.256885600000004],[-64.86007860000001,32.2570925],[-64.8600825,32.25721719999999],[-64.8600669,32.25730260000001],[-64.8599233,32.2573716],[-64.8597136,32.25745039999999],[-64.8595389,32.2574372],[-64.8594186,32.257450399999996],[-64.8590419,32.25772620000001],[-64.8587896,32.2577787]]]}},{"type":"Feature","properties":{"area_m2":10736.86,"protected":true,"render":true},"geometry":{"type":"Polygon","coordinates":[[[-64.8818767,32.27858950000001],[-64.8815594,32.27876940000001],[-64.8815088,32.27887650000001],[-64.8815467,32.278943899999994],[-64.8815448,32.279085],[-64.8814689,32.279213299999995],[-64.8813722,32.279258199999994],[-64.881214,32.2792529],[-64.8810725,32.2791828],[-64.8810099,32.27906569999999],[-64.8809799,32.27892909999999],[-64.8810403,32.278805999999996],[-64.8811541,32.2787146],[-64.8811712,32.278559],[-64.881164,32.2783386],[-64.8812869,32.2781389],[-64.8812831,32.2780764],[-64.8813842,32.277952],[-64.8813817,32.277839],[-64.8813022,32.27768549999999],[-64.8813077,32.27760489999999],[-64.8813607,32.2775355],[-64.8814234,32.2774927],[-64.8815141,32.2774837],[-64.881679,32.27751],[-64.8818207,32.2776298],[-64.8819057,32.2778397],[-64.8819238,32.27800009999999],[-64.8819755,32.2781572],[-64.881988,32.278485700000004],[-64.8818767,32.27858950000001]]]}},{"type":"Feature","properties":{"area_m2":631.62,"protected":true,"render":true},"geometry":{"type":"Polygon","coordinates":[[[-64.8792772,32.279986499999985],[-64.8791973,32.27989269999999],[-64.8791807,32.2798165],[-64.879247,32.279750099999994],[-64.8794348,32.2797558],[-64.8794804,32.2798341],[-64.8794549,32.2799362],[-64.8793533,32.2800481],[-64.8792772,32.279986499999985]]]}},{"type":"Feature","properties":{"area_m2":9590.37,"protected":true,"render":true},"geometry":{"type":"Polygon","coordinates":[[[-64.8811199,32.279437699999995],[-64.8810919,32.2795536],[-64.8809724,32.27987310000001],[-64.8811304,32.28008679999999],[-64.8811843,32.280592],[-64.881246,32.280732599999986],[-64.8811695,32.2807548],[-64.8809323,32.280580999999984],[-64.8806346,32.28051829999999],[-64.8805045,32.28046979999999],[-64.8804656,32.280268],[-64.8803999,32.2802079],[-64.8803691,32.280088799999994],[-64.8801671,32.27984690000001],[-64.8802088,32.279677],[-64.8803984,32.2796123],[-64.8805486,32.2795126],[-64.8806192,32.279393],[-64.88057,32.2792881],[-64.8807504,32.27918150000001],[-64.8809134,32.2792132],[-64.8809831,32.2793493],[-64.8811199,32.279437699999995]]]}},{"type":"Feature","properties":{"area_m2":3209.78,"protected":true,"render":true},"geometry":{"type":"Polygon","coordinates":[[[-64.8798876,32.2803712],[-64.8796167,32.280433999999985],[-64.8794263,32.280404],[-64.8793217,32.280297499999996],[-64.8793257,32.2801773],[-64.8794394,32.2801022],[-64.8796435,32.2799233],[-64.8797562,32.2798723],[-64.8799118,32.279853],[-64.8800371,32.2798996],[-64.8801102,32.28001549999999],[-64.8800834,32.28009899999999],[-64.8799815,32.28026229999999],[-64.8798876,32.2803712]]]}},{"type":"Feature","properties":{"area_m2":469.6,"protected":true,"render":true},"geometry":{"type":"Polygon","coordinates":[[[-64.8799638,32.2807641],[-64.8798904,32.28074070000001],[-64.8798657,32.2806709],[-64.879981,32.28054109999999],[-64.88008580000002,32.2805341],[-64.8801821,32.2805782],[-64.8801075,32.280692599999995],[-64.8799638,32.2807641]]]}},{"type":"Feature","properties":{"area_m2":1361.89,"protected":true,"render":true},"geometry":{"type":"Polygon","coordinates":[[[-64.8875123,32.2817857],[-64.8874292,32.2818628],[-64.8873219,32.2819286],[-64.8871985,32.28195130000001],[-64.8870108,32.28182880000001],[-64.8870349,32.2816406],[-64.887118,32.28154539999999],[-64.88726290000001,32.281568],[-64.8873246,32.281660999999986],[-64.8874238,32.2816837],[-64.8875123,32.2817857]]]}},{"type":"Feature","properties":{"area_m2":12255.26,"protected":true,"render":true},"geometry":{"type":"Polygon","coordinates":[[[-64.87964,32.285738099999996],[-64.879655,32.285827299999994],[-64.87954650000002,32.28590760000001],[-64.8793567,32.2859073],[-64.8792245,32.285799],[-64.8791641,32.285691299999996],[-64.8785687,32.2855473],[-64.878401,32.2854759],[-64.8783539,32.28537740000001],[-64.8785081,32.28522379999999],[-64.8786802,32.2851866],[-64.8788642,32.2852003],[-64.8790018,32.2852276],[-64.879181,32.2851893],[-64.8793242,32.28519059999999],[-64.8795714,32.28512369999999],[-64.8797194,32.285188],[-64.8798714,32.2851412],[-64.8799596,32.2850766],[-64.8799746,32.28498640000001],[-64.8800092,32.284918999999995],[-64.8801017,32.2848952],[-64.8801607,32.2847943],[-64.880313,32.28474680000001],[-64.8805616,32.28480580000001],[-64.8807501,32.2849401],[-64.8807601,32.2851618],[-64.8806139,32.2852967],[-64.8803777,32.2853899],[-64.8801176,32.28547139999999],[-64.8798358,32.285520399999996],[-64.8796481,32.285620200000004],[-64.8795247,32.2855998],[-64.8794737,32.28572],[-64.87964,32.285738099999996]]]}},{"type":"Feature","properties":{"area_m2":70.39,"protected":true,"render":true},"geometry":{"type":"Polygon","coordinates":[[[-64.87955410000001,32.286087],[-64.8796069,32.286093400000006],[-64.8797007,32.286067899999985],[-64.8797202,32.286035399999996],[-64.8797403,32.2860814],[-64.8796994,32.28612759999999],[-64.8795429,32.286102899999996],[-64.87955410000001,32.286087]]]}},{"type":"Feature","properties":{"area_m2":50.81,"protected":true,"render":true},"geometry":{"type":"Polygon","coordinates":[[[-64.8796511,32.28628069999999],[-64.8796773,32.2862483],[-64.8797246,32.2862267],[-64.8797669,32.28624879999999],[-64.8797663,32.2862774],[-64.8797261,32.2862921],[-64.8796511,32.28628069999999]]]}},{"type":"Feature","properties":{"area_m2":2862.43,"protected":true,"render":true},"geometry":{"type":"Polygon","coordinates":[[[-64.8787189,32.2868518],[-64.878652,32.28676139999999],[-64.8786426,32.2866015],[-64.8786598,32.2865197],[-64.8786346,32.286406500000005],[-64.8786719,32.2862521],[-64.8787215,32.28621009999999],[-64.878817,32.2861866],[-64.8788773,32.2861922],[-64.8789336,32.2862296],[-64.8790557,32.2862625],[-64.8791789,32.2863167],[-64.8792177,32.28640849999999],[-64.879226,32.286484699999995],[-64.8791761,32.286539999999995],[-64.879057,32.2865176],[-64.8790407,32.2865638],[-64.8790461,32.2867169],[-64.8789495,32.2868076],[-64.8788491,32.28684640000001],[-64.8787189,32.2868518]]]}},{"type":"Feature","properties":{"area_m2":116.37,"protected":true,"render":true},"geometry":{"type":"Polygon","coordinates":[[[-64.878417,32.28695309999999],[-64.8784776,32.286942999999994],[-64.87849,32.286922399999995],[-64.8785391,32.2869288],[-64.8785758,32.28695760000001],[-64.8785657,32.286992000000005],[-64.8784493,32.28702899999999],[-64.8784046,32.28696990000001],[-64.878417,32.28695309999999]]]}},{"type":"Feature","properties":{"area_m2":41.77,"protected":true,"render":true},"geometry":{"type":"Polygon","coordinates":[[[-64.8786973,32.28708749999999],[-64.8786812,32.2870416],[-64.8786531,32.2870178],[-64.8787493,32.2870161],[-64.8787272,32.2870873],[-64.8786973,32.28708749999999]]]}},{"type":"Feature","properties":{"area_m2":239.76,"protected":true,"render":true},"geometry":{"type":"Polygon","coordinates":[[[-64.8782844,32.2870619],[-64.8783118,32.2870971],[-64.8783821,32.28710160000001],[-64.8783936,32.2871177],[-64.8784016,32.2871435],[-64.8783817,32.287167],[-64.8783777,32.287247400000005],[-64.8784175,32.28725150000001],[-64.8784511,32.2872781],[-64.8783905,32.28732479999999],[-64.87836,32.2873106],[-64.8783821,32.287284500000005],[-64.87836,32.287276600000006],[-64.8783304,32.2872261],[-64.8783047,32.28719840000001],[-64.8782622,32.287186500000004],[-64.8782547,32.2871573],[-64.8782145,32.287129199999995],[-64.8782459,32.287112],[-64.8782322,32.28709630000001],[-64.8782459,32.287082899999994],[-64.8782844,32.2870619]]]}},{"type":"Feature","properties":{"area_m2":12288.67,"protected":true,"render":true},"geometry":{"type":"Polygon","coordinates":[[[-64.877544,32.2885037],[-64.8774699,32.288737],[-64.8774746,32.2888468],[-64.8773578,32.2889435],[-64.8771968,32.2888909],[-64.8771042,32.2888302],[-64.8770147,32.2887466],[-64.8770355,32.28859669999999],[-64.8769966,32.288378],[-64.8770014,32.288173400000005],[-64.8771149,32.2879776],[-64.8771747,32.2876907],[-64.87719,32.2874153],[-64.877272,32.287329699999994],[-64.8773494,32.287275799999996],[-64.8775333,32.2871795],[-64.8777153,32.287246599999996],[-64.877948,32.287244300000005],[-64.8780141,32.2871934],[-64.8781468,32.287147],[-64.8782307,32.2871613],[-64.87822,32.2873699],[-64.8780805,32.2876602],[-64.8779337,32.28777709999999],[-64.8777814,32.2880207],[-64.8776942,32.2882134],[-64.8776036,32.28829850000001],[-64.8775293,32.288414400000015],[-64.877544,32.2885037]]]}},{"type":"Feature","properties":{"area_m2":2914508.59,"protected":true,"render":true},"geometry":{"type":"Polygon","coordinates":[[[-64.8784923,32.3049344],[-64.8784174,32.304811],[-64.8784634,32.304701200000004],[-64.8783503,32.30464619999999],[-64.8781661,32.3046179],[-64.8780015,32.304620699999994],[-64.8778887,32.3046446],[-64.87777,32.304788],[-64.8775145,32.3048491],[-64.8774239,32.30471839999999],[-64.8774316,32.30458139999999],[-64.8774046,32.304508],[-64.8773287,32.304419800000005],[-64.8770366,32.3042627],[-64.8768754,32.30421459999999],[-64.8767673,32.304209799999995],[-64.8763896,32.3040955],[-64.8762326,32.3040384],[-64.8759547,32.303908199999995],[-64.8757911,32.303909399999995],[-64.875548,32.30377029999999],[-64.8752806,32.30376549999999],[-64.8749061,32.3036941],[-64.8745665,32.30378890000001],[-64.8744217,32.30369],[-64.8728997,32.3036951],[-64.8720543,32.30411240000001],[-64.871511,32.30442839999999],[-64.8711804,32.3046972],[-64.8709512,32.3051473],[-64.8708544,32.3052695],[-64.8706312,32.30542380000001],[-64.8701858,32.3058626],[-64.8695953,32.3066548],[-64.8692886,32.3071606],[-64.8692588,32.3072644],[-64.8693157,32.307395799999995],[-64.8694043,32.3075229],[-64.8695228,32.30781089999999],[-64.8696493,32.307916299999995],[-64.8696836,32.308099500000004],[-64.8697784,32.30820529999999],[-64.8698634,32.3082537],[-64.8699275,32.3083245],[-64.8700616,32.308406000000005],[-64.8701879,32.30844230000001],[-64.8702711,32.3084491],[-64.8702818,32.308494399999994],[-64.870137,32.308501199999995],[-64.8698956,32.3084105],[-64.8698768,32.3084717],[-64.8699519,32.30855340000001],[-64.869917,32.3086123],[-64.8697668,32.3085692],[-64.8695279,32.308618],[-64.8693418,32.3086986],[-64.8692974,32.3088118],[-64.8691544,32.3088175],[-64.8690078,32.3088775],[-64.8690265,32.30898859999999],[-64.8689488,32.3089977],[-64.8688549,32.3089818],[-64.8687784,32.3090544],[-64.8688039,32.3091201],[-64.8687221,32.3092414],[-64.8686256,32.309248199999985],[-64.8683833,32.309369499999995],[-64.8682546,32.3096676],[-64.867973,32.309676700000004],[-64.8676211,32.309899900000005],[-64.8675734,32.3100447],[-64.8672099,32.310088199999996],[-64.8668644,32.3099143],[-64.866202,32.310199],[-64.8658964,32.3103011],[-64.8657985,32.310206599999994],[-64.865526,32.310204600000006],[-64.8653968,32.310275],[-64.8652054,32.31033060000001],[-64.8650691,32.3102476],[-64.8650465,32.31008320000001],[-64.8649265,32.3100064],[-64.8647864,32.3099548],[-64.8649145,32.3098206],[-64.8651244,32.3097659],[-64.8653443,32.3096882],[-64.865644,32.309543999999995],[-64.8662402,32.3095499],[-64.8664547,32.30952949999999],[-64.8668222,32.3095567],[-64.867193,32.30952430000001],[-64.8673935,32.3091487],[-64.8674337,32.3087837],[-64.8675464,32.308618200000005],[-64.8676101,32.30825999999999],[-64.8675008,32.30796980000001],[-64.867187,32.3077046],[-64.867031,32.3075423],[-64.8669237,32.3075162],[-64.8669559,32.3074505],[-64.8667726,32.3073532],[-64.8667601,32.30746409999999],[-64.8667949,32.307466299999994],[-64.8667789,32.30755589999999],[-64.86668,32.30754929999999],[-64.86667830000002,32.3075117],[-64.8666233,32.3075049],[-64.8666286,32.3073825],[-64.8665015,32.30733],[-64.8663698,32.3072317],[-64.8662279,32.30708330000001],[-64.8660106,32.30701510000001],[-64.8660171,32.3068667],[-64.8659501,32.3067647],[-64.8658079,32.3067749],[-64.8658177,32.306689],[-64.8657094,32.30655],[-64.8657266,32.30631269999999],[-64.8656644,32.30626139999999],[-64.8657167,32.30616959999999],[-64.8656523,32.3061209],[-64.8656805,32.3060041],[-64.865461,32.3061098],[-64.8653331,32.306037],[-64.8652223,32.30603390000001],[-64.8651831,32.305955699999984],[-64.8656072,32.30592730000001],[-64.86582,32.3059418],[-64.8658727,32.30602469999998],[-64.86599,32.3060031],[-64.8660866,32.30592949999999],[-64.8661456,32.30583419999999],[-64.8661952,32.30568240000001],[-64.8662384,32.30544870000001],[-64.8661901,32.3050894],[-64.865883,32.304735699999995],[-64.8659635,32.304631400000005],[-64.8659661,32.30447499999999],[-64.8657945,32.30427779999999],[-64.8658535,32.3039921],[-64.8656018,32.3037827],[-64.8653336,32.303633000000005],[-64.8650788,32.3035401],[-64.8647027,32.30350210000001],[-64.8646,32.30366020000001],[-64.8645504,32.30382339999999],[-64.8644545,32.303904100000004],[-64.8644082,32.303913],[-64.8641637,32.3038912],[-64.8641637,32.303980800000005],[-64.8639388,32.3040286],[-64.863921,32.3039547],[-64.8638284,32.30394449999999],[-64.8638847,32.30432429999999],[-64.8638324,32.3043322],[-64.863764,32.30392860000001],[-64.8635687,32.3038881],[-64.8633326,32.3040026],[-64.8632732,32.303957],[-64.8632732,32.30389459999999],[-64.8632048,32.30388669999999],[-64.8631525,32.303920700000006],[-64.8630832,32.303886899999995],[-64.8630855,32.30383230000001],[-64.8629862,32.30384480000001],[-64.8627721,32.303977599999996],[-64.8625655,32.304186200000004],[-64.862435,32.30422109999999],[-64.8623706,32.30428460000001],[-64.8622907,32.3042667],[-64.8623183,32.304201799999994],[-64.8621753,32.30413519999999],[-64.862034,32.3041032],[-64.8616164,32.3042491],[-64.8614453,32.30458839999999],[-64.8612146,32.304772699999994],[-64.8609236,32.30490919999999],[-64.8609544,32.3050588],[-64.860877,32.305116],[-64.8608163,32.30511550000001],[-64.86078550000002,32.3051755],[-64.8607171,32.305166500000006],[-64.8607318,32.305090500000006],[-64.8605467,32.305043999999995],[-64.8603067,32.3050338],[-64.8602356,32.30509730000001],[-64.8601913,32.3050848],[-64.8600175,32.3048896],[-64.8595327,32.304608599999995],[-64.8593625,32.304586099999995],[-64.8592031,32.3046306],[-64.8589869,32.304718],[-64.8587548,32.30484499999999],[-64.8586652,32.3047448],[-64.8587014,32.304658599999996],[-64.8586862,32.30463710000001],[-64.8585996,32.30459110000001],[-64.8585684,32.30460659999999],[-64.8584944,32.3045465],[-64.8584421,32.30456110000001],[-64.8584178,32.304523599999996],[-64.8584797,32.3044955],[-64.8585478,32.3044939],[-64.8587659,32.30439699999999],[-64.858708,32.304248],[-64.8588003,32.30419020000001],[-64.85892770000001,32.304241999999995],[-64.8590467,32.304267],[-64.8590883,32.30421090000001],[-64.8591607,32.3042341],[-64.8592472,32.3041678],[-64.8592921,32.3040822],[-64.8592672,32.30404359999999],[-64.8592888,32.3039955],[-64.8593196,32.3039785],[-64.8593096,32.30391789999999],[-64.8592667,32.3039145],[-64.859219,32.303846500000006],[-64.8592445,32.3038102],[-64.859211,32.303796],[-64.8592546,32.3036917],[-64.8592543,32.3036235],[-64.859325,32.3034038],[-64.8594639,32.30329119999999],[-64.8596898,32.3032406],[-64.8597823,32.303149899999994],[-64.8598024,32.3030592],[-64.8599513,32.303003700000005],[-64.8600519,32.30302410000001],[-64.8601109,32.30295040000001],[-64.8600841,32.3028166],[-64.8600299,32.30273909999999],[-64.8600572,32.30263190000001],[-64.8600492,32.30254229999999],[-64.8602081,32.30248520000001],[-64.8604006,32.30229069999999],[-64.8604676,32.302255499999994],[-64.8605092,32.30216600000001],[-64.8606941,32.30203169999999],[-64.8608297,32.3020096],[-64.8609464,32.30189729999999],[-64.8609397,32.3018134],[-64.8608136,32.301774900000005],[-64.8607492,32.3015119],[-64.8607466,32.3012965],[-64.8606822,32.3009916],[-64.8607469,32.300886699999985],[-64.8609129,32.30085099999999],[-64.8609772,32.3007558],[-64.8611506,32.30066529999999],[-64.8611788,32.30058699999999],[-64.8611895,32.300360299999994],[-64.86113190000002,32.2999454],[-64.8610223,32.299906899999996],[-64.8610215,32.2997141],[-64.8610443,32.2996438],[-64.8609419,32.29966209999999],[-64.860785,32.299631399999996],[-64.8605758,32.2994682],[-64.8606107,32.2993367],[-64.8606508,32.29927769999999],[-64.8605999,32.2991032],[-64.8605011,32.29895],[-64.8604502,32.2987845],[-64.8603315,32.29876310000001],[-64.8601707,32.29870869999999],[-64.8601323,32.298626899999995],[-64.8599387,32.2985862],[-64.859747,32.298618],[-64.8592615,32.29862700000001],[-64.8588457,32.2984207],[-64.8587277,32.29828919999999],[-64.858548,32.2982598],[-64.8581108,32.2980512],[-64.8575116,32.29787249999998],[-64.8573061,32.2976748],[-64.8570352,32.2974934],[-64.8569206,32.29728610000001],[-64.8569306,32.2971896],[-64.8570031,32.29711249999998],[-64.857099,32.2970774],[-64.8571854,32.29706949999999],[-64.8573169,32.2971488],[-64.8576387,32.2971874],[-64.8580196,32.2971465],[-64.8582226,32.2972427],[-64.8583093,32.297457200000004],[-64.8585534,32.297667999999994],[-64.8588833,32.29777],[-64.8590125,32.297898],[-64.859122,32.29797179999999],[-64.8591386,32.298042],[-64.8592254,32.2981468],[-64.8594672,32.298237],[-64.8594492,32.29827900000001],[-64.8596787,32.2984229],[-64.859873,32.29840939999998],[-64.8601439,32.29834590000001],[-64.8603692,32.2984933],[-64.8605034,32.2984253],[-64.8603558,32.29803530000001],[-64.860219,32.2977904],[-64.8600697,32.2977851],[-64.8600769,32.2977655],[-64.8600405,32.297744300000005],[-64.8599626,32.297743499999996],[-64.8598675,32.29765689999999],[-64.8598939,32.2976409],[-64.859975,32.2977152],[-64.8600318,32.2977161],[-64.8600311,32.297701399999994],[-64.8600981,32.2976679],[-64.8601443,32.2975348],[-64.8602486,32.2973518],[-64.8601829,32.2971998],[-64.8598998,32.29711480000001],[-64.8597175,32.297108],[-64.8595487,32.2971615],[-64.8594224,32.2971375],[-64.8590628,32.2970323],[-64.8591032,32.29673809999999],[-64.8592814,32.296595499999995],[-64.8594634,32.2965426],[-64.8596588,32.2965554],[-64.8597878,32.2966131],[-64.8599224,32.29671090000001],[-64.8600817,32.296658],[-64.8602904,32.2966532],[-64.8610756,32.296682000000004],[-64.8614887,32.2967656],[-64.8616543,32.296958700000005],[-64.8617372,32.29700549999999],[-64.861975,32.29694130000001],[-64.8620233,32.296945799999996],[-64.8620788,32.2968775],[-64.8621039,32.2967835],[-64.8621568,32.29667849999999],[-64.8622617,32.2965709],[-64.8622835,32.2964039],[-64.8622245,32.296203299999995],[-64.8622043,32.2960185],[-64.8622271,32.2957657],[-64.8623036,32.29561489999999],[-64.8624521,32.29516710000001],[-64.86258540000001,32.2949538],[-64.8626422,32.2949089],[-64.86293420000001,32.2949233],[-64.8635282,32.29469430000001],[-64.8635706,32.2945641],[-64.8634753,32.29442279999999],[-64.8631337,32.2941559],[-64.8628698,32.2940944],[-64.8625739,32.2939999],[-64.8623368,32.29397740000001],[-64.8624231,32.29390659999999],[-64.8626886,32.293929299999995],[-64.8633249,32.2941233],[-64.8636968,32.2943851],[-64.8641165,32.2944283],[-64.86433,32.2945266],[-64.8644453,32.29453800000001],[-64.8646867,32.29451530000001],[-64.8647229,32.29445280000001],[-64.8644844,32.29432580000002],[-64.8644712,32.2942382],[-64.8647256,32.29417860000001],[-64.8649493,32.29390540000001],[-64.8653989,32.293717300000004],[-64.8657945,32.29360719999999],[-64.8659205,32.2935018],[-64.8662097,32.2933906],[-64.8664997,32.29345899999999],[-64.8665106,32.293406600000004],[-64.8667145,32.293447400000005],[-64.8668915,32.2934179],[-64.86693,32.29349009999999],[-64.8677791,32.2935187],[-64.8679065,32.29354060000001],[-64.8681393,32.29345310000001],[-64.8681766,32.2932753],[-64.8680096,32.29299619999998],[-64.868002,32.2926884],[-64.8680576,32.292367799999994],[-64.8678465,32.29198300000001],[-64.8680744,32.29128999999999],[-64.8682238,32.2909858],[-64.8682702,32.29070159999999],[-64.8683587,32.290521299999995],[-64.8684351,32.2900815],[-64.8685133,32.290028899999996],[-64.8686114,32.28986769999999],[-64.8685498,32.2898154],[-64.8686845,32.289756999999994],[-64.8689851,32.28923759999999],[-64.8691437,32.2891099],[-64.8693068,32.2889431],[-64.8693258,32.28879560000001],[-64.8696944,32.28835479999999],[-64.8697488,32.28818150000001],[-64.8697298,32.288064500000004],[-64.8699494,32.2877507],[-64.8700901,32.2876523],[-64.8701866,32.28741219999999],[-64.8702671,32.2871054],[-64.8703402,32.2869926],[-64.8704528,32.2869303],[-64.8703831,32.28676980000001],[-64.8703609,32.2866689],[-64.8704582,32.28656350000001],[-64.8704776,32.2864359],[-64.8705199,32.2863401],[-64.8706292,32.28621999999999],[-64.8706942,32.2861213],[-64.8707083,32.2860709],[-64.8706466,32.2858362],[-64.8705205,32.28558219999999],[-64.8703656,32.28532319999999],[-64.8703616,32.2852903],[-64.8704106,32.28523589999999],[-64.8704173,32.2852041],[-64.8703931,32.28512419999999],[-64.8704132,32.28508279999999],[-64.8705065,32.28502099999999],[-64.8706379,32.2849638],[-64.8707002,32.284856],[-64.8706955,32.284772100000005],[-64.8707438,32.284689900000004],[-64.8707277,32.2846537],[-64.8706707,32.284627],[-64.87064860000001,32.28459129999999],[-64.8706432,32.2845312],[-64.8706862,32.2844388],[-64.8707592,32.2843901],[-64.8709115,32.2843827],[-64.871002,32.284223399999995],[-64.8711958,32.2841191],[-64.8713118,32.2839853],[-64.8713974,32.2838481],[-64.8713735,32.2838237],[-64.8712266,32.2837642],[-64.8711517,32.2837524],[-64.871116,32.283809599999984],[-64.871053,32.28378119999999],[-64.8710758,32.283744899999995],[-64.870854,32.28369909999999],[-64.8707458,32.2836508],[-64.8698174,32.283484800000004],[-64.8696583,32.283424399999994],[-64.8695934,32.28332270000001],[-64.8695813,32.28323199999999],[-64.8696457,32.28316740000001],[-64.8697764,32.28313989999999],[-64.8701718,32.28312700000001],[-64.8703256,32.2830823],[-64.8706519,32.2830488],[-64.8706964,32.28302769999999],[-64.87071250000001,32.28298199999999],[-64.8706876,32.2829391],[-64.8704337,32.28286730000001],[-64.8701662,32.2827699],[-64.8698532,32.2826337],[-64.8695782,32.2825711],[-64.869288,32.2824525],[-64.8692316,32.2823449],[-64.86926340000001,32.28217029999999],[-64.8691932,32.28198590000001],[-64.8691041,32.281631499999996],[-64.8691685,32.281354099999994],[-64.8691144,32.28106629999999],[-64.8692653,32.2809018],[-64.8694275,32.2808033],[-64.8700182,32.2807271],[-64.8702951,32.280650200000004],[-64.8704962,32.2806614],[-64.87112200000001,32.28063410000001],[-64.8713944,32.2805479],[-64.8716057,32.280371200000005],[-64.8716441,32.2801582],[-64.8719843,32.2799847],[-64.8723169,32.279864499999995],[-64.8724211,32.2799449],[-64.873033,32.27976970000001],[-64.8734027,32.279463099999994],[-64.8738827,32.2791619],[-64.873968,32.2791796],[-64.8741046,32.2790914],[-64.8740098,32.279019199999986],[-64.8741482,32.2789134],[-64.8742222,32.2789775],[-64.8747229,32.2786584],[-64.8749741,32.2785968],[-64.8756883,32.2785125],[-64.8759159,32.27843719999999],[-64.8761852,32.27841949999999],[-64.8763517,32.2784568],[-64.8764421,32.278562],[-64.8765484,32.2786001],[-64.8767454,32.278649300000005],[-64.87679500000002,32.2786026],[-64.876826,32.278624099999995],[-64.8768605,32.278713599999996],[-64.8768433,32.27882199999999],[-64.8767921,32.2790144],[-64.8767489,32.2790564],[-64.8767967,32.279104600000004],[-64.8766949,32.2791554],[-64.8767053,32.27917899999999],[-64.8766333,32.27921930000001],[-64.8766502,32.27924269999999],[-64.8765254,32.279303999999996],[-64.8765123,32.279282699999996],[-64.876419,32.2793587],[-64.8763928,32.279347],[-64.8763499,32.2793796],[-64.8764545,32.279483799999994],[-64.8763851,32.279538599999995],[-64.87627780000001,32.27944759999999],[-64.8762122,32.279444399999996],[-64.87614240000002,32.2795306],[-64.8761572,32.2795997],[-64.875956,32.2797759],[-64.8755776,32.2801984],[-64.8753707,32.2805783],[-64.8750977,32.28097060000001],[-64.8748724,32.281248299999994],[-64.8746333,32.2814779],[-64.8746471,32.2815182],[-64.8745841,32.2815635],[-64.8745318,32.281556699999996],[-64.8744533,32.28162470000001],[-64.8744815,32.28165760000001],[-64.8744446,32.281679700000005],[-64.8744801,32.2817115],[-64.8744419,32.28173580000001],[-64.874405,32.281700099999995],[-64.8743494,32.281699599999996],[-64.8742578,32.2817301],[-64.8737889,32.28214959999999],[-64.8735675,32.28226709999999],[-64.8734693,32.282644700000006],[-64.87366,32.28274609999999],[-64.8738604,32.282691],[-64.874521,32.28239020000001],[-64.8749291,32.28206809999998],[-64.8752455,32.281861],[-64.8753816,32.2818013],[-64.875568,32.28176799999999],[-64.87591,32.2817534],[-64.8763618,32.2815895],[-64.8767774,32.2813586],[-64.8770757,32.2811631],[-64.877241,32.2811222],[-64.8776087,32.281081699999994],[-64.8777604,32.28096949999999],[-64.8783559,32.28084009999999],[-64.8785528,32.2808406],[-64.8787106,32.2808613],[-64.8788301,32.28091500000001],[-64.8789539,32.281011199999995],[-64.8790381,32.2811765],[-64.8790017,32.28135340000001],[-64.878906,32.28147939999999],[-64.8787084,32.281588],[-64.8786337,32.2816983],[-64.8786197,32.2818033],[-64.87848200000002,32.28196539999999],[-64.8783711,32.2822234],[-64.8782574,32.2824254],[-64.8780254,32.282666400000004],[-64.8774971,32.28315309999999],[-64.8772075,32.283395199999994],[-64.8761156,32.2841599],[-64.8762055,32.28423589999999],[-64.8756119,32.2847931],[-64.8752417,32.2850615],[-64.8750703,32.28522770000001],[-64.8750631,32.28544469999999],[-64.8751514,32.28567009999998],[-64.8752711,32.28577440000001],[-64.8754287,32.28584480000001],[-64.8756951,32.28604860000001],[-64.8757347,32.2862109],[-64.8758984,32.28636169999999],[-64.8758132,32.28647349999999],[-64.8756211,32.28661350000001],[-64.8753517,32.28668410000001],[-64.8750445,32.28684439999999],[-64.87491310000001,32.2868322],[-64.8748543,32.28686830000001],[-64.8745779,32.28695660000001],[-64.8740233,32.2874924],[-64.8739544,32.287647799999995],[-64.873969,32.2877855],[-64.8740452,32.28793100000001],[-64.87404590000001,32.28800799999999],[-64.8739796,32.2880931],[-64.8739667,32.2882618],[-64.873978,32.28840029999999],[-64.8740355,32.288463799999995],[-64.87432,32.2886145],[-64.8745157,32.28886380000001],[-64.87462700000002,32.288837799999996],[-64.8746645,32.288933],[-64.8745968,32.288970299999995],[-64.8746621,32.2891],[-64.8749416,32.28939590000001],[-64.8751778,32.2895064],[-64.8756812,32.289642300000004],[-64.8759816,32.2896366],[-64.8760562,32.289411799999996],[-64.8762469,32.2892727],[-64.8764146,32.28927490000001],[-64.8765368,32.289350999999996],[-64.8766306,32.2892981],[-64.8766775,32.289303200000006],[-64.8767138,32.2893434],[-64.8768103,32.2892221],[-64.876876,32.289229999999996],[-64.8769028,32.2891802],[-64.8768546,32.2891688],[-64.8768624,32.2891468],[-64.8770076,32.289214799999996],[-64.8769261,32.28926619999999],[-64.8768988,32.2892584],[-64.8768197,32.2892958],[-64.8767164,32.289407999999995],[-64.8766816,32.289380799999996],[-64.87663,32.2894298],[-64.8765959,32.2896438],[-64.8764725,32.2898159],[-64.8763173,32.289919600000005],[-64.8761138,32.28995499999999],[-64.875955,32.2900396],[-64.87586,32.29017929999999],[-64.8758411,32.290333299999986],[-64.8759006,32.290522700000004],[-64.8757253,32.290874499999994],[-64.8757446,32.29100309999998],[-64.8755715,32.29115379999999],[-64.875463,32.291379499999984],[-64.8753831,32.291457099999995],[-64.8753337,32.2915543],[-64.8753565,32.2918765],[-64.8754247,32.292109999999994],[-64.8756202,32.29228839999999],[-64.8757378,32.2923471],[-64.875774,32.29250949999999],[-64.8757262,32.2926196],[-64.8756303,32.2926275],[-64.8754491,32.29247049999999],[-64.8752246,32.29247269999999],[-64.875138,32.29245869999998],[-64.87498140000001,32.2924993],[-64.8748461,32.292728399999994],[-64.874811,32.2928917],[-64.8748055,32.2930588],[-64.8748702,32.29338860000001],[-64.8749297,32.29342449999999],[-64.875209,32.29346100000001],[-64.8753566,32.293574299999996],[-64.8754999,32.29358169999999],[-64.87557940000002,32.2934738],[-64.8756659,32.2934403],[-64.8758267,32.29357139999999],[-64.8758836,32.2936564],[-64.8758552,32.2936981],[-64.875893,32.293778399999994],[-64.87577670000002,32.293906199999995],[-64.875994,32.294019899999995],[-64.8759709,32.29409890000001],[-64.8758031,32.2943267],[-64.8755834,32.2943842],[-64.8755531,32.2944908],[-64.8755642,32.294610799999994],[-64.8756307,32.29481530000001],[-64.875749,32.294979],[-64.8758919,32.2950254],[-64.8758931,32.295063999999996],[-64.87580120000001,32.295127],[-64.8757472,32.29524439999999],[-64.8756555,32.2955299],[-64.8757313,32.2956389],[-64.8757028,32.2957154],[-64.8756669,32.29571500000001],[-64.87553560000002,32.2958252],[-64.8754594,32.2960004],[-64.8754412,32.2963202],[-64.8754883,32.2965731],[-64.8755683,32.296875],[-64.8757825,32.2974377],[-64.87594,32.29755469999999],[-64.8760253,32.2978625],[-64.8759798,32.2979715],[-64.8761448,32.29832739999999],[-64.8763381,32.29848220000001],[-64.8764862,32.29874749999999],[-64.87681,32.29925999999999],[-64.8772498,32.2997021],[-64.8772128,32.299755299999994],[-64.8772327,32.29978409999999],[-64.8773845,32.29986750000001],[-64.8773807,32.3000366],[-64.8774191,32.3002079],[-64.87751,32.30034369999999],[-64.8776552,32.3004804],[-64.8776203,32.3006821],[-64.8774835,32.30071389999999],[-64.87742110000002,32.3009114],[-64.8774675,32.3010517],[-64.8778748,32.3016016],[-64.8781068,32.3018507],[-64.8783103,32.301902500000004],[-64.8783848,32.3021626],[-64.8785717,32.302336399999994],[-64.878887,32.302530399999995],[-64.8790779,32.302809],[-64.8789891,32.3029185],[-64.878962,32.3030171],[-64.8791099,32.3032864],[-64.8791071,32.3034655],[-64.8791165,32.3035227],[-64.8791533,32.303583],[-64.8795194,32.3038767],[-64.8798,32.3038668],[-64.8799252,32.3039505],[-64.880081,32.3039981],[-64.8801939,32.30399980000001],[-64.8802606,32.30395670000001],[-64.8802932,32.303870800000006],[-64.8804044,32.3037759],[-64.8805527,32.3038163],[-64.8805922,32.30393999999999],[-64.8806848,32.303984199999995],[-64.8807773,32.304069199999994],[-64.8807786,32.304284599999995],[-64.8809248,32.304339],[-64.8808953,32.3044206],[-64.8807961,32.3045283],[-64.8808474,32.30465710000001],[-64.8810404,32.3047018],[-64.8810858,32.304619],[-64.8811996,32.3045761],[-64.8812852,32.304599800000005],[-64.8814251,32.3046858],[-64.8815132,32.30467689999998],[-64.8815144,32.3047729],[-64.881366,32.3048622],[-64.8812299,32.3048859],[-64.8811133,32.304857],[-64.8810516,32.3048702],[-64.8808136,32.305155899999995],[-64.8807035,32.305259400000004],[-64.8806774,32.30528209999999],[-64.8805339,32.3053308],[-64.880503,32.305443],[-64.8804722,32.3054702],[-64.8803037,32.305537099999995],[-64.8801975,32.3056333],[-64.8801823,32.30583359999999],[-64.880041,32.30590419999999],[-64.8799073,32.3058801],[-64.8799095,32.3057037],[-64.8798182,32.3056365],[-64.8797139,32.3056092],[-64.8796342,32.305628500000005],[-64.8795972,32.305692799999996],[-64.8795469,32.305708700000004],[-64.8794826,32.3056716],[-64.8793632,32.30551390000001],[-64.8791663,32.3053505],[-64.8790785,32.3052001],[-64.8789731,32.30508030000001],[-64.8784923,32.3049344]],[[-64.8721754,32.303654],[-64.8723687,32.3035802],[-64.8723985,32.3035229],[-64.8724696,32.30349360000001],[-64.8725314,32.30340270000001],[-64.8724895,32.3032994],[-64.872413,32.30328180000001],[-64.8723868,32.3032203],[-64.8724411,32.303154500000005],[-64.8724445,32.30306000000001],[-64.872381,32.30304600000001],[-64.8723078,32.303052199999996],[-64.8721693,32.303007],[-64.8721514,32.303069599999986],[-64.8722172,32.303185500000005],[-64.8720863,32.303299700000004],[-64.8720288,32.3032743],[-64.8719816,32.303312],[-64.8719164,32.3033],[-64.8718164,32.303222899999994],[-64.8718611,32.3030344],[-64.8718551,32.302968],[-64.8717505,32.3030133],[-64.8716648,32.3030799],[-64.87166370000001,32.3031648],[-64.8717061,32.303226800000004],[-64.8717863,32.3032752],[-64.8718891,32.3033673],[-64.8718882,32.303407699999994],[-64.8720365,32.303415699999995],[-64.8720956,32.30336429999999],[-64.8722326,32.3033936],[-64.8722766,32.3034271],[-64.8723184,32.30349489999999],[-64.872292,32.303536099999995],[-64.8722103,32.303574],[-64.8720916,32.30345749999999],[-64.8721228,32.303621199999995],[-64.8720617,32.3036568],[-64.8719674,32.3036449],[-64.8718957,32.303560999999995],[-64.8718064,32.3036221],[-64.8718512,32.30372169999999],[-64.8719953,32.30376900000001],[-64.8720826,32.3037469],[-64.8721558,32.3037041],[-64.8721754,32.303654]],[[-64.8704866,32.304639299999984],[-64.8705937,32.3045729],[-64.8705908,32.3044605],[-64.8705438,32.3044481],[-64.8706117,32.3043843],[-64.8706809,32.304374400000015],[-64.87070930000002,32.304236499999995],[-64.8706845,32.30411399999999],[-64.8705744,32.3039847],[-64.8704588,32.3037952],[-64.8703661,32.303833700000006],[-64.8702889,32.3038977],[-64.8702545,32.3039472],[-64.8702232,32.3040998],[-64.8701911,32.30415599999999],[-64.8701019,32.304181],[-64.8700608,32.3042088],[-64.8700863,32.30432269999999],[-64.8700524,32.304385599999996],[-64.8700778,32.3044191],[-64.870075,32.304557700000004],[-64.8701606,32.304640899999995],[-64.8702961,32.304682500000006],[-64.8704633,32.3044666],[-64.870546,32.304500600000004],[-64.8704866,32.304639299999984]]]}},{"type":"Feature","properties":{"area_m2":42.91,"protected":true,"render":true},"geometry":{"type":"Polygon","coordinates":[[[-64.8583197,32.304513699999994],[-64.8583572,32.3045437],[-64.8583608,32.30458049999999],[-64.8583375,32.30459460000001],[-64.8583212,32.304592500000005],[-64.8583035,32.304561199999995],[-64.8582792,32.30456159999999],[-64.8582797,32.30453549999999],[-64.8583197,32.304513699999994]]]}},{"type":"Feature","properties":{"area_m2":35.39,"protected":true,"render":true},"geometry":{"type":"Polygon","coordinates":[[[-64.8608525,32.3051869],[-64.8609035,32.3051869],[-64.8609182,32.3052163],[-64.8608592,32.30525149999998],[-64.8608378,32.30522879999999],[-64.8608525,32.3051869]]]}},{"type":"Feature","properties":{"area_m2":150.47,"protected":true,"render":true},"geometry":{"type":"Polygon","coordinates":[[[-64.8602892,32.30537389999999],[-64.86026510000002,32.305354599999994],[-64.8602678,32.305301299999996],[-64.8603053,32.3052696],[-64.8602933,32.3052129],[-64.8603402,32.305194799999995],[-64.8603925,32.30524129999999],[-64.8603885,32.3052911],[-64.86035230000002,32.30534560000001],[-64.8602892,32.30537389999999]]]}},{"type":"Feature","properties":{"area_m2":75.1,"protected":true,"render":true},"geometry":{"type":"Polygon","coordinates":[[[-64.8607573,32.3053172],[-64.8606487,32.305337599999994],[-64.8606165,32.3053297],[-64.8606084,32.30528999999999],[-64.8606339,32.3052639],[-64.8606835,32.3052843],[-64.8607613,32.305285500000004],[-64.8607573,32.3053172]]]}},{"type":"Feature","properties":{"area_m2":6773.46,"protected":true,"render":true},"geometry":{"type":"Polygon","coordinates":[[[-64.8828143,32.305986299999994],[-64.8825595,32.3059976],[-64.8821689,32.305912199999995],[-64.882015,32.30585249999999],[-64.8819587,32.30556240000001],[-64.8820747,32.3054143],[-64.8823262,32.305322000000004],[-64.8828117,32.305342499999995],[-64.8829431,32.305464900000004],[-64.8831523,32.3055329],[-64.8832033,32.3056508],[-64.8833001,32.305720099999995],[-64.8832055,32.30581060000001],[-64.88299400000001,32.3058435],[-64.8828143,32.305986299999994]]]}},{"type":"Feature","properties":{"area_m2":1454.81,"protected":true,"render":true},"geometry":{"type":"Polygon","coordinates":[[[-64.8581926,32.30614549999999],[-64.8581302,32.3062268],[-64.8580266,32.306223],[-64.857936,32.306291699999996],[-64.8578344,32.30630310000001],[-64.8576625,32.30615669999999],[-64.8576035,32.306067299999995],[-64.8575939,32.305989100000005],[-64.8577138,32.30590269999999],[-64.8578845,32.3059319],[-64.858052,32.3060754],[-64.8581926,32.30614549999999]]]}},{"type":"Feature","properties":{"area_m2":170872.51,"protected":true,"render":true},"geometry":{"type":"Polygon","coordinates":[[[-64.8553424,32.308164],[-64.8548886,32.30854089999999],[-64.8548886,32.3085726],[-64.8549114,32.30859529999999],[-64.8548672,32.30863719999999],[-64.8548403,32.3086157],[-64.854798,32.30862340000001],[-64.8546353,32.3088294],[-64.8546836,32.30891559999999],[-64.8546192,32.3091309],[-64.8545575,32.3091808],[-64.8544663,32.309183100000006],[-64.8544375,32.309374999999996],[-64.8540559,32.309500400000005],[-64.8540586,32.3095775],[-64.8539889,32.309613799999994],[-64.8539218,32.30956160000001],[-64.853718,32.3096455],[-64.8536858,32.3097453],[-64.8532325,32.309924300000006],[-64.8530342,32.31003590000001],[-64.8531091,32.310196399999995],[-64.853135,32.31036060000001],[-64.8529804,32.31046839999999],[-64.8528731,32.3104004],[-64.8528374,32.3103156],[-64.8525888,32.310379999999995],[-64.8525351,32.3105387],[-64.8525029,32.31072459999999],[-64.851827,32.31093309999999],[-64.8516299,32.3110701],[-64.851532,32.3112505],[-64.8515454,32.31141370000001],[-64.8514569,32.311517999999985],[-64.8512487,32.3115635],[-64.8511263,32.311698],[-64.8513434,32.3120898],[-64.8515186,32.3121595],[-64.8515731,32.312275099999994],[-64.8513664,32.3122927],[-64.8512852,32.3124293],[-64.8512101,32.31251089999999],[-64.8512531,32.312634399999986],[-64.8511484,32.312689899999995],[-64.8509373,32.3126496],[-64.8508346,32.3126469],[-64.850789,32.3126854],[-64.8506764,32.31266730000001],[-64.8506199,32.31258350000001],[-64.8506737,32.312472299999996],[-64.8507949,32.3123939],[-64.85095130000002,32.3123319],[-64.8509365,32.3121691],[-64.8507702,32.312139099999996],[-64.8505919,32.3121769],[-64.8505004,32.3120356],[-64.850355,32.312094],[-64.8503369,32.31206480000001],[-64.850474,32.31199860000001],[-64.8505468,32.311881599999985],[-64.8506037,32.3117502],[-64.8506039,32.311547399999995],[-64.8504197,32.311197199999995],[-64.8501939,32.3109742],[-64.8501129,32.31059699999999],[-64.8500269,32.3105724],[-64.8500365,32.310526700000004],[-64.8501451,32.3105358],[-64.850176,32.31047910000001],[-64.8500793,32.3104484],[-64.8501049,32.3104202],[-64.8502138,32.3103992],[-64.8501699,32.3102808],[-64.8500915,32.310266],[-64.8501015,32.310208200000005],[-64.8501787,32.310220699999995],[-64.8502424,32.3101406],[-64.8504511,32.3100316],[-64.850757,32.310013600000005],[-64.8512345,32.30985489999998],[-64.8514126,32.309767599999994],[-64.8514644,32.3095065],[-64.8508686,32.30925059999999],[-64.8507689,32.3093497],[-64.8507161,32.309450399999996],[-64.8505606,32.30939639999999],[-64.8505669,32.30937779999999],[-64.8506551,32.309367300000005],[-64.8507487,32.3091096],[-64.8506671,32.308755600000005],[-64.8513031,32.3083627],[-64.8517911,32.308087199999996],[-64.8519449,32.307939],[-64.8518671,32.3079016],[-64.8519181,32.307803],[-64.8518784,32.3077792],[-64.8521582,32.3074189],[-64.8524009,32.3071399],[-64.8524424,32.307125199999994],[-64.8527493,32.306815],[-64.853278,32.306669499999984],[-64.8539737,32.3066067],[-64.8541628,32.306614800000006],[-64.8542042,32.3065916],[-64.854227,32.3066067],[-64.8542265,32.306631499999995],[-64.8544825,32.3067131],[-64.8545017,32.306693100000004],[-64.85453340000001,32.3066923],[-64.8545451,32.306735199999984],[-64.8545148,32.3067463],[-64.8546099,32.30695720000001],[-64.8546421,32.306953799999995],[-64.8546663,32.30697210000001],[-64.8546605,32.307001199999995],[-64.8546283,32.30701530000001],[-64.8546409,32.3071966],[-64.854686,32.307204999999996],[-64.8546966,32.3072275],[-64.8546715,32.307262],[-64.8546366,32.3072577],[-64.8544954,32.30764549999999],[-64.8543871,32.3078905],[-64.8545871,32.308000699999994],[-64.8546069,32.3079741],[-64.8547224,32.30802249999999],[-64.85470500000001,32.30805349999999],[-64.8549184,32.30812199999999],[-64.8550375,32.308082999999996],[-64.8552492,32.3078861],[-64.8553647,32.3077338],[-64.8555048,32.30749809999999],[-64.8554412,32.3074516],[-64.8552943,32.3070485],[-64.8553147,32.3068596],[-64.8551601,32.3063901],[-64.8553337,32.3063789],[-64.8554784,32.30644360000001],[-64.8555645,32.306461999999996],[-64.8558581,32.3063587],[-64.8559271,32.30620940000001],[-64.8558145,32.30592709999999],[-64.8558185,32.3057946],[-64.8562129,32.30554769999999],[-64.856386,32.3053882],[-64.856528,32.305397799999994],[-64.8568541,32.30530319999999],[-64.8569601,32.305187600000004],[-64.857249,32.3051574],[-64.8573335,32.305216300000005],[-64.8572436,32.3052775],[-64.8572235,32.30531500000001],[-64.8572288,32.305375],[-64.8572946,32.305473600000006],[-64.8573361,32.3054396],[-64.857312,32.3054034],[-64.8573039,32.30530590000001],[-64.8573757,32.30525549999999],[-64.8574411,32.3053563],[-64.857503,32.305331899999985],[-64.8575459,32.3053873],[-64.857312,32.3055371],[-64.8574197,32.30563510000001],[-64.8573009,32.305745599999995],[-64.8570375,32.3062281],[-64.8569578,32.3065119],[-64.8569349,32.3067726],[-64.8567516,32.3069274],[-64.8565448,32.30701270000001],[-64.8563626,32.306981799999996],[-64.856078,32.3070077],[-64.8559147,32.30719950000001],[-64.8561021,32.307503],[-64.8558691,32.3074783],[-64.8556915,32.307495800000005],[-64.8556274,32.307729],[-64.8555151,32.3078886],[-64.8555419,32.3079816],[-64.8556358,32.3080768],[-64.8556411,32.3081675],[-64.8555499,32.3082151],[-64.855448,32.3082173],[-64.8553424,32.308164]]]}},{"type":"Feature","properties":{"area_m2":105.33,"protected":true,"render":true},"geometry":{"type":"Polygon","coordinates":[[[-64.8634595,32.30948910000001],[-64.8634785,32.309543999999995],[-64.8633893,32.3096123],[-64.8633546,32.30959519999999],[-64.8633503,32.309518499999996],[-64.8634595,32.30948910000001]]]}},{"type":"Feature","properties":{"area_m2":6224.23,"protected":true,"render":true},"geometry":{"type":"Polygon","coordinates":[[[-64.8641474,32.31130249999999],[-64.8640267,32.3113773],[-64.8638127,32.311421499999994],[-64.8636417,32.3114384],[-64.8636248,32.31153609999999],[-64.8635133,32.311568099999995],[-64.8634584,32.3115608],[-64.863401,32.311512799999996],[-64.8633363,32.3114893],[-64.8633189,32.3114581],[-64.8633258,32.3114189],[-64.8635251,32.31106449999999],[-64.8635462,32.3109137],[-64.863651,32.310708],[-64.8637496,32.31065199999999],[-64.8638697,32.310527],[-64.8639652,32.3105153],[-64.8641393,32.31056219999999],[-64.8642656,32.3106221],[-64.8643303,32.310708],[-64.8641232,32.310973799999985],[-64.8641232,32.311032700000005],[-64.8641983,32.3111257],[-64.8642037,32.3112186],[-64.8641474,32.31130249999999]]]}},{"type":"Feature","properties":{"area_m2":455.27,"protected":true,"render":true},"geometry":{"type":"Polygon","coordinates":[[[-64.8466489,32.311788199999995],[-64.8465765,32.3117338],[-64.846606,32.3116772],[-64.8466918,32.311627300000005],[-64.8468366,32.311645399999996],[-64.846909,32.3116908],[-64.8469117,32.3117452],[-64.846842,32.3118041],[-64.8466489,32.311788199999995]]]}},{"type":"Feature","properties":{"area_m2":945.59,"protected":true,"render":true},"geometry":{"type":"Polygon","coordinates":[[[-64.8521258,32.31168099999999],[-64.8520984,32.31170869999999],[-64.8520823,32.3117671],[-64.8521252,32.3118792],[-64.8520542,32.31201349999999],[-64.8519834,32.3120683],[-64.8519004,32.3120982],[-64.8518654,32.3120149],[-64.8518558,32.3118427],[-64.8518765,32.31171340000001],[-64.8520299,32.311627900000005],[-64.8521258,32.31168099999999]]]}},{"type":"Feature","properties":{"area_m2":3279.56,"protected":true,"render":true},"geometry":{"type":"Polygon","coordinates":[[[-64.8627607,32.3122931],[-64.8624817,32.31231129999999],[-64.8622752,32.31227499999999],[-64.8622457,32.31218879999999],[-64.86225910000002,32.31209819999999],[-64.8622913,32.3120256],[-64.8623798,32.31192359999999],[-64.8625112,32.31184199999999],[-64.8626266,32.3117944],[-64.8627258,32.3118171],[-64.8628412,32.31186699999999],[-64.8629994,32.3118443],[-64.8631577,32.3118919],[-64.86323280000002,32.3119599],[-64.8632193,32.312009800000006],[-64.8631389,32.3120438],[-64.8628653,32.3120823],[-64.8628412,32.3121254],[-64.8628331,32.31220020000001],[-64.8627607,32.3122931]]]}},{"type":"Feature","properties":{"area_m2":962.97,"protected":true,"render":true},"geometry":{"type":"Polygon","coordinates":[[[-64.8452703,32.3122957],[-64.845136,32.31227299999999],[-64.8449995,32.31219359999999],[-64.8449659,32.3121255],[-64.8448697,32.31205549999999],[-64.8447622,32.311941999999995],[-64.8448473,32.3118721],[-64.8449816,32.3119156],[-64.84530160000001,32.312222000000006],[-64.8452703,32.3122957]]]}},{"type":"Feature","properties":{"area_m2":495.58,"protected":true,"render":true},"geometry":{"type":"Polygon","coordinates":[[[-64.8429384,32.31215259999999],[-64.8430398,32.3120285],[-64.8431727,32.31202259999999],[-64.8432146,32.3121112],[-64.8431377,32.3122324],[-64.8429908,32.3122708],[-64.8429419,32.31222060000001],[-64.8429384,32.31215259999999]]]}},{"type":"Feature","properties":{"area_m2":2272.8,"protected":true,"render":true},"geometry":{"type":"Polygon","coordinates":[[[-64.8456198,32.3122681],[-64.845847,32.312192800000005],[-64.8460704,32.31218239999999],[-64.8462213,32.312337],[-64.8463029,32.3123844],[-64.8463289,32.31245280000001],[-64.8463672,32.3124864],[-64.8463583,32.312507200000006],[-64.8461717,32.3125509],[-64.8460411,32.312602],[-64.8457579,32.3125488],[-64.8456372,32.312417399999994],[-64.845576,32.31232430000001],[-64.8456198,32.3122681]]]}},{"type":"Feature","properties":{"area_m2":5219.49,"protected":true,"render":true},"geometry":{"type":"Polygon","coordinates":[[[-64.84332650000002,32.3123535],[-64.8436517,32.3120698],[-64.843865,32.3120078],[-64.843956,32.31218799999999],[-64.8438755,32.31229150000001],[-64.8437916,32.31248359999999],[-64.8435468,32.3126195],[-64.8433335,32.312560399999995],[-64.8430538,32.3126579],[-64.842858,32.312767300000004],[-64.8426691,32.3127939],[-64.8424698,32.31272],[-64.8424454,32.3125959],[-64.8425328,32.3124304],[-64.8427216,32.31238609999999],[-64.8430573,32.312386100000005],[-64.84332650000002,32.3123535]]]}},{"type":"Feature","properties":{"area_m2":1621.51,"protected":true,"render":true},"geometry":{"type":"Polygon","coordinates":[[[-64.8616827,32.3124842],[-64.8616827,32.3126655],[-64.8615861,32.312765299999995],[-64.8614198,32.3127245],[-64.8612964,32.3125431],[-64.8614037,32.31233],[-64.861747,32.31228019999999],[-64.8618329,32.3123527],[-64.8616827,32.3124842]]]}},{"type":"Feature","properties":{"area_m2":287.18,"protected":true,"render":true},"geometry":{"type":"Polygon","coordinates":[[[-64.8506981,32.31303429999999],[-64.8506788,32.313086],[-64.8506351,32.3131111],[-64.850525,32.3130771],[-64.85045860000001,32.3130343],[-64.8505023,32.312953],[-64.850546,32.3129427],[-64.8506229,32.31295300000001],[-64.8506718,32.31298110000001],[-64.8506981,32.31303429999999]]]}},{"type":"Feature","properties":{"area_m2":324847.59,"protected":true,"render":true},"geometry":{"type":"Polygon","coordinates":[[[-64.8409591,32.320288999999995],[-64.8406741,32.3200038],[-64.8404521,32.319853099999996],[-64.8404451,32.3197615],[-64.8407371,32.3197172],[-64.8409728,32.3195759],[-64.8409853,32.3195503],[-64.8412056,32.3193774],[-64.8413699,32.31931389999998],[-64.841529,32.3193361],[-64.8416112,32.3192903],[-64.8416409,32.3192075],[-64.8416339,32.3191219],[-64.84155,32.3190672],[-64.8415204,32.3189583],[-64.8413608,32.3190025],[-64.8412842,32.318851499999994],[-64.8412213,32.31870970000001],[-64.841258,32.31857080000001],[-64.841307,32.3185058],[-64.8413909,32.31846440000001],[-64.8418037,32.3183588],[-64.8418523,32.3182925],[-64.8419079,32.3181901],[-64.8419957,32.317856899999995],[-64.841861,32.317605099999994],[-64.8419005,32.31748809999999],[-64.84194250000002,32.3174328],[-64.8422287,32.31722330000001],[-64.8423542,32.3170542],[-64.8423821,32.3169597],[-64.842335,32.3168259],[-64.8423745,32.3166921],[-64.8424883,32.3165438],[-64.8426539,32.31617609999999],[-64.84250310000002,32.31560360000001],[-64.8425155,32.3154782],[-64.8424561,32.3152944],[-64.8424685,32.3152212],[-64.8425476,32.315085399999994],[-64.842836,32.314812599999996],[-64.8428535,32.3146856],[-64.8428273,32.314557],[-64.8427224,32.31444330000001],[-64.8426175,32.3143384],[-64.84243920000002,32.314232],[-64.8422993,32.3141256],[-64.8422769,32.3140721],[-64.8419374,32.31379029999999],[-64.841892,32.3137179],[-64.8419357,32.31360260000001],[-64.8418815,32.31344310000001],[-64.8418693,32.313314500000004],[-64.8419095,32.31327459999999],[-64.8417923,32.31322589999999],[-64.8417049,32.3131003],[-64.8416822,32.313010199999994],[-64.8418221,32.3127753],[-64.8420109,32.312533],[-64.8421297,32.31249009999999],[-64.8422241,32.3125064],[-64.842308,32.312595],[-64.8424322,32.312894899999996],[-64.8424969,32.31296879999999],[-64.84258950000002,32.31302350000001],[-64.8427136,32.31303969999999],[-64.8428482,32.313022],[-64.8429391,32.312989499999986],[-64.8437975,32.312939300000004],[-64.8441705,32.3128975],[-64.84445370000002,32.31292559999999],[-64.844646,32.31301280000002],[-64.8447369,32.31302310000001],[-64.844875,32.313006900000005],[-64.8449152,32.3129773],[-64.8449485,32.31292559999999],[-64.8449624,32.312841399999996],[-64.8450219,32.3127527],[-64.8451338,32.3126951],[-64.8452726,32.3127643],[-64.8452784,32.3128048],[-64.8452559,32.31280459999999],[-64.8452536,32.31279219999999],[-64.8451126,32.3128177],[-64.8451346,32.3129989],[-64.8453733,32.312986200000005],[-64.84547640000001,32.31294779999999],[-64.8457404,32.312898999999994],[-64.8462106,32.312903399999996],[-64.8463243,32.31289309999999],[-64.8464204,32.312801500000006],[-64.8464622,32.312661500000004],[-64.846433,32.31253519999999],[-64.8464544,32.312506800000016],[-64.8464922,32.3124847],[-64.8470767,32.3124352],[-64.8472003,32.312395499999994],[-64.8473437,32.3122409],[-64.8474302,32.3121071],[-64.8476329,32.3120277],[-64.847841,32.31207999999999],[-64.8481902,32.312232],[-64.8483718,32.31226959999999],[-64.8486709,32.3122737],[-64.849158,32.3123301],[-64.8493458,32.312365199999995],[-64.8495188,32.3124615],[-64.849598,32.3124139],[-64.8496342,32.312455799999995],[-64.8494142,32.31256919999999],[-64.8494531,32.312581599999994],[-64.8495421,32.31255029999999],[-64.8496588,32.3127528],[-64.8496413,32.3128415],[-64.8491588,32.313275799999985],[-64.8486868,32.313586099999995],[-64.8479002,32.31422140000001],[-64.8477358,32.314304099999994],[-64.8476414,32.314410499999994],[-64.8475121,32.314708999999986],[-64.8473932,32.314839],[-64.8471967,32.3148383],[-64.847173,32.3149217],[-64.8474911,32.3151167],[-64.8474247,32.315166999999995],[-64.8472988,32.315160999999996],[-64.8472324,32.31523489999999],[-64.8471694,32.31541219999999],[-64.8471897,32.315615099999995],[-64.8472738,32.3156532],[-64.8472673,32.3157875],[-64.8471869,32.31583179999999],[-64.8471205,32.3159175],[-64.8471415,32.3160563],[-64.8470715,32.31612729999999],[-64.84696490000002,32.31606759999999],[-64.8469533,32.316017],[-64.8468085,32.31603400000001],[-64.8466566,32.31609170000001],[-64.8466904,32.316156799999995],[-64.8465995,32.316242499999994],[-64.8465471,32.316322299999996],[-64.8464177,32.3164464],[-64.8463128,32.3164996],[-64.8462079,32.3165853],[-64.8461555,32.31680690000001],[-64.8460296,32.316827499999995],[-64.8459212,32.3168866],[-64.8458024,32.3169635],[-64.8455506,32.3171673],[-64.8454772,32.317276699999994],[-64.8454531,32.317437700000006],[-64.8455516,32.317523699999995],[-64.8453338,32.31760169999999],[-64.845166,32.31769920000001],[-64.8450402,32.31781740000001],[-64.8449423,32.3180124],[-64.8449527,32.318160099999986],[-64.8448863,32.31844970000001],[-64.8447884,32.31856199999999],[-64.8446276,32.318703799999994],[-64.8445681,32.31885150000001],[-64.8444717,32.3189618],[-64.8443799,32.31902210000001],[-64.8440391,32.31917],[-64.84387140000001,32.31921200000001],[-64.8436368,32.3192392],[-64.8435201,32.319277699999994],[-64.843445,32.319363800000005],[-64.8434275,32.3194318],[-64.843445,32.319500999999995],[-64.8434329,32.319534999999995],[-64.843386,32.3195508],[-64.8432854,32.31952359999998],[-64.843221,32.3195214],[-64.8431452,32.319538400000006],[-64.8430265,32.3195979],[-64.8429072,32.3197265],[-64.8427865,32.3199373],[-64.8427369,32.3199872],[-64.8426041,32.3200359],[-64.8424083,32.320051799999995],[-64.8423065,32.32003590000001],[-64.8422896,32.3200533],[-64.8423412,32.3201158],[-64.8423399,32.3201396],[-64.8422071,32.320141899999996],[-64.8421977,32.32015289999999],[-64.8422011,32.320171900000005],[-64.8422863,32.3202495],[-64.8422782,32.3202824],[-64.8422454,32.32031069999999],[-64.8422011,32.3203102],[-64.8420542,32.32025180000001],[-64.8419577,32.3202614],[-64.8419175,32.3202971],[-64.8419067,32.3204337],[-64.8416244,32.320398600000004],[-64.8413419,32.3204012],[-64.8411496,32.32037460000001],[-64.8409591,32.320288999999995]],[[-64.8454034,32.31480620000001],[-64.8455888,32.314866699999996],[-64.8457891,32.3148814],[-64.8459745,32.314885499999995],[-64.8461154,32.3148417],[-64.8462094,32.31476229999999],[-64.8462143,32.3146766],[-64.8461575,32.31446770000001],[-64.8459078,32.314288],[-64.8456408,32.3140498],[-64.8453218,32.3137301],[-64.8451859,32.31355039999999],[-64.84510430000002,32.3133749],[-64.8449164,32.313287199999984],[-64.8442859,32.313291299999996],[-64.8442241,32.313339400000004],[-64.8442365,32.31341669999999],[-64.8442884,32.313539999999996],[-64.844281,32.3138012],[-64.8443725,32.313880600000005],[-64.84490900000002,32.3141668],[-64.84504,32.31427959999999],[-64.8453268,32.314756],[-64.8454034,32.31480620000001]]]}},{"type":"Feature","properties":{"area_m2":1615.3,"protected":true,"render":true},"geometry":{"type":"Polygon","coordinates":[[[-64.84155,32.3181911],[-64.841314,32.31818520000001],[-64.8411794,32.3180345],[-64.8413315,32.317855800000004],[-64.8414556,32.3177922],[-64.8416094,32.31780109999999],[-64.8416828,32.3178838],[-64.8417021,32.31807],[-64.8416584,32.3181335],[-64.84155,32.3181911]]]}},{"type":"Feature","properties":{"area_m2":490.64,"protected":false,"render":false},"geometry":{"type":"Polygon","coordinates":[[[-64.8293674,32.24325519999999],[-64.8293889,32.243354999999994],[-64.8292655,32.243482],[-64.8291045,32.243445699999995],[-64.8290885,32.2434003],[-64.8291957,32.243259699999996],[-64.8293674,32.24325519999999]]]}},{"type":"Feature","properties":{"area_m2":331.43,"protected":false,"render":false},"geometry":{"type":"Polygon","coordinates":[[[-64.8283106,32.24395839999999],[-64.8284447,32.24399919999999],[-64.8284608,32.24408549999999],[-64.8283535,32.244158],[-64.8282409,32.2441263],[-64.8282301,32.24405370000001],[-64.8283106,32.24395839999999]]]}},{"type":"Feature","properties":{"area_m2":257.57,"protected":false,"render":false},"geometry":{"type":"Polygon","coordinates":[[[-64.8275757,32.24449829999998],[-64.8274416,32.24459360000001],[-64.8273611,32.244552799999994],[-64.8273611,32.244439299999996],[-64.8274952,32.2444212],[-64.8275757,32.24449829999998]]]}},{"type":"Feature","properties":{"area_m2":143.07,"protected":false,"render":false},"geometry":{"type":"Polygon","coordinates":[[[-64.8359495,32.246077199999995],[-64.8359817,32.24594569999999],[-64.8360944,32.2460364],[-64.8360246,32.2461226],[-64.8359495,32.246077199999995]]]}},{"type":"Feature","properties":{"area_m2":68.76,"protected":false,"render":false},"geometry":{"type":"Polygon","coordinates":[[[-64.8373416,32.246689700000005],[-64.8373845,32.2467396],[-64.8373175,32.2467827],[-64.8372424,32.2467419],[-64.8373416,32.246689700000005]]]}},{"type":"Feature","properties":{"area_m2":77.01,"protected":false,"render":false},"geometry":{"type":"Polygon","coordinates":[[[-64.8375964,32.246789499999984],[-64.8376983,32.2468531],[-64.8376232,32.246912],[-64.837575,32.2468395],[-64.8375964,32.246789499999984]]]}},{"type":"Feature","properties":{"area_m2":114.46,"protected":false,"render":false},"geometry":{"type":"Polygon","coordinates":[[[-64.8367971,32.2469756],[-64.8366952,32.2470073],[-64.8366845,32.2469529],[-64.8367247,32.2468757],[-64.8368186,32.2469166],[-64.8367971,32.2469756]]]}},{"type":"Feature","properties":{"area_m2":200.88,"protected":false,"render":false},"geometry":{"type":"Polygon","coordinates":[[[-64.8369554,32.24687569999999],[-64.8370466,32.24689839999999],[-64.8369446,32.247073099999994],[-64.8369044,32.24705500000001],[-64.8368642,32.24695969999999],[-64.8369554,32.24687569999999]]]}},{"type":"Feature","properties":{"area_m2":508.03,"protected":true,"render":true},"geometry":{"type":"Polygon","coordinates":[[[-64.8361909,32.24715479999999],[-64.8359683,32.2472432],[-64.8359254,32.2472115],[-64.8360837,32.247027700000004],[-64.8361346,32.246946099999995],[-64.8362178,32.2469438],[-64.8362687,32.2470595],[-64.8361909,32.24715479999999]]]}},{"type":"Feature","properties":{"area_m2":108.26,"protected":false,"render":false},"geometry":{"type":"Polygon","coordinates":[[[-64.8375696,32.247089],[-64.8376152,32.2471865],[-64.8374999,32.24721829999999],[-64.8374757,32.247147999999996],[-64.8375696,32.247089]]]}},{"type":"Feature","properties":{"area_m2":93.91,"protected":false,"render":false},"geometry":{"type":"Polygon","coordinates":[[[-64.8347345,32.24714569999999],[-64.8347908,32.2472183],[-64.8347372,32.24727269999999],[-64.8346487,32.247191099999995],[-64.8347345,32.24714569999999]]]}},{"type":"Feature","properties":{"area_m2":451.89,"protected":true,"render":true},"geometry":{"type":"Polygon","coordinates":[[[-64.8366684,32.24726139999999],[-64.8367488,32.247175199999994],[-64.8369634,32.247157],[-64.8370332,32.24720690000001],[-64.8369849,32.2473204],[-64.83681320000001,32.2473158],[-64.8366684,32.24726139999999]]]}},{"type":"Feature","properties":{"area_m2":39.92,"protected":false,"render":false},"geometry":{"type":"Polygon","coordinates":[[[-64.838554,32.2473226],[-64.8385862,32.247275],[-64.8386452,32.2473022],[-64.8385754,32.2473612],[-64.838554,32.2473226]]]}},{"type":"Feature","properties":{"area_m2":75.51,"protected":false,"render":false},"geometry":{"type":"Polygon","coordinates":[[[-64.8343858,32.2473136],[-64.8344448,32.2472591],[-64.8345011,32.24733400000001],[-64.8344287,32.2473816],[-64.8343858,32.2473136]]]}},{"type":"Feature","properties":{"area_m2":57.07,"protected":false,"render":false},"geometry":{"type":"Polygon","coordinates":[[[-64.8391092,32.247308999999994],[-64.8391199,32.247365699999996],[-64.8390502,32.2474043],[-64.8390207,32.2473408],[-64.8391092,32.247308999999994]]]}},{"type":"Feature","properties":{"area_m2":262.72,"protected":false,"render":false},"geometry":{"type":"Polygon","coordinates":[[[-64.8329937,32.2475812],[-64.8330528,32.2474814],[-64.8332083,32.2474724],[-64.8331976,32.2475518],[-64.8331252,32.24756080000001],[-64.8331091,32.247647],[-64.8330206,32.247671999999994],[-64.8329937,32.2475812]]]}},{"type":"Feature","properties":{"area_m2":87.21,"protected":false,"render":false},"geometry":{"type":"Polygon","coordinates":[[[-64.8326504,32.2476243],[-64.8327202,32.24753359999999],[-64.8327684,32.2475926],[-64.8327148,32.2476765],[-64.8326504,32.2476243]]]}},{"type":"Feature","properties":{"area_m2":15.41,"protected":false,"render":false},"geometry":{"type":"Polygon","coordinates":[[[-64.8401257,32.2477037],[-64.8401552,32.24767880000001],[-64.8401821,32.2477015],[-64.8401579,32.247731],[-64.8401257,32.2477037]]]}},{"type":"Feature","properties":{"area_m2":48.3,"protected":false,"render":false},"geometry":{"type":"Polygon","coordinates":[[[-64.8397905,32.2477105],[-64.83977970000001,32.2476697],[-64.8398897,32.2476811],[-64.8398414,32.247744600000004],[-64.8397905,32.2477105]]]}},{"type":"Feature","properties":{"area_m2":92.91,"protected":false,"render":false},"geometry":{"type":"Polygon","coordinates":[[[-64.8306602,32.24766520000001],[-64.8307782,32.2477105],[-64.8307085,32.2477786],[-64.8306388,32.247751400000006],[-64.8306602,32.24766520000001]]]}},{"type":"Feature","properties":{"area_m2":111.08,"protected":false,"render":false},"geometry":{"type":"Polygon","coordinates":[[[-64.8345092,32.247821699999996],[-64.834469,32.2477741],[-64.8344716,32.2477219],[-64.83457890000001,32.2476969],[-64.834595,32.2477741],[-64.8345092,32.247821699999996]]]}},{"type":"Feature","properties":{"area_m2":96.27,"protected":false,"render":false},"geometry":{"type":"Polygon","coordinates":[[[-64.8343778,32.2477514],[-64.8343349,32.2478399],[-64.8342705,32.2477831],[-64.8342893,32.2477242],[-64.8343241,32.24768329999999],[-64.8343778,32.2477514]]]}},{"type":"Feature","properties":{"area_m2":45.9,"protected":false,"render":false},"geometry":{"type":"Polygon","coordinates":[[[-64.8395276,32.24779449999999],[-64.8395786,32.24773999999999],[-64.8396215,32.2477967],[-64.8395544,32.24783300000001],[-64.8395276,32.24779449999999]]]}},{"type":"Feature","properties":{"area_m2":435.39,"protected":false,"render":false},"geometry":{"type":"Polygon","coordinates":[[[-64.8308694,32.2477468],[-64.8309875,32.24778770000002],[-64.8309982,32.247928299999984],[-64.8307461,32.2480417],[-64.8306763,32.2479692],[-64.8308533,32.247883],[-64.8308694,32.2477468]]]}},{"type":"Feature","properties":{"area_m2":161.22,"protected":false,"render":false},"geometry":{"type":"Polygon","coordinates":[[[-64.83026860000001,32.24785120000001],[-64.8303759,32.2479147],[-64.8303008,32.24801909999999],[-64.8302043,32.24797819999999],[-64.83026860000001,32.24785120000001]]]}},{"type":"Feature","properties":{"area_m2":199.84,"protected":false,"render":false},"geometry":{"type":"Polygon","coordinates":[[[-64.8297375,32.247923799999995],[-64.8298287,32.2479964],[-64.8297644,32.24811429999999],[-64.8296356,32.248050799999994],[-64.8297375,32.247923799999995]]]}},{"type":"Feature","properties":{"area_m2":444.9,"protected":false,"render":false},"geometry":{"type":"Polygon","coordinates":[[[-64.8285037,32.2486315],[-64.8283911,32.2485975],[-64.828265,32.24859070000001],[-64.8282704,32.2484773],[-64.8283589,32.2484773],[-64.8283884,32.248409200000005],[-64.8285279,32.248402399999996],[-64.8284957,32.2485136],[-64.828552,32.2485658],[-64.8285037,32.2486315]]]}},{"type":"Feature","properties":{"area_m2":101.36,"protected":false,"render":false},"geometry":{"type":"Polygon","coordinates":[[[-64.8280692,32.24862250000001],[-64.8280075,32.2486973],[-64.8279566,32.248661],[-64.8279405,32.248613399999996],[-64.8280451,32.248563499999996],[-64.8280692,32.24862250000001]]]}},{"type":"Feature","properties":{"area_m2":163.28,"protected":false,"render":false},"geometry":{"type":"Polygon","coordinates":[[[-64.827809,32.248740399999996],[-64.8277527,32.24883119999999],[-64.8276615,32.248838],[-64.8276588,32.24873819999999],[-64.827742,32.2486837],[-64.827809,32.248740399999996]]]}},{"type":"Feature","properties":{"area_m2":47.68,"protected":false,"render":false},"geometry":{"type":"Polygon","coordinates":[[[-64.8271814,32.2487971],[-64.8272538,32.248803899999984],[-64.8272082,32.24887650000001],[-64.8271519,32.24884250000001],[-64.8271814,32.2487971]]]}},{"type":"Feature","properties":{"area_m2":105.65,"protected":false,"render":false},"geometry":{"type":"Polygon","coordinates":[[[-64.8274657,32.24902169999999],[-64.8274148,32.2489877],[-64.8274148,32.2489423],[-64.8275167,32.24890599999999],[-64.8275596,32.24896499999999],[-64.8274657,32.24902169999999]]]}},{"type":"Feature","properties":{"area_m2":350.98,"protected":false,"render":false},"geometry":{"type":"Polygon","coordinates":[[[-64.8263848,32.2492213],[-64.8262882,32.249185],[-64.8263392,32.2490943],[-64.8265108,32.249083],[-64.8266289,32.2491578],[-64.8265699,32.2492191],[-64.82647870000001,32.2492055],[-64.8263848,32.2492213]]]}},{"type":"Feature","properties":{"area_m2":191.25,"protected":false,"render":false},"geometry":{"type":"Polygon","coordinates":[[[-64.8267201,32.2491193],[-64.82683,32.249064800000006],[-64.8268622,32.24916689999999],[-64.8268327,32.2492599],[-64.8267764,32.2492531],[-64.8267415,32.24920319999999],[-64.8267201,32.2491193]]]}},{"type":"Feature","properties":{"area_m2":42.94,"protected":false,"render":false},"geometry":{"type":"Polygon","coordinates":[[[-64.8265779,32.24940959999999],[-64.8266101,32.2493416],[-64.8266718,32.2493779],[-64.8266342,32.249421],[-64.8265779,32.24940959999999]]]}},{"type":"Feature","properties":{"area_m2":44.84,"protected":false,"render":false},"geometry":{"type":"Polygon","coordinates":[[[-64.8266932,32.24946179999999],[-64.8267657,32.249486700000006],[-64.8267093,32.249548],[-64.8266691,32.2495026],[-64.8266932,32.24946179999999]]]}},{"type":"Feature","properties":{"area_m2":7198.93,"protected":true,"render":true},"geometry":{"type":"Polygon","coordinates":[[[-64.8367864,32.257630099999986],[-64.8367327,32.257541599999996],[-64.8367435,32.257469099999994],[-64.8367917,32.2574101],[-64.83681320000001,32.2572763],[-64.8369527,32.2570699],[-64.837119,32.25696550000001],[-64.8371672,32.256870199999994],[-64.8370975,32.2568067],[-64.8369098,32.2567115],[-64.8367542,32.2565708],[-64.8366523,32.2565051],[-64.8365986,32.25643469999999],[-64.8366469,32.2563531],[-64.8369044,32.2563485],[-64.8370707,32.256378],[-64.8370546,32.256436999999984],[-64.8370814,32.25652999999999],[-64.8371458,32.256618499999995],[-64.8372209,32.2568045],[-64.8373818,32.2568022],[-64.8377091,32.2569065],[-64.8377091,32.25699730000001],[-64.8376018,32.25702449999999],[-64.8374837,32.25699269999999],[-64.8373765,32.2570426],[-64.837414,32.25725129999999],[-64.8374784,32.25731940000001],[-64.8375803,32.2573466],[-64.8377091,32.25732159999999],[-64.837811,32.2573579],[-64.8378499,32.2574115],[-64.8378056,32.2574781],[-64.8376339,32.2575008],[-64.8375749,32.2575462],[-64.837473,32.2575825],[-64.8371512,32.2575961],[-64.8368937,32.25766639999999],[-64.8367864,32.257630099999986]]]}},{"type":"Feature","properties":{"area_m2":28616.42,"protected":true,"render":true},"geometry":{"type":"Polygon","coordinates":[[[-64.834587,32.25956939999999],[-64.8344904,32.2592882],[-64.8344368,32.2589933],[-64.8343563,32.2589434],[-64.8342544,32.25894110000001],[-64.8341203,32.25900690000001],[-64.8339379,32.25907039999999],[-64.8336857,32.25911119999999],[-64.8335302,32.2590976],[-64.8333961,32.2590455],[-64.8332083,32.25892530000001],[-64.8331654,32.258820899999996],[-64.83316,32.25868029999999],[-64.833219,32.2585034],[-64.8332351,32.2583378],[-64.8333049,32.258256100000004],[-64.8335248,32.25811099999999],[-64.8336965,32.2580679],[-64.8338359,32.25805429999999],[-64.8343134,32.2581836],[-64.8345494,32.2583128],[-64.834646,32.25841260000001],[-64.8346835,32.258498800000005],[-64.8346942,32.258603199999996],[-64.8346728,32.25885040000001],[-64.8346835,32.258923],[-64.8348445,32.259022800000004],[-64.8349839,32.25902279999999],[-64.8350966,32.258966099999995],[-64.8351288,32.25874829999999],[-64.8351663,32.258630399999994],[-64.8352521,32.25853060000001],[-64.8352897,32.2584308],[-64.8353165,32.2582947],[-64.8352682,32.25815860000001],[-64.8353272,32.25809279999999],[-64.8354453,32.2580974],[-64.8354399,32.25816989999999],[-64.8354989,32.2582266],[-64.8356223,32.2582539],[-64.8357296,32.25823119999999],[-64.8358315,32.25818579999999],[-64.8360675,32.258052],[-64.8361158,32.257984],[-64.8361802,32.25796809999999],[-64.8363572,32.258052],[-64.8364001,32.2581042],[-64.8364109,32.258267499999995],[-64.8363679,32.2583333],[-64.8364377,32.258385399999995],[-64.836443,32.2584716],[-64.8363679,32.2585124],[-64.8359817,32.258839099999996],[-64.8358798,32.2589547],[-64.8354935,32.25926319999999],[-64.835118,32.2595104],[-64.8349732,32.25964199999999],[-64.8348176,32.2596987],[-64.8346674,32.259667],[-64.834587,32.25956939999999]]]}},{"type":"Feature","properties":{"area_m2":1361.15,"protected":true,"render":true},"geometry":{"type":"Polygon","coordinates":[[[-64.832173,32.2589253],[-64.8322695,32.2587824],[-64.8324948,32.2586984],[-64.8326102,32.258712],[-64.8326692,32.2587665],[-64.8326999,32.25890759999999],[-64.8325512,32.2590046],[-64.8324787,32.2590341],[-64.8323312,32.25905449999999],[-64.8321998,32.25899100000001],[-64.832173,32.2589253]]]}},{"type":"Feature","properties":{"area_m2":35185.05,"protected":true,"render":true},"geometry":{"type":"Polygon","coordinates":[[[-64.8297697,32.261039199999985],[-64.8290831,32.2605402],[-64.8290348,32.260454],[-64.8290616,32.26033379999999],[-64.8291206,32.26026800000001],[-64.8292386,32.2602363],[-64.8293674,32.2602272],[-64.8294532,32.2602499],[-64.8295444,32.260245299999994],[-64.829641,32.26020450000001],[-64.8298502,32.2601546],[-64.82994670000001,32.2601728],[-64.8300272,32.2602136],[-64.8301613,32.260249900000005],[-64.8304144,32.260277],[-64.8305131,32.26027469999999],[-64.8306548,32.2601954],[-64.8308962,32.2601274],[-64.8310679,32.260113800000006],[-64.8315668,32.259809800000006],[-64.8316955,32.25981440000001],[-64.8318028,32.2598416],[-64.8319155,32.25992329999999],[-64.8319745,32.260000399999996],[-64.8320657,32.260073],[-64.8323875,32.2601478],[-64.8327274,32.2600585],[-64.8329991,32.2599028],[-64.8331922,32.2596783],[-64.8332244,32.2594583],[-64.8333531,32.2593653],[-64.8334229,32.2594106],[-64.8335677,32.25958979999999],[-64.8335463,32.259667],[-64.8335731,32.2597758],[-64.8334765,32.2600072],[-64.83344970000002,32.26013420000001],[-64.8333907,32.2602567],[-64.83307960000002,32.26048119999999],[-64.8327952,32.2605992],[-64.832645,32.2606264],[-64.8320603,32.260580999999995],[-64.8319316,32.26054020000001],[-64.8315882,32.260590099999995],[-64.831379,32.2606876],[-64.8309445,32.26113219999999],[-64.8307407,32.26123429999999],[-64.8301881,32.261334000000005],[-64.8300004,32.261334],[-64.8299199,32.26125689999999],[-64.8298448,32.26112539999999],[-64.8297697,32.261039199999985]]]}},{"type":"Feature","properties":{"area_m2":1352.43,"protected":true,"render":true},"geometry":{"type":"Polygon","coordinates":[[[-64.8271787,32.26089400000001],[-64.8272538,32.2610256],[-64.8272538,32.26111629999999],[-64.8272094,32.2611818],[-64.8270821,32.2612524],[-64.8269427,32.2612569],[-64.8268676,32.2611889],[-64.8268515,32.261068699999996],[-64.8268676,32.26095979999999],[-64.8269534,32.2608713],[-64.8270714,32.26084410000001],[-64.8271787,32.26089400000001]]]}},{"type":"Feature","properties":{"area_m2":3487.96,"protected":true,"render":true},"geometry":{"type":"Polygon","coordinates":[[[-64.8289543,32.26210290000001],[-64.8287827,32.262191400000006],[-64.8286539,32.26218690000001],[-64.8285091,32.26215510000001],[-64.8283696,32.2620735],[-64.8282838,32.261869299999994],[-64.8282945,32.2617559],[-64.8283465,32.261666999999996],[-64.8283964,32.2616289],[-64.8285842,32.26161079999999],[-64.8286754,32.26165389999999],[-64.8288095,32.2616471],[-64.8289221,32.2616947],[-64.8289865,32.26177859999999],[-64.82900800000002,32.2620281],[-64.8289543,32.26210290000001]]]}},{"type":"Feature","properties":{"area_m2":419.05,"protected":true,"render":true},"geometry":{"type":"Polygon","coordinates":[[[-64.8341495,32.272930200000005],[-64.8342595,32.2728843],[-64.8343473,32.2728947],[-64.8344054,32.272968899999995],[-64.8343831,32.2730264],[-64.8342879,32.27304829999999],[-64.8341643,32.2730421],[-64.8340283,32.273008600000004],[-64.8341495,32.272930200000005]]]}},{"type":"Feature","properties":{"area_m2":24409.96,"protected":true,"render":true},"geometry":{"type":"Polygon","coordinates":[[[-64.8351839,32.2743875],[-64.8353064,32.2747237],[-64.8350208,32.2748557],[-64.834729,32.27488919999999],[-64.8344769,32.27483899999999],[-64.8342925,32.27477559999999],[-64.8342543,32.27468429999999],[-64.8343335,32.27424119999999],[-64.8342346,32.274124099999995],[-64.8340665,32.274007100000006],[-64.8340961,32.2735723],[-64.8341729,32.27338039999999],[-64.8342778,32.27335240000001],[-64.834325,32.273205999999995],[-64.8344634,32.2731432],[-64.8346612,32.27310129999999],[-64.8348441,32.27297170000001],[-64.8350221,32.2725788],[-64.835295,32.272350599999996],[-64.8354573,32.27242410000001],[-64.8353654,32.27256179999999],[-64.8355468,32.27282759999999],[-64.8356291,32.2730977],[-64.8354509,32.27336739999999],[-64.8354413,32.2737221],[-64.8353459,32.273945399999995],[-64.835179,32.2740823],[-64.8351839,32.2743875]]]}},{"type":"Feature","properties":{"area_m2":2581.63,"protected":true,"render":true},"geometry":{"type":"Polygon","coordinates":[[[-64.8286601,32.276066900000004],[-64.828526,32.2761508],[-64.8281985,32.27612520000001],[-64.8281317,32.27606240000001],[-64.8281371,32.275992099999996],[-64.8282951,32.2759038],[-64.8284295,32.27585369999999],[-64.8286145,32.27589],[-64.8286628,32.275754],[-64.8287674,32.2757426],[-64.8288291,32.27567460000001],[-64.8288559,32.2755907],[-64.8288264,32.2754728],[-64.8289701,32.2754019],[-64.8289876,32.2753325],[-64.8290356,32.27530949999999],[-64.8291107,32.275339],[-64.8291441,32.27538270000001],[-64.8290732,32.2755657],[-64.8290008,32.27561109999999],[-64.828982,32.2756973],[-64.8289391,32.2757562],[-64.8288747,32.2757653],[-64.8288184,32.2758265],[-64.8288055,32.2759482],[-64.8286601,32.276066900000004]]]}},{"type":"Feature","properties":{"area_m2":3360.26,"protected":true,"render":true},"geometry":{"type":"Polygon","coordinates":[[[-64.8282369,32.2822447],[-64.8282362,32.2823524],[-64.8281454,32.2824128],[-64.8280238,32.282464700000006],[-64.8278815,32.2824951],[-64.8277861,32.2824502],[-64.8277013,32.2822739],[-64.827635,32.281967599999994],[-64.8275691,32.2817918],[-64.8275951,32.281720699999994],[-64.8277431,32.2816822],[-64.8278558,32.28168240000001],[-64.8278967,32.281715899999995],[-64.8278853,32.28185539999999],[-64.8279422,32.28186660000001],[-64.8279953,32.28191950000001],[-64.8280427,32.282020499999994],[-64.8281376,32.282091099999995],[-64.8282369,32.2822447]]]}},{"type":"Feature","properties":{"area_m2":2429.43,"protected":true,"render":true},"geometry":{"type":"Polygon","coordinates":[[[-64.8317319,32.28413189999999],[-64.8319465,32.2842498],[-64.8322683,32.284394999999996],[-64.8321396,32.284503799999996],[-64.8319143,32.2845129],[-64.8315173,32.2843405],[-64.8313779,32.2841682],[-64.8313993,32.2839959],[-64.8315388,32.28391419999999],[-64.8317319,32.28413189999999]]]}},{"type":"Feature","properties":{"area_m2":109071.48,"protected":true,"render":true},"geometry":{"type":"Polygon","coordinates":[[[-64.8270032,32.28597980000001],[-64.8269228,32.2858392],[-64.8270354,32.2855172],[-64.8272741,32.2854424],[-64.8274841,32.2853007],[-64.8281861,32.2847712],[-64.8285187,32.2844696],[-64.8289371,32.28435170000001],[-64.8290632,32.2842587],[-64.8292148,32.283904400000004],[-64.8294387,32.283979800000004],[-64.8298491,32.2841862],[-64.8302527,32.2844822],[-64.8302916,32.28466230000001],[-64.8302219,32.28493439999999],[-64.8302165,32.2852224],[-64.8301334,32.2854265],[-64.8297176,32.2855852],[-64.8295084,32.2858483],[-64.8294119,32.286145299999994],[-64.8294284,32.28649399999999],[-64.8292804,32.28670989999999],[-64.82920530000001,32.286959299999985],[-64.829259,32.2870387],[-64.829385,32.28713390000001],[-64.8294977,32.2871725],[-64.8296908,32.28728129999999],[-64.8296298,32.28747229999999],[-64.8297471,32.2875217],[-64.8299108,32.28749450000001],[-64.8301575,32.2875035],[-64.8303533,32.28756479999999],[-64.830474,32.28766449999999],[-64.830533,32.28765549999999],[-64.8305196,32.28755569999999],[-64.8306135,32.2873426],[-64.8309273,32.2871702],[-64.8310775,32.28716120000001],[-64.8310814,32.2872939],[-64.8309568,32.2876351],[-64.8307556,32.2878437],[-64.8306376,32.28814069999999],[-64.8303724,32.28844219999999],[-64.8302671,32.28853119999999],[-64.8301227,32.288560499999996],[-64.8300021,32.2885325],[-64.8298998,32.2883584],[-64.829948,32.2882699],[-64.8298542,32.2881861],[-64.8297907,32.288272899999996],[-64.8295413,32.28837719999999],[-64.829383,32.288424799999994],[-64.8292408,32.28835229999999],[-64.82940180000001,32.2881391],[-64.8294969,32.287911],[-64.829273,32.287796799999995],[-64.828986,32.28785799999999],[-64.8288305,32.2879872],[-64.828455,32.288207199999995],[-64.8281436,32.2882906],[-64.82799090000002,32.2881618],[-64.8277683,32.287663],[-64.82755,32.2875199],[-64.8273418,32.28723670000001],[-64.8270575,32.287091600000004],[-64.8269288,32.2871256],[-64.8268966,32.28726840000001],[-64.8268114,32.28745210000001],[-64.8265506,32.2875133],[-64.8262656,32.2874635],[-64.8261804,32.2873705],[-64.8262663,32.28722989999999],[-64.8267469,32.2869179],[-64.8267925,32.286765300000006],[-64.8267567,32.2866919],[-64.8264185,32.28622240000001],[-64.82652250000001,32.28612830000001],[-64.8266492,32.2861249],[-64.826918,32.28605100000001],[-64.8270032,32.28597980000001]]]}},{"type":"Feature","properties":{"area_m2":5554.91,"protected":true,"render":true},"geometry":{"type":"Polygon","coordinates":[[[-64.8316774,32.2890148],[-64.831098,32.2892347],[-64.8309719,32.2892256],[-64.8308807,32.28929140000001],[-64.8307547,32.28935030000001],[-64.8306474,32.2893209],[-64.8301807,32.2890851],[-64.8301351,32.2889876],[-64.8301646,32.2888969],[-64.830237,32.2888198],[-64.8303443,32.2887631],[-64.8304999,32.2887472],[-64.8306715,32.28882200000001],[-64.8308325,32.2889399],[-64.8309746,32.288992099999994],[-64.8311087,32.2889785],[-64.8316666,32.288731299999995],[-64.8317391,32.2887585],[-64.8317686,32.28884239999999],[-64.8317203,32.2889127],[-64.8317149,32.2889671],[-64.8316774,32.2890148]]]}},{"type":"Feature","properties":{"area_m2":669.22,"protected":true,"render":true},"geometry":{"type":"Polygon","coordinates":[[[-64.8322068,32.2893158],[-64.8321391,32.28925000000001],[-64.8323131,32.28922120000001],[-64.8323775,32.2891667],[-64.8325258,32.2891204],[-64.8326793,32.28914],[-64.8326108,32.28926289999999],[-64.8325065,32.289312599999995],[-64.832381,32.28929219999999],[-64.8323074,32.289359099999984],[-64.8322068,32.2893158]]]}},{"type":"Feature","properties":{"area_m2":2396.03,"protected":true,"render":true},"geometry":{"type":"Polygon","coordinates":[[[-64.8331133,32.289637400000004],[-64.8327726,32.28940159999999],[-64.8328262,32.28932],[-64.8327645,32.28924059999999],[-64.8327896,32.28918790000001],[-64.8328995,32.2892015],[-64.8330086,32.289283700000006],[-64.8330927,32.28938509999999],[-64.8332232,32.2894469],[-64.8334056,32.28948319999999],[-64.8336416,32.2894469],[-64.8338034,32.2894804],[-64.83384550000001,32.28961249999999],[-64.8338034,32.289673099999995],[-64.8334271,32.28967370000001],[-64.8332992,32.28963679999999],[-64.8331133,32.289637400000004]]]}},{"type":"Feature","properties":{"area_m2":1434.86,"protected":true,"render":true},"geometry":{"type":"Polygon","coordinates":[[[-64.8371003,32.2918256],[-64.8369138,32.2917539],[-64.8368865,32.2917164],[-64.8369032,32.291623599999994],[-64.8369445,32.291582299999995],[-64.8370664,32.2915546],[-64.8373216,32.29161460000001],[-64.8373845,32.291677400000005],[-64.8374271,32.29175959999999],[-64.8374408,32.2918678],[-64.8374265,32.291923],[-64.8373743,32.2919413],[-64.8372975,32.2919341],[-64.8371003,32.2918256]]]}},{"type":"Feature","properties":{"area_m2":39301.03,"protected":true,"render":true},"geometry":{"type":"Polygon","coordinates":[[[-64.8364731,32.32046859999999],[-64.8356572,32.31948969999999],[-64.833652,32.320645],[-64.8336027,32.3206888],[-64.83357870000002,32.32074050000001],[-64.8335901,32.3208046],[-64.8335657,32.32095689999999],[-64.8336944,32.321030799999996],[-64.8337168,32.321016],[-64.8337392,32.3210442],[-64.8337108,32.3210631],[-64.8338215,32.3212117],[-64.8337947,32.3212597],[-64.8337248,32.32127169999999],[-64.8335883,32.3212431],[-64.83349,32.3211665],[-64.8334637,32.321106500000006],[-64.833524,32.3207133],[-64.8335834,32.3206279],[-64.8369021,32.31868969999999],[-64.8371396,32.319002100000006],[-64.8373543,32.31914],[-64.8390883,32.31965829999999],[-64.8390258,32.3197265],[-64.8389785,32.319717399999995],[-64.8389521,32.3197783],[-64.8374346,32.320673899999996],[-64.8373923,32.3206757],[-64.8364731,32.32046859999999]]]}},{"type":"Feature","properties":{"area_m2":424547.53,"protected":true,"render":true},"geometry":{"type":"Polygon","coordinates":[[[-64.8412396,32.3215876],[-64.8412956,32.321640699999996],[-64.8411522,32.321738199999984],[-64.8410683,32.32171460000001],[-64.840866,32.32171149999999],[-64.840799,32.3217489],[-64.840799,32.3217835],[-64.840856,32.321880400000005],[-64.8409988,32.3220759],[-64.841027,32.32214049999999],[-64.8410296,32.32219709999999],[-64.8410055,32.322294599999985],[-64.8409177,32.3223989],[-64.8408178,32.3224839],[-64.8404818,32.3227337],[-64.8400956,32.322933799999994],[-64.8400359,32.3229485],[-64.8398682,32.3228947],[-64.8396758,32.3228601],[-64.8396121,32.32287879999999],[-64.8395799,32.322923],[-64.8395772,32.322999499999995],[-64.8396175,32.323072],[-64.8396543,32.3231191],[-64.8397895,32.32317349999999],[-64.8398206,32.3232035],[-64.83984280000001,32.32327599999999],[-64.839832,32.32334180000001],[-64.8397127,32.32357749999999],[-64.8396429,32.32367269999999],[-64.8395236,32.323720300000005],[-64.8394445,32.323716899999994],[-64.839305,32.323683399999986],[-64.839181,32.323602900000004],[-64.8390743,32.32379730000001],[-64.8391588,32.3238982],[-64.8393251,32.323993400000006],[-64.8394495,32.324093],[-64.8396593,32.3243767],[-64.8397607,32.324545099999995],[-64.8397432,32.3246367],[-64.8396278,32.32476960000001],[-64.8386104,32.3256412],[-64.838488,32.3257003],[-64.8382992,32.3257417],[-64.8381174,32.3257269],[-64.8379921,32.32567099999999],[-64.8375154,32.3259618],[-64.8374042,32.326501],[-64.8373098,32.32675499999999],[-64.8371489,32.327091800000005],[-64.8370011,32.3273162],[-64.8368602,32.3274215],[-64.8366885,32.3274714],[-64.8365571,32.327548400000005],[-64.8364904,32.327630500000005],[-64.8364007,32.32792499999999],[-64.8363133,32.3285897],[-64.8357701,32.3294041],[-64.8355016,32.32951119999999],[-64.8353058,32.32955429999999],[-64.8350881,32.3295787],[-64.8347833,32.3296581],[-64.8346417,32.3297201],[-64.8344477,32.32985599999999],[-64.8344173,32.3298096],[-64.8346224,32.329649399999994],[-64.8345195,32.329446999999995],[-64.8341322,32.3292235],[-64.8340167,32.3294096],[-64.8337666,32.329540900000005],[-64.8335475,32.32954019999999],[-64.8330707,32.329921299999995],[-64.8331094,32.3300072],[-64.8330026,32.33015970000001],[-64.8328283,32.33010740000001],[-64.8326626,32.330133599999996],[-64.8321899,32.33013900000001],[-64.8320542,32.3300246],[-64.8319468,32.3298082],[-64.8318297,32.329663],[-64.8317125,32.3293484],[-64.8318055,32.3292324],[-64.8317707,32.3289469],[-64.8316402,32.328837899999996],[-64.8316419,32.32860689999999],[-64.8317362,32.328537000000004],[-64.8318082,32.3283145],[-64.83173820000002,32.3281581],[-64.8317653,32.328060699999995],[-64.8318377,32.327960899999994],[-64.832008,32.3278748],[-64.8320992,32.3279088],[-64.8322347,32.3277595],[-64.8322042,32.327733],[-64.8320925,32.32770370000001],[-64.8321346,32.3275664],[-64.8324514,32.32739380000001],[-64.8324852,32.3273184],[-64.8326773,32.32704600000001],[-64.8325968,32.3268917],[-64.8326625,32.3267835],[-64.8325773,32.32676179999999],[-64.8321572,32.32695710000001],[-64.831577,32.326183],[-64.8305862,32.32782999999999],[-64.8303062,32.3277026],[-64.8302767,32.327749000000004],[-64.83022280000002,32.32772369999999],[-64.83085290000001,32.32667709999999],[-64.8309124,32.32669849999999],[-64.8308788,32.3267574],[-64.8310606,32.3268359],[-64.8313892,32.3262748],[-64.831326,32.3262444],[-64.8313635,32.326177699999995],[-64.8314311,32.326206],[-64.83161120000001,32.32590679999999],[-64.8315536,32.32588169999998],[-64.8316,32.3258006],[-64.8315477,32.3257342],[-64.8315534,32.3256313],[-64.8316342,32.325569400000006],[-64.8318003,32.32556629999999],[-64.8324372,32.3244795],[-64.8322238,32.3243914],[-64.8326569,32.3236554],[-64.8328511,32.3237431],[-64.8335999,32.3224397],[-64.8337403,32.322336299999996],[-64.8338538,32.3223091],[-64.8340021,32.322306],[-64.8341307,32.3223353],[-64.8342432,32.3222956],[-64.8342679,32.32230059999999],[-64.8343396,32.3224155],[-64.8343371,32.32244479999999],[-64.8342271,32.32254660000002],[-64.834129,32.32247170000001],[-64.8340298,32.3224677],[-64.8339178,32.32248160000001],[-64.8338451,32.32253670000001],[-64.8335932,32.322981399999996],[-64.8336294,32.32299269999999],[-64.8331144,32.323856299999996],[-64.8330501,32.323822299999996],[-64.8323499,32.3249981],[-64.8323969,32.32501959999998],[-64.8323226,32.325147699999995],[-64.8322765,32.32512580000001],[-64.832176,32.3252953],[-64.8322187,32.3253129],[-64.8321432,32.3254423],[-64.8320945,32.325427700000006],[-64.8320627,32.325485099999995],[-64.8320929,32.32549689999999],[-64.8320716,32.32553899999999],[-64.8320431,32.3255288],[-64.8319574,32.32566810000001],[-64.8319551,32.325748600000004],[-64.8319761,32.32581439999999],[-64.8321195,32.32602229999999],[-64.8321739,32.32599830000001],[-64.8322716,32.3261236],[-64.8322167,32.326158099999994],[-64.8323552,32.32632340000001],[-64.8324113,32.326291000000005],[-64.8326447,32.326604899999985],[-64.8325957,32.3266291],[-64.8326832,32.3266799],[-64.833572,32.3263558],[-64.8342689,32.3266769],[-64.8345294,32.3262263],[-64.8349103,32.32638509999999],[-64.8349823,32.32625230000001],[-64.8338906,32.32578999999999],[-64.8342682,32.3251514],[-64.83461830000002,32.32459829999999],[-64.8346577,32.3246156],[-64.8346805,32.3245838],[-64.8346389,32.324562900000004],[-64.8347371,32.32438820000001],[-64.8351636,32.3237321],[-64.8351026,32.3236942],[-64.835116,32.3236795],[-64.8350244,32.32360579999999],[-64.8350017,32.323442799999995],[-64.8347479,32.32325029999999],[-64.8346004,32.32318309999999],[-64.8346482,32.3230958],[-64.8349961,32.3233],[-64.8385057,32.32122449999999],[-64.8384755,32.3211882],[-64.8386078,32.3211105],[-64.8386378,32.3211467],[-64.8389848,32.3209423],[-64.8389551,32.3209061],[-64.8390874,32.3208284],[-64.839117,32.3208644],[-64.8397945,32.320465299999995],[-64.8392393,32.3198369],[-64.839183,32.3198],[-64.8392516,32.3197383],[-64.8392862,32.3197605],[-64.8393694,32.31967420000001],[-64.8394749,32.319731],[-64.8394109,32.31980720000001],[-64.8394838,32.3198507],[-64.8400418,32.32056440000001],[-64.8401146,32.3205913],[-64.8402913,32.3205667],[-64.84040140000002,32.320529799999996],[-64.8404381,32.320486900000006],[-64.8401936,32.3203816],[-64.8402202,32.3203292],[-64.84055,32.32046619999999],[-64.8411389,32.32048279999999],[-64.8413367,32.3204589],[-64.84155870000001,32.3204544],[-64.8419179,32.3205446],[-64.8419424,32.320689399999985],[-64.8417886,32.32085190000001],[-64.8416207,32.32092569999999],[-64.8412991,32.3211798],[-64.841369,32.3213896],[-64.8412921,32.321478199999994],[-64.8412396,32.3215876]],[[-64.8348021,32.3251955],[-64.8348332,32.3251807],[-64.8348433,32.32515050000001],[-64.8348251,32.3251237],[-64.8347901,32.32511559999998],[-64.8347578,32.3251315],[-64.8347489,32.3251616],[-64.834768,32.3251881],[-64.8348021,32.3251955]],[[-64.8349657,32.32607049999999],[-64.835012,32.3259968],[-64.834942,32.325965499999995],[-64.8348958,32.3260391],[-64.8349657,32.32607049999999]],[[-64.8322686,32.327946100000005],[-64.8326261,32.327956],[-64.8326253,32.3279662],[-64.8326925,32.327958699999996],[-64.8327373,32.3278391],[-64.832595,32.327764],[-64.8325146,32.3277474],[-64.8323392,32.3277445],[-64.8322535,32.327933800000004],[-64.8322686,32.327946100000005]],[[-64.8334371,32.3284673],[-64.8332508,32.3282387],[-64.8331767,32.32828190000001],[-64.8333629,32.3285104],[-64.8334371,32.3284673]]]}},{"type":"Feature","properties":{"area_m2":294.04,"protected":false,"render":false},"geometry":{"type":"Polygon","coordinates":[[[-64.8264277,32.2452197],[-64.8263472,32.24528780000001],[-64.8261917,32.245233299999995],[-64.8262346,32.24512449999999],[-64.8263955,32.2451199],[-64.8264277,32.2452197]]]}},{"type":"Feature","properties":{"area_m2":253.63,"protected":false,"render":false},"geometry":{"type":"Polygon","coordinates":[[[-64.8263258,32.2455782],[-64.8262453,32.24557359999999],[-64.8262078,32.245455699999994],[-64.8263741,32.245414800000006],[-64.8264331,32.245505599999994],[-64.8263258,32.2455782]]]}},{"type":"Feature","properties":{"area_m2":125.88,"protected":false,"render":false},"geometry":{"type":"Polygon","coordinates":[[[-64.8240298,32.246354000000004],[-64.8242122,32.2463994],[-64.8240459,32.2464901],[-64.8240298,32.246354000000004]]]}},{"type":"Feature","properties":{"area_m2":203.87,"protected":false,"render":false},"geometry":{"type":"Polygon","coordinates":[[[-64.8242068,32.2465128],[-64.8244107,32.24646739999999],[-64.8244268,32.2465445],[-64.8242819,32.2466262],[-64.8242068,32.2465128]]]}},{"type":"Feature","properties":{"area_m2":295.24,"protected":false,"render":false},"geometry":{"type":"Polygon","coordinates":[[[-64.8239172,32.24661259999999],[-64.823826,32.2467033],[-64.8236972,32.246694299999994],[-64.8236758,32.2465808],[-64.8237723,32.2465219],[-64.8239172,32.24661259999999]]]}},{"type":"Feature","properties":{"area_m2":516.44,"protected":false,"render":true},"geometry":{"type":"Polygon","coordinates":[[[-64.8225519,32.246993700000004],[-64.8224312,32.2469665],[-64.8223105,32.246971],[-64.8222676,32.247059500000006],[-64.8222032,32.24698459999999],[-64.8222461,32.2468803],[-64.8224929,32.2468258],[-64.8226324,32.246916600000006],[-64.8225519,32.246993700000004]]]}},{"type":"Feature","properties":{"area_m2":139.79,"protected":false,"render":false},"geometry":{"type":"Polygon","coordinates":[[[-64.8231071,32.247068600000006],[-64.8230374,32.24704589999999],[-64.8230293,32.2469756],[-64.8231286,32.24692790000001],[-64.8231849,32.24698239999999],[-64.8231071,32.247068600000006]]]}},{"type":"Feature","properties":{"area_m2":230.72,"protected":false,"render":false},"geometry":{"type":"Polygon","coordinates":[[[-64.8228094,32.2470958],[-64.8227048,32.247029999999995],[-64.8227745,32.2469257],[-64.8228791,32.24692110000001],[-64.8229033,32.2470141],[-64.8228094,32.2470958]]]}},{"type":"Feature","properties":{"area_m2":139.71,"protected":false,"render":false},"geometry":{"type":"Polygon","coordinates":[[[-64.8213396,32.2471843],[-64.82142,32.2470209],[-64.821471,32.24705500000001],[-64.8214442,32.2471026],[-64.8214522,32.2471729],[-64.8213637,32.2472251],[-64.8213396,32.2471843]]]}},{"type":"Feature","properties":{"area_m2":108.91,"protected":false,"render":false},"geometry":{"type":"Polygon","coordinates":[[[-64.8221388,32.2472478],[-64.8221523,32.247156999999994],[-64.8222891,32.24717969999999],[-64.822273,32.247241],[-64.8221388,32.2472478]]]}},{"type":"Feature","properties":{"area_m2":204.14,"protected":false,"render":false},"geometry":{"type":"Polygon","coordinates":[[[-64.8217204,32.24735209999999],[-64.8217794,32.247297700000004],[-64.8218089,32.247240999999995],[-64.8218867,32.247216],[-64.8219189,32.24725230000001],[-64.8219135,32.2473226],[-64.8218384,32.2473476],[-64.821758,32.2474179],[-64.8217204,32.24735209999999]]]}},{"type":"Feature","properties":{"area_m2":1601.23,"protected":true,"render":true},"geometry":{"type":"Polygon","coordinates":[[[-64.826071,32.249330199999996],[-64.8259556,32.2496614],[-64.8259825,32.249860999999996],[-64.8258001,32.249972199999995],[-64.8256847,32.2499835],[-64.8256552,32.24986560000001],[-64.8257893,32.2497907],[-64.825902,32.249559299999994],[-64.82578670000001,32.2495684],[-64.825682,32.249475399999994],[-64.8257062,32.2493552],[-64.8259261,32.2492758],[-64.826071,32.249330199999996]]]}},{"type":"Feature","properties":{"area_m2":287.75,"protected":false,"render":false},"geometry":{"type":"Polygon","coordinates":[[[-64.8249994,32.2498588],[-64.8249324,32.24982249999999],[-64.8249109,32.2497442],[-64.8249941,32.249720399999994],[-64.8250826,32.24971930000001],[-64.8250866,32.24980659999999],[-64.8251322,32.24987920000001],[-64.825096,32.24992459999999],[-64.8250557,32.24993250000001],[-64.8249994,32.2498588]]]}},{"type":"Feature","properties":{"area_m2":127.87,"protected":false,"render":false},"geometry":{"type":"Polygon","coordinates":[[[-64.8247567,32.249912099999996],[-64.8247124,32.249852],[-64.8247674,32.24980209999999],[-64.8248237,32.2498145],[-64.8248707,32.249850800000004],[-64.8248546,32.2499087],[-64.8247567,32.249912099999996]]]}},{"type":"Feature","properties":{"area_m2":302.8,"protected":false,"render":false},"geometry":{"type":"Polygon","coordinates":[[[-64.8223078,32.25052110000001],[-64.8222113,32.2504055],[-64.8222676,32.25031930000001],[-64.8223937,32.25033739999999],[-64.8224205,32.2504418],[-64.8223776,32.250512099999995],[-64.8223078,32.25052110000001]]]}},{"type":"Feature","properties":{"area_m2":170.28,"protected":false,"render":false},"geometry":{"type":"Polygon","coordinates":[[[-64.821353,32.2505257],[-64.8212832,32.250573300000006],[-64.8211706,32.250555199999994],[-64.8211733,32.250473500000005],[-64.8212698,32.2504395],[-64.821353,32.2505257]]]}},{"type":"Feature","properties":{"area_m2":256.7,"protected":false,"render":false},"geometry":{"type":"Polygon","coordinates":[[[-64.8216024,32.2504644],[-64.8216078,32.250559700000004],[-64.8214817,32.2506391],[-64.8214388,32.25063459999999],[-64.8213986,32.25058010000001],[-64.821479,32.25047119999999],[-64.8216024,32.2504644]]]}},{"type":"Feature","properties":{"area_m2":86.57,"protected":false,"render":false},"geometry":{"type":"Polygon","coordinates":[[[-64.8185957,32.2515533],[-64.8185286,32.2515238],[-64.8185286,32.2514716],[-64.8186037,32.2514467],[-64.8186493,32.2514966],[-64.8185957,32.2515533]]]}},{"type":"Feature","properties":{"area_m2":663.68,"protected":false,"render":true},"geometry":{"type":"Polygon","coordinates":[[[-64.8181772,32.25208859999999],[-64.818365,32.252143],[-64.8183918,32.2522837],[-64.8181826,32.25239259999999],[-64.8180968,32.25232],[-64.8180914,32.252183899999984],[-64.8181772,32.25208859999999]]]}},{"type":"Feature","properties":{"area_m2":301.31,"protected":false,"render":false},"geometry":{"type":"Polygon","coordinates":[[[-64.8190168,32.252430000000004],[-64.8189282,32.25245150000001],[-64.8188786,32.2524141],[-64.8189443,32.252331299999994],[-64.8191348,32.252293900000005],[-64.819167,32.2523721],[-64.8190825,32.2524425],[-64.8190168,32.252430000000004]]]}},{"type":"Feature","properties":{"area_m2":80.1,"protected":false,"render":false},"geometry":{"type":"Polygon","coordinates":[[[-64.8176059,32.2525899],[-64.8175952,32.25268739999999],[-64.817512,32.2526534],[-64.8175281,32.25256949999999],[-64.8176059,32.2525899]]]}},{"type":"Feature","properties":{"area_m2":408.98,"protected":false,"render":false},"geometry":{"type":"Polygon","coordinates":[[[-64.8171151,32.25290069999999],[-64.8170346,32.252819],[-64.8170346,32.25272369999999],[-64.817217,32.2526738],[-64.8172867,32.25285529999999],[-64.8171151,32.25290069999999]]]}},{"type":"Feature","properties":{"area_m2":83.82,"protected":false,"render":false},"geometry":{"type":"Polygon","coordinates":[[[-64.8163238,32.2530209],[-64.8164338,32.25304359999999],[-64.8163962,32.253123],[-64.8163185,32.253102599999984],[-64.8163238,32.2530209]]]}},{"type":"Feature","properties":{"area_m2":157.4,"protected":false,"render":false},"geometry":{"type":"Polygon","coordinates":[[[-64.8160476,32.2531819],[-64.8161119,32.25307759999999],[-64.8162246,32.25316380000001],[-64.8160905,32.253249999999994],[-64.8160476,32.2531819]]]}},{"type":"Feature","properties":{"area_m2":161.16,"protected":false,"render":false},"geometry":{"type":"Polygon","coordinates":[[[-64.8158115,32.2534179],[-64.8158974,32.25330899999999],[-64.81599390000001,32.2533725],[-64.8159027,32.2534768],[-64.8158115,32.2534179]]]}},{"type":"Feature","properties":{"area_m2":44.34,"protected":false,"render":false},"geometry":{"type":"Polygon","coordinates":[[[-64.8155728,32.253574399999984],[-64.8156264,32.2535154],[-64.815664,32.25355849999999],[-64.8156399,32.253606100000006],[-64.8155728,32.253574399999984]]]}},{"type":"Feature","properties":{"area_m2":27.78,"protected":false,"render":false},"geometry":{"type":"Polygon","coordinates":[[[-64.8154601,32.2536379],[-64.8155165,32.25368100000001],[-64.8154548,32.25371270000001],[-64.8154467,32.2536628],[-64.8154601,32.2536379]]]}},{"type":"Feature","properties":{"area_m2":23.78,"protected":false,"render":false},"geometry":{"type":"Polygon","coordinates":[[[-64.8156801,32.2537558],[-64.8157096,32.2537944],[-64.8156774,32.253823899999986],[-64.8156425,32.25380120000001],[-64.8156801,32.2537558]]]}},{"type":"Feature","properties":{"area_m2":35.1,"protected":false,"render":false},"geometry":{"type":"Polygon","coordinates":[[[-64.8152483,32.25382160000001],[-64.8152402,32.2537649],[-64.8153234,32.2537944],[-64.8152804,32.25383980000001],[-64.8152483,32.25382160000001]]]}},{"type":"Feature","properties":{"area_m2":44.27,"protected":false,"render":false},"geometry":{"type":"Polygon","coordinates":[[[-64.81518660000002,32.254023499999995],[-64.815208,32.2539736],[-64.8152831,32.254007599999994],[-64.815259,32.25405299999999],[-64.81518660000002,32.254023499999995]]]}},{"type":"Feature","properties":{"area_m2":317.19,"protected":true,"render":true},"geometry":{"type":"Polygon","coordinates":[[[-64.8192971,32.262849300000006],[-64.8193882,32.2628759],[-64.819358,32.2630425],[-64.8193398,32.26305459999999],[-64.8193033,32.2630286],[-64.819255,32.2630249],[-64.8192311,32.26297259999999],[-64.8191582,32.2630179],[-64.8191659,32.262885600000004],[-64.8192413,32.26289529999999],[-64.8192971,32.262849300000006]]]}},{"type":"Feature","properties":{"area_m2":236.69,"protected":true,"render":true},"geometry":{"type":"Polygon","coordinates":[[[-64.819378,32.2631221],[-64.8194367,32.2631941],[-64.8193867,32.26324639999999],[-64.8193228,32.2632532],[-64.8192574,32.263240599999996],[-64.8191864,32.26316779999999],[-64.8192333,32.2631612],[-64.8192825,32.263122900000006],[-64.8193372,32.2631074],[-64.819378,32.2631221]]]}},{"type":"Feature","properties":{"area_m2":100201.36,"protected":true,"render":true},"geometry":{"type":"Polygon","coordinates":[[[-64.8231543,32.2745657],[-64.8229746,32.274756200000006],[-64.8226259,32.2750216],[-64.82257230000002,32.27512819999999],[-64.8224114,32.27529369999999],[-64.8222129,32.275456999999996],[-64.8221619,32.275484199999994],[-64.8218132,32.275522800000005],[-64.8217462,32.27555219999999],[-64.8216738,32.2756384],[-64.8214109,32.2757835],[-64.8213841,32.275838],[-64.8212687,32.2759219],[-64.8211132,32.27598759999999],[-64.8210676,32.276033],[-64.8209737,32.276089699999986],[-64.8208771,32.27600809999999],[-64.8207189,32.276064799999986],[-64.8206357,32.276067],[-64.8205204,32.27602619999999],[-64.8203809,32.276037499999994],[-64.819933,32.276132800000006],[-64.8198847,32.2762054],[-64.8198606,32.27629829999999],[-64.8197908,32.2763482],[-64.8196621,32.2763936],[-64.8194878,32.27630739999999],[-64.8192222,32.2762779],[-64.8190988,32.2761509],[-64.8188923,32.2760035],[-64.8188011,32.27601489999999],[-64.8187341,32.27609199999999],[-64.8186858,32.27618269999999],[-64.8186375,32.2763822],[-64.8185275,32.276599899999994],[-64.8184229,32.27675419999999],[-64.8182459,32.2769265],[-64.8181493,32.2769877],[-64.818034,32.276976399999995],[-64.8176746,32.27675639999999],[-64.8176692,32.27662490000001],[-64.8177229,32.27634139999999],[-64.8176665,32.276219],[-64.8175002,32.276141900000006],[-64.8174225,32.27614870000001],[-64.8173903,32.2761736],[-64.8173527,32.2761373],[-64.8173125,32.2760081],[-64.8172669,32.275962699999994],[-64.8170818,32.275946799999986],[-64.8170121,32.2759219],[-64.8169745,32.27588329999998],[-64.8169075,32.2758652],[-64.8166714,32.275869699999994],[-64.81665,32.275794899999994],[-64.8166929,32.2757178],[-64.8168941,32.27549549999999],[-64.8170309,32.275382199999996],[-64.8171328,32.2753481],[-64.8172267,32.27536849999999],[-64.8172857,32.27549779999999],[-64.8173286,32.27569510000001],[-64.8174198,32.275763100000006],[-64.8175297,32.2758085],[-64.8176826,32.27581980000001],[-64.8178221,32.2757609],[-64.8179053,32.27570639999999],[-64.8181011,32.2756883],[-64.818211,32.27564519999999],[-64.8182674,32.27556129999999],[-64.8182915,32.2754729],[-64.81839340000002,32.2754139],[-64.8186026,32.27545469999999],[-64.818777,32.27545469999999],[-64.8188628,32.2755023],[-64.818895,32.27558630000001],[-64.8189272,32.27559990000001],[-64.8189728,32.27555000000001],[-64.8189996,32.275203],[-64.8191257,32.2751032],[-64.8192785,32.2749513],[-64.8193402,32.2748606],[-64.8199035,32.2743707],[-64.82004300000001,32.274295900000006],[-64.8201556,32.27428229999999],[-64.8202871,32.27430039999999],[-64.8204265,32.2743662],[-64.8205499,32.2744592],[-64.820676,32.274522700000006],[-64.8210113,32.274518099999995],[-64.8212339,32.2744138],[-64.8213975,32.274216499999994],[-64.8215209,32.2741235],[-64.8218213,32.2739421],[-64.8218883,32.2738763],[-64.8219903,32.273626900000004],[-64.8221029,32.27367449999999],[-64.8222317,32.273688099999994],[-64.8222156,32.273585999999995],[-64.8221592,32.2734591],[-64.8220573,32.2732958],[-64.8221271,32.2731597],[-64.8222558,32.273103],[-64.8224838,32.27316199999999],[-64.8231382,32.2732459],[-64.823318,32.2732368],[-64.8235191,32.2732073],[-64.8237122,32.27321640000001],[-64.823967,32.27332299999999],[-64.8240958,32.2733366],[-64.8242004,32.2732323],[-64.8242782,32.27310529999999],[-64.8243962,32.272985099999985],[-64.8245276,32.2729352],[-64.8245947,32.27304629999999],[-64.8245384,32.27318460000001],[-64.824482,32.27330709999999],[-64.8242353,32.2736405],[-64.8241173,32.27360650000001],[-64.8239912,32.2735248],[-64.8239429,32.27355659999999],[-64.8239456,32.273644999999995],[-64.8238437,32.2737856],[-64.8235459,32.2740714],[-64.8233448,32.2742936],[-64.8231731,32.274515900000004],[-64.8231543,32.2745657]]]}},{"type":"Feature","properties":{"area_m2":35543.69,"protected":true,"render":true},"geometry":{"type":"Polygon","coordinates":[[[-64.8262347,32.27567869999999],[-64.8262805,32.27594799999999],[-64.8265737,32.275951000000006],[-64.8266263,32.2759861],[-64.8265558,32.2762218],[-64.826455,32.276367799999996],[-64.8265838,32.2765377],[-64.8259445,32.2766542],[-64.8257557,32.2764798],[-64.8255075,32.276444299999994],[-64.825427,32.2762817],[-64.8251578,32.2760718],[-64.8247208,32.27578809999999],[-64.8242663,32.27574669999999],[-64.8241124,32.275658],[-64.8240285,32.2754658],[-64.8240026,32.275118899999995],[-64.8240809,32.2748776],[-64.8242154,32.27477559999999],[-64.8243676,32.2747475],[-64.8245024,32.274612299999994],[-64.824746,32.2745435],[-64.8249445,32.2746293],[-64.8251823,32.27454060000001],[-64.8253221,32.27462039999999],[-64.8255037,32.2749037],[-64.8262285,32.2749183],[-64.8265806,32.2749628],[-64.8266155,32.2751934],[-64.8263955,32.2754067],[-64.8262347,32.27567869999999]]]}},{"type":"Feature","properties":{"area_m2":4473.47,"protected":true,"render":true},"geometry":{"type":"Polygon","coordinates":[[[-64.8245329,32.280966299999996],[-64.8247796,32.280993599999995],[-64.824926,32.2809906],[-64.8249662,32.281031399999996],[-64.8249433,32.2811047],[-64.8247624,32.2811153],[-64.8245934,32.28121509999999],[-64.824447,32.2812294],[-64.8243091,32.2812309],[-64.8240179,32.2811205],[-64.8237807,32.2808364],[-64.8237243,32.280806899999995],[-64.8236585,32.2806715],[-64.8236573,32.2805643],[-64.8236879,32.2804607],[-64.8238075,32.280457699999985],[-64.8239014,32.2805053],[-64.8239604,32.2805801],[-64.8241413,32.2806602],[-64.824411,32.28090439999999],[-64.8245329,32.280966299999996]]]}},{"type":"Feature","properties":{"area_m2":10735.36,"protected":true,"render":true},"geometry":{"type":"Polygon","coordinates":[[[-64.8195654,32.2813382],[-64.8194474,32.2809845],[-64.8195869,32.2807033],[-64.8200482,32.2805944],[-64.8205095,32.28056719999999],[-64.8208099,32.28067610000001],[-64.8210996,32.2809028],[-64.8213893,32.281057],[-64.8214537,32.28116589999999],[-64.8214172,32.28126939999999],[-64.8213035,32.281320099999995],[-64.8211104,32.2812838],[-64.8208207,32.2811205],[-64.8205417,32.2810298],[-64.8203486,32.2811478],[-64.8201769,32.281311],[-64.819898,32.28140170000001],[-64.8195654,32.2813382]]]}},{"type":"Feature","properties":{"area_m2":4566.35,"protected":true,"render":true},"geometry":{"type":"Polygon","coordinates":[[[-64.8224586,32.28139949999999],[-64.822415,32.28143879999999],[-64.8224391,32.2814592],[-64.8224845,32.2814486],[-64.8225641,32.281498299999996],[-64.822621,32.28163779999999],[-64.8226324,32.281729199999994],[-64.8225888,32.2817805],[-64.8225091,32.2818206],[-64.8224238,32.2817532],[-64.8222408,32.2814536],[-64.82216960000001,32.28125779999999],[-64.82208320000001,32.2811422],[-64.8220867,32.2810298],[-64.8221824,32.2809245],[-64.8223097,32.2808676],[-64.8225588,32.28080079999999],[-64.8227385,32.28080079999999],[-64.8228154,32.28086329999999],[-64.8228422,32.2809857],[-64.8227841,32.2811115],[-64.8226124,32.2813564],[-64.82253090000002,32.2814178],[-64.8224586,32.28139949999999]]]}},{"type":"Feature","properties":{"area_m2":8773.88,"protected":true,"render":true},"geometry":{"type":"Polygon","coordinates":[[[-64.8269737,32.281444799999996],[-64.8268759,32.281588],[-64.8265821,32.2818008],[-64.8263475,32.2818646],[-64.8262146,32.2818484],[-64.8255026,32.2811934],[-64.82534710000002,32.28117530000001],[-64.8252571,32.2811047],[-64.8253524,32.281002900000004],[-64.8255,32.28094169999999],[-64.8257452,32.280993499999994],[-64.8258728,32.280966599999985],[-64.8260444,32.28096210000001],[-64.8264897,32.28113220000001],[-64.826546,32.2812138],[-64.8269805,32.28135439999999],[-64.8269737,32.281444799999996]]]}},{"type":"Feature","properties":{"area_m2":71883.3,"protected":true,"render":true},"geometry":{"type":"Polygon","coordinates":[[[-64.8202479,32.2845598],[-64.8201233,32.2844992],[-64.8198241,32.2841789],[-64.81989270000001,32.2839959],[-64.8196149,32.283770700000005],[-64.8195988,32.2836528],[-64.8192864,32.2833791],[-64.8191911,32.283113099999994],[-64.8192757,32.282785],[-64.8192769,32.2826551],[-64.8191536,32.2824601],[-64.8192006,32.2822589],[-64.8192535,32.2821755],[-64.8193768,32.28213699999999],[-64.8195761,32.28221129999999],[-64.8198685,32.282469799999994],[-64.8202405,32.2824317],[-64.8203164,32.2823723],[-64.820531,32.28208200000001],[-64.8208207,32.28164659999999],[-64.8212606,32.28148339999999],[-64.8214871,32.2815485],[-64.8220652,32.2819233],[-64.8222649,32.282197000000004],[-64.8222596,32.282324],[-64.8221576,32.2823693],[-64.8221511,32.2828168],[-64.8222971,32.283104],[-64.8224902,32.2832582],[-64.8226833,32.2833444],[-64.8228014,32.28351219999999],[-64.8227518,32.28377360000001],[-64.8225868,32.2839657],[-64.8220343,32.28420609999999],[-64.821766,32.2840927],[-64.8215032,32.28406549999999],[-64.8212284,32.2842317],[-64.8210687,32.28429229999999],[-64.8209185,32.2842106],[-64.8206234,32.284392000000004],[-64.8204464,32.28452810000001],[-64.8202479,32.2845598]]]}},{"type":"Feature","properties":{"area_m2":4909.73,"protected":true,"render":true},"geometry":{"type":"Polygon","coordinates":[[[-64.8159721,32.28397129999999],[-64.8158965,32.28376239999999],[-64.8157272,32.28362169999999],[-64.8156624,32.28344849999999],[-64.8156107,32.2832719],[-64.81570820000002,32.2832077],[-64.8159586,32.2832397],[-64.8162165,32.28332309999999],[-64.8164214,32.28352839999999],[-64.8165017,32.28376990000001],[-64.8164896,32.283926],[-64.8163438,32.284018599999996],[-64.8161276,32.284010099999996],[-64.8159721,32.28397129999999]]]}},{"type":"Feature","properties":{"area_m2":44514.19,"protected":true,"render":true},"geometry":{"type":"Polygon","coordinates":[[[-64.82346,32.2840594],[-64.8233956,32.2836058],[-64.8237496,32.2833247],[-64.82413590000002,32.283116],[-64.8243827,32.282726],[-64.8245329,32.28259],[-64.8247582,32.2824993],[-64.8250371,32.282608100000004],[-64.8252302,32.2827895],[-64.8252302,32.28305249999999],[-64.824962,32.283533299999995],[-64.8246723,32.283850699999995],[-64.8246509,32.2841047],[-64.8249513,32.28452190000001],[-64.8254126,32.285311],[-64.8254019,32.2856738],[-64.8251766,32.28595500000001],[-64.8249406,32.28609109999999],[-64.8247045,32.2861455],[-64.82430750000002,32.2862906],[-64.8242968,32.286009400000005],[-64.8242324,32.285682900000005],[-64.8241412,32.285495299999994],[-64.823932,32.2852838],[-64.8238355,32.2848575],[-64.8236424,32.284404],[-64.82346,32.2840594]]]}},{"type":"Feature","properties":{"area_m2":9932.32,"protected":true,"render":true},"geometry":{"type":"Polygon","coordinates":[[[-64.820038,32.2846966],[-64.8201088,32.284756400000006],[-64.8200893,32.2848372],[-64.8199743,32.284935999999995],[-64.8198133,32.284985299999995],[-64.8196646,32.2849704],[-64.8194505,32.2850123],[-64.8193443,32.28500329999999],[-64.8190152,32.285121499999995],[-64.8187444,32.2849988],[-64.8185032,32.28492099999999],[-64.8182082,32.284894099999995],[-64.8179233,32.28477290000001],[-64.8177158,32.2846204],[-64.8177024,32.2845733],[-64.8177379,32.284431],[-64.8177815,32.2844174],[-64.8178271,32.284427599999994],[-64.8178921,32.284417399999995],[-64.8179874,32.2843296],[-64.8181315,32.2843245],[-64.8184496,32.2844222],[-64.8186427,32.284576400000006],[-64.8188466,32.2846489],[-64.8190364,32.28463379999998],[-64.8191727,32.2845305],[-64.819316,32.28452459999999],[-64.8194474,32.2845582],[-64.819619,32.28470329999999],[-64.8196735,32.284731],[-64.8197584,32.28473699999999],[-64.81984690000002,32.2847011],[-64.820038,32.2846966]]]}},{"type":"Feature","properties":{"area_m2":2432.36,"protected":true,"render":true},"geometry":{"type":"Polygon","coordinates":[[[-64.8233098,32.28481219999999],[-64.8233849,32.28492099999999],[-64.8233634,32.285048],[-64.8232669,32.285174999999995],[-64.8231488,32.2852113],[-64.8229235,32.2851931],[-64.8227733,32.285084299999994],[-64.8227948,32.2848757],[-64.8229021,32.284739599999995],[-64.8231488,32.2847306],[-64.8233098,32.28481219999999]]]}},{"type":"Feature","properties":{"area_m2":2880.52,"protected":true,"render":true},"geometry":{"type":"Polygon","coordinates":[[[-64.8156138,32.2857222],[-64.8156465,32.2856472],[-64.8162609,32.28553779999999],[-64.8163563,32.2855643],[-64.8165127,32.28569060000001],[-64.8165548,32.285805100000005],[-64.8165127,32.28591759999999],[-64.8163682,32.285964099999994],[-64.8161536,32.2859187],[-64.8158426,32.28587809999999],[-64.8157118,32.28583669999998],[-64.8156208,32.28577549999999],[-64.8156138,32.2857222]]]}},{"type":"Feature","properties":{"area_m2":79345.47,"protected":true,"render":true},"geometry":{"type":"Polygon","coordinates":[[[-64.8235179,32.28692909999999],[-64.8234004,32.28688739999999],[-64.8233207,32.28683609999999],[-64.8231955,32.2868713],[-64.8225203,32.286771900000005],[-64.822141,32.28669819999999],[-64.8218034,32.2867431],[-64.8212951,32.2866501],[-64.8204232,32.28652809999999],[-64.8203394,32.28644899999999],[-64.8201231,32.28656439999999],[-64.8199031,32.28656440000001],[-64.8191559,32.2867216],[-64.8188486,32.28670230000001],[-64.818722,32.2868317],[-64.8173981,32.2871011],[-64.8172464,32.287091499999995],[-64.8171857,32.28700490000001],[-64.8169392,32.2869953],[-64.8169316,32.2870818],[-64.8167848,32.2870983],[-64.8164252,32.2872662],[-64.8164378,32.2874928],[-64.8160013,32.28786339999999],[-64.8157349,32.2879606],[-64.8154983,32.2879702],[-64.8153249,32.28786759999999],[-64.8152777,32.287745599999994],[-64.8153612,32.287607699999995],[-64.8155899,32.2874819],[-64.81558120000001,32.2872069],[-64.8157064,32.2867387],[-64.8157672,32.2866337],[-64.8159909,32.28661689999999],[-64.816154,32.2865431],[-64.8162678,32.2862609],[-64.8164945,32.2860214],[-64.8173016,32.2860548],[-64.8176409,32.2859627],[-64.8177894,32.2858723],[-64.8179064,32.2858569],[-64.8181833,32.2858601],[-64.8182744,32.28591779999999],[-64.8185551,32.286177499999994],[-64.818722,32.2862256],[-64.8188358,32.28618389999999],[-64.8189344,32.2860942],[-64.8190672,32.285536199999996],[-64.8192666,32.2853782],[-64.81954510000001,32.28539829999999],[-64.8197736,32.2855363],[-64.8198968,32.28571469999999],[-64.8208401,32.2858878],[-64.820969,32.28596480000001],[-64.8215228,32.2860417],[-64.8219097,32.2861155],[-64.8220273,32.2861764],[-64.8222815,32.28619890000001],[-64.8225698,32.2861861],[-64.82258110000001,32.28613699999999],[-64.8225346,32.2860865],[-64.8225279,32.2859638],[-64.82255540000001,32.285820300000005],[-64.8226636,32.2857532],[-64.8227347,32.285785799999985],[-64.82275270000001,32.28588450000001],[-64.8227394,32.2860608],[-64.8227205,32.2861306],[-64.822619,32.2861538],[-64.8226045,32.2862067],[-64.823058,32.286428],[-64.8235853,32.2864761],[-64.823847,32.2864857],[-64.82407080000002,32.2866012],[-64.8242112,32.2866332],[-64.8243041,32.2865883],[-64.824746,32.28664120000001],[-64.8250074,32.2867206],[-64.8251322,32.28689659999999],[-64.8251547,32.286966299999996],[-64.8252337,32.2870259],[-64.825222,32.2870713],[-64.8251772,32.28710339999999],[-64.8248879,32.2869794],[-64.8244435,32.28702210000001],[-64.8241135,32.286970700000005],[-64.8237076,32.286871299999994],[-64.8235179,32.28692909999999]]]}},{"type":"Feature","properties":{"area_m2":1387.7,"protected":true,"render":true},"geometry":{"type":"Polygon","coordinates":[[[-64.8257485,32.28706030000001],[-64.8259014,32.28718949999998],[-64.8259309,32.2873165],[-64.8258504,32.28736189999999],[-64.8257672,32.2873573],[-64.8254025,32.2871759],[-64.8253408,32.28712379999999],[-64.8253086,32.2870218],[-64.8254615,32.286983199999995],[-64.8257485,32.28706030000001]]]}},{"type":"Feature","properties":{"area_m2":2045.6,"protected":true,"render":true},"geometry":{"type":"Polygon","coordinates":[[[-64.8168737,32.3029175],[-64.8174155,32.3028677],[-64.8175174,32.302944700000005],[-64.8174101,32.3030717],[-64.8172331,32.3030989],[-64.8171365,32.30319870000001],[-64.8169327,32.3030808],[-64.8164928,32.302962900000004],[-64.8165518,32.30279959999999],[-64.8168093,32.30284950000001],[-64.8168737,32.3029175]]]}},{"type":"Feature","properties":{"area_m2":615.59,"protected":true,"render":true},"geometry":{"type":"Polygon","coordinates":[[[-64.8185098,32.3033573],[-64.8182899,32.30345260000001],[-64.8181665,32.3033301],[-64.8182201,32.3031896],[-64.8184508,32.3032213],[-64.8185098,32.3033573]]]}},{"type":"Feature","properties":{"area_m2":688.08,"protected":true,"render":true},"geometry":{"type":"Polygon","coordinates":[[[-64.8170494,32.3077316],[-64.8169139,32.3077735],[-64.8168267,32.307707799999996],[-64.8168415,32.30760459999999],[-64.8167798,32.30755479999999],[-64.8166779,32.30752079999999],[-64.8166698,32.3074301],[-64.8167503,32.307386999999984],[-64.8168013,32.30741189999999],[-64.8168549,32.307495800000005],[-64.8170775,32.307646600000005],[-64.8170494,32.3077316]]]}},{"type":"Feature","properties":{"area_m2":2063.21,"protected":true,"render":true},"geometry":{"type":"Polygon","coordinates":[[[-64.8157725,32.30797040000001],[-64.8157165,32.3080295],[-64.8156188,32.30805349999999],[-64.8154648,32.308134399999986],[-64.8155172,32.30820239999999],[-64.8154927,32.30823629999999],[-64.8154578,32.3082422],[-64.8154106,32.308223],[-64.8153931,32.30816389999999],[-64.81529,32.30821859999999],[-64.815227,32.30821420000001],[-64.8151924,32.3081093],[-64.8152148,32.3080236],[-64.8151396,32.3080044],[-64.8150959,32.308069399999994],[-64.8150347,32.308078200000004],[-64.8150075,32.308019200000004],[-64.8151623,32.3079438],[-64.8152777,32.307853699999995],[-64.8154246,32.30781669999998],[-64.8156955,32.3077901],[-64.8159107,32.3078541],[-64.8158808,32.307878800000005],[-64.8158127,32.3078773],[-64.815769,32.3079231],[-64.8157725,32.30797040000001]]]}},{"type":"Feature","properties":{"area_m2":8199.53,"protected":true,"render":true},"geometry":{"type":"Polygon","coordinates":[[[-64.8195717,32.30870039999999],[-64.8191981,32.30865900000001],[-64.818625,32.30835729999999],[-64.8187544,32.30849619999999],[-64.8187091,32.3086112],[-64.8185376,32.3085169],[-64.8184362,32.30840160000001],[-64.8184677,32.3082657],[-64.8183558,32.308171099999996],[-64.8181949,32.30806770000001],[-64.8178663,32.30803519999999],[-64.8177073,32.3078801],[-64.8175062,32.307890400000005],[-64.817519,32.307717600000004],[-64.8177754,32.3077308],[-64.8179048,32.3078372],[-64.8180411,32.3078608],[-64.8184212,32.30787209999999],[-64.819038,32.308059500000006],[-64.819285,32.3081498],[-64.8195364,32.3083173],[-64.8196329,32.308482999999995],[-64.8195717,32.30870039999999]]]}},{"type":"Feature","properties":{"area_m2":1682.17,"protected":true,"render":true},"geometry":{"type":"Polygon","coordinates":[[[-64.8205115,32.30886579999999],[-64.8203052,32.30885690000001],[-64.8200663,32.3089289],[-64.8200622,32.3088081],[-64.8199923,32.30880809999999],[-64.81986820000002,32.3086131],[-64.8197696,32.308555199999994],[-64.8199486,32.3085496],[-64.8202423,32.308645600000006],[-64.8203349,32.3085998],[-64.8204706,32.30862500000001],[-64.82053770000002,32.308653],[-64.820487,32.30870170000001],[-64.8205062,32.3087461],[-64.8206111,32.30880809999999],[-64.8205115,32.30886579999999]]]}},{"type":"Feature","properties":{"area_m2":58.82,"protected":true,"render":true},"geometry":{"type":"Polygon","coordinates":[[[-64.8209192,32.30924259999999],[-64.8208175,32.3092927],[-64.8207856,32.3092829],[-64.820787,32.309253399999996],[-64.8208219,32.3092291],[-64.8208179,32.309208500000004],[-64.8209192,32.30924259999999]]]}},{"type":"Feature","properties":{"area_m2":59.79,"protected":false,"render":false},"geometry":{"type":"Polygon","coordinates":[[[-64.8150176,32.25390329999999],[-64.8150793,32.2538262],[-64.8151195,32.2538829],[-64.8150739,32.2539396],[-64.8150176,32.25390329999999]]]}},{"type":"Feature","properties":{"area_m2":73.96,"protected":false,"render":false},"geometry":{"type":"Polygon","coordinates":[[[-64.8148701,32.253994],[-64.8148352,32.2540484],[-64.8147467,32.2540122],[-64.814795,32.25393959999999],[-64.8148701,32.253994]]]}},{"type":"Feature","properties":{"area_m2":32.12,"protected":false,"render":false},"geometry":{"type":"Polygon","coordinates":[[[-64.814567,32.25407109999999],[-64.8145536,32.25403260000001],[-64.8146394,32.2540326],[-64.8146153,32.2540847],[-64.814567,32.25407109999999]]]}},{"type":"Feature","properties":{"area_m2":31.23,"protected":false,"render":false},"geometry":{"type":"Polygon","coordinates":[[[-64.8144168,32.254223100000004],[-64.814406,32.2541755],[-64.8144811,32.2541687],[-64.8144516,32.2542299],[-64.8144168,32.254223100000004]]]}},{"type":"Feature","properties":{"area_m2":51.24,"protected":false,"render":false},"geometry":{"type":"Polygon","coordinates":[[[-64.8147011,32.254309299999996],[-64.8146635,32.25434330000001],[-64.81460990000001,32.2543252],[-64.8146206,32.2542753],[-64.8146957,32.2542707],[-64.8147011,32.254309299999996]]]}},{"type":"Feature","properties":{"area_m2":179.32,"protected":false,"render":false},"geometry":{"type":"Polygon","coordinates":[[[-64.8142397,32.2543978],[-64.8141244,32.25444770000001],[-64.8140574,32.2543229],[-64.8142183,32.254298],[-64.8142397,32.2543978]]]}},{"type":"Feature","properties":{"area_m2":23.93,"protected":false,"render":false},"geometry":{"type":"Polygon","coordinates":[[[-64.8139018,32.2544567],[-64.8139018,32.2544273],[-64.8139849,32.254418199999996],[-64.8139474,32.254461299999996],[-64.8139018,32.2544567]]]}},{"type":"Feature","properties":{"area_m2":156.42,"protected":false,"render":false},"geometry":{"type":"Polygon","coordinates":[[[-64.8129241,32.254896800000004],[-64.8130596,32.2547993],[-64.8131333,32.254810600000006],[-64.8130569,32.254911500000006],[-64.8129831,32.2549433],[-64.8129416,32.2549342],[-64.8129241,32.254896800000004]]]}},{"type":"Feature","properties":{"area_m2":48.34,"protected":false,"render":false},"geometry":{"type":"Polygon","coordinates":[[[-64.8124373,32.255125899999996],[-64.8123863,32.25513039999999],[-64.8123702,32.25509530000001],[-64.8124051,32.255051],[-64.8124601,32.25507489999999],[-64.8124373,32.255125899999996]]]}},{"type":"Feature","properties":{"area_m2":49.57,"protected":false,"render":false},"geometry":{"type":"Polygon","coordinates":[[[-64.8123032,32.25514739999999],[-64.8122844,32.25518829999999],[-64.8122267,32.2551849],[-64.8122321,32.2551338],[-64.8122777,32.2550953],[-64.8123032,32.25514739999999]]]}},{"type":"Feature","properties":{"area_m2":213.05,"protected":false,"render":false},"geometry":{"type":"Polygon","coordinates":[[[-64.8118177,32.255288099999994],[-64.8118512,32.255226799999996],[-64.811925,32.255158800000004],[-64.8120028,32.25519729999999],[-64.811984,32.2552688],[-64.8119156,32.255337999999995],[-64.8118539,32.255333400000005],[-64.8118177,32.255288099999994]]]}},{"type":"Feature","properties":{"area_m2":27.27,"protected":false,"render":false},"geometry":{"type":"Polygon","coordinates":[[[-64.8126961,32.2553618],[-64.8126505,32.2553947],[-64.8126277,32.255379899999994],[-64.8126277,32.25535390000002],[-64.812676,32.25533000000001],[-64.8126961,32.2553618]]]}},{"type":"Feature","properties":{"area_m2":44.62,"protected":false,"render":false},"geometry":{"type":"Polygon","coordinates":[[[-64.8117131,32.2554389],[-64.8116849,32.255426400000005],[-64.8116863,32.25539469999999],[-64.8117279,32.25534819999999],[-64.8117708,32.2553924],[-64.8117131,32.2554389]]]}},{"type":"Feature","properties":{"area_m2":26.66,"protected":false,"render":false},"geometry":{"type":"Polygon","coordinates":[[[-64.8125727,32.255497899999995],[-64.8125339,32.255496799999996],[-64.8125325,32.2554718],[-64.8125701,32.2554378],[-64.8126009,32.2554627],[-64.8125727,32.255497899999995]]]}},{"type":"Feature","properties":{"area_m2":305.61,"protected":false,"render":false},"geometry":{"type":"Polygon","coordinates":[[[-64.8118244,32.25580070000001],[-64.8117372,32.25583929999999],[-64.8116876,32.2558166],[-64.8117037,32.2557429],[-64.8117453,32.2556646],[-64.8118673,32.25566119999999],[-64.8119344,32.255720200000006],[-64.8118915,32.2557894],[-64.8118244,32.25580070000001]]]}},{"type":"Feature","properties":{"area_m2":1790.79,"protected":true,"render":true},"geometry":{"type":"Polygon","coordinates":[[[-64.8009111,32.279616100000005],[-64.8010474,32.2795604],[-64.8012835,32.279633000000004],[-64.8014229,32.2797146],[-64.8014843,32.279843],[-64.8014152,32.27992379999999],[-64.8012689,32.2799753],[-64.8010701,32.27995270000001],[-64.8009375,32.2798499],[-64.8008887,32.27970379999999],[-64.8009111,32.279616100000005]]]}},{"type":"Feature","properties":{"area_m2":221.85,"protected":true,"render":true},"geometry":{"type":"Polygon","coordinates":[[[-64.7988601,32.2801409],[-64.798873,32.28010239999998],[-64.7988985,32.280091],[-64.798979,32.280093300000004],[-64.7990103,32.280113699999994],[-64.7990286,32.2801534],[-64.7990071,32.2801988],[-64.7990434,32.280215799999986],[-64.7990407,32.28024640000001],[-64.7989763,32.28024980000001],[-64.7989387,32.2802373],[-64.7988717,32.28019309999999],[-64.7988601,32.2801409]]]}},{"type":"Feature","properties":{"area_m2":1586.35,"protected":true,"render":true},"geometry":{"type":"Polygon","coordinates":[[[-64.8129423,32.28182079999999],[-64.812893,32.282011699999984],[-64.8128489,32.2820846],[-64.812728,32.2820085],[-64.8126142,32.2819796],[-64.8125839,32.28183370000001],[-64.8124606,32.281832099999995],[-64.812343,32.281808],[-64.8122966,32.28177130000001],[-64.8122918,32.2816846],[-64.8123471,32.2816347],[-64.8124947,32.281658900000004],[-64.8126009,32.281726199999994],[-64.8126828,32.2816806],[-64.8128702,32.2816894],[-64.8129423,32.28182079999999]]]}},{"type":"Feature","properties":{"area_m2":116027.71,"protected":true,"render":true},"geometry":{"type":"Polygon","coordinates":[[[-64.8040218,32.2815681],[-64.8042388,32.28180050000001],[-64.8044484,32.2821537],[-64.8045465,32.282559199999994],[-64.8048285,32.2828605],[-64.8049061,32.2830737],[-64.8050959,32.28314009999999],[-64.8053037,32.2831513],[-64.8053377,32.2836203],[-64.8055825,32.283677999999995],[-64.8056923,32.2838451],[-64.8059284,32.2839194],[-64.8060441,32.28400659999999],[-64.8060768,32.284221300000006],[-64.8061187,32.28435170000001],[-64.8059787,32.28440290000001],[-64.8057075,32.2842331],[-64.8055781,32.284220299999994],[-64.8053967,32.2841126],[-64.8051872,32.28407840000001],[-64.805006,32.283924],[-64.8047915,32.283816900000005],[-64.8043906,32.2837585],[-64.8042887,32.2836697],[-64.8039125,32.28368650000001],[-64.803802,32.28359449999999],[-64.8035784,32.28353409999999],[-64.803067,32.28354070000001],[-64.8029185,32.28366129999999],[-64.8027105,32.2836619],[-64.8026182,32.2837543],[-64.802438,32.2837512],[-64.802375,32.283855],[-64.8021286,32.28389409999999],[-64.80182,32.2839173],[-64.8015368,32.2840343],[-64.8010686,32.2839232],[-64.8004702,32.28346189999998],[-64.8003415,32.2834754],[-64.8002911,32.283287800000004],[-64.8003233,32.2831727],[-64.8002764,32.28312269999999],[-64.8002628,32.28303979999999],[-64.8001108,32.283083100000006],[-64.8000908,32.28294429999999],[-64.8001975,32.2829105],[-64.8001377,32.282662300000005],[-64.8001807,32.28242250000001],[-64.8002941,32.28224519999999],[-64.8006588,32.2821545],[-64.8007336,32.2820029],[-64.8008206,32.28196749999999],[-64.8008576,32.281908099999995],[-64.8010831,32.281834999999994],[-64.8012242,32.281843800000004],[-64.801333,32.281750599999995],[-64.8014648,32.2817568],[-64.8015844,32.281697900000005],[-64.8016804,32.28151069999999],[-64.8021575,32.2811821],[-64.8021546,32.2811343],[-64.8022097,32.281116],[-64.8022245,32.2810538],[-64.8020892,32.28091189999999],[-64.8020078,32.28078899999999],[-64.8019781,32.2805732],[-64.8020014,32.28041809999999],[-64.8020106,32.2801569],[-64.8019126,32.2800308],[-64.8018907,32.27994940000001],[-64.8019315,32.2799031],[-64.802005,32.279893699999995],[-64.8022405,32.28001999999999],[-64.80243,32.28016989999999],[-64.8025957,32.2803998],[-64.8026009,32.28054170000001],[-64.8027912,32.2806751],[-64.8031713,32.28117939999999],[-64.8036401,32.2813558],[-64.8038431,32.28149199999999],[-64.8040218,32.2815681]],[[-64.8017833,32.2828267],[-64.8017608,32.2829333],[-64.8014744,32.283222800000004],[-64.8015034,32.28326719999999],[-64.8016609,32.2833725],[-64.8018334,32.28316910000001],[-64.8018668,32.2828075],[-64.8017833,32.2828267]]]}},{"type":"Feature","properties":{"area_m2":2866.94,"protected":true,"render":true},"geometry":{"type":"Polygon","coordinates":[[[-64.8144208,32.2840647],[-64.8143653,32.284119399999994],[-64.8142255,32.284101400000004],[-64.8141152,32.284023100000006],[-64.8140663,32.28384410000001],[-64.814153,32.283705],[-64.8142822,32.2836302],[-64.814445,32.2836227],[-64.8146485,32.283706499999994],[-64.8147723,32.28372439999999],[-64.8148396,32.2838187],[-64.8148447,32.283914200000005],[-64.8147794,32.2840072],[-64.814496,32.2840367],[-64.8144208,32.2840647]]]}},{"type":"Feature","properties":{"area_m2":94914.54,"protected":true,"render":true},"geometry":{"type":"Polygon","coordinates":[[[-64.8102555,32.28265040000001],[-64.8103507,32.28279930000001],[-64.8103808,32.2830644],[-64.8101462,32.28357119999999],[-64.8101063,32.28374199999999],[-64.8101169,32.28389609999999],[-64.8102233,32.2839309],[-64.8102877,32.28401099999999],[-64.8103426,32.2841863],[-64.8104031,32.2842122],[-64.81048370000002,32.2842174],[-64.8106022,32.28419809999999],[-64.810741,32.2841015],[-64.810909,32.2840602],[-64.8110352,32.284065],[-64.8111264,32.28414229999999],[-64.811204,32.2843228],[-64.8112234,32.284450799999995],[-64.8114603,32.2845001],[-64.8120878,32.28448199999999],[-64.8122045,32.2844418],[-64.8122461,32.2843597],[-64.8122422,32.2843174],[-64.8121902,32.2842867],[-64.8118175,32.2841882],[-64.8116022,32.28400799999999],[-64.811371,32.2835482],[-64.8113205,32.28321009999999],[-64.81144490000001,32.28296829999999],[-64.8118163,32.282768899999986],[-64.8122107,32.28266729999999],[-64.8126467,32.2827907],[-64.812756,32.28286],[-64.8127992,32.28297729999999],[-64.8128269,32.2832247],[-64.8131103,32.283555500000006],[-64.8132378,32.2842053],[-64.8132054,32.284240399999995],[-64.8131315,32.2842665],[-64.8130591,32.2845074],[-64.8130298,32.28467609999999],[-64.8130715,32.28472],[-64.813264,32.28483430000001],[-64.8135063,32.284869],[-64.8135852,32.2849007],[-64.8137934,32.2850499],[-64.8138728,32.2850687],[-64.8141354,32.28501870000001],[-64.8142826,32.2850105],[-64.8144332,32.28505189999999],[-64.8145967,32.28516439999999],[-64.8147601,32.285444699999985],[-64.81508,32.285597700000004],[-64.8151146,32.28564730000001],[-64.8150905,32.28567569999999],[-64.8148514,32.285677799999995],[-64.8147405,32.285655999999996],[-64.8146702,32.28566779999999],[-64.8146447,32.285654099999995],[-64.8146541,32.285574100000005],[-64.8145408,32.2855455],[-64.8145128,32.28554749999999],[-64.8144603,32.28560370000001],[-64.814298,32.2856235],[-64.812726,32.2852944],[-64.812198,32.28503839999999],[-64.8115689,32.28502259999999],[-64.8113744,32.2850532],[-64.8111008,32.285007900000004],[-64.8110364,32.2850532],[-64.8109594,32.2850646],[-64.8109345,32.28505100000001],[-64.8109399,32.284950099999996],[-64.8110448,32.2846642],[-64.8109978,32.28461759999999],[-64.8109422,32.2845779],[-64.8108584,32.284561399999994],[-64.810566,32.284583],[-64.8103499,32.2845427],[-64.8102696,32.2844747],[-64.8101663,32.2842049],[-64.809764,32.2840739],[-64.809695,32.28406600000001],[-64.8096471,32.28408979999999],[-64.8093188,32.28431260000001],[-64.8091985,32.2843083],[-64.8090445,32.284268899999994],[-64.8089133,32.2841784],[-64.8088201,32.28421779999999],[-64.8087646,32.2843872],[-64.8084513,32.2845263],[-64.80832450000001,32.2845178],[-64.8082096,32.2844645],[-64.8080358,32.28432879999998],[-64.8079022,32.2841416],[-64.8077982,32.2839021],[-64.8077644,32.2837132],[-64.8078035,32.28357],[-64.8081326,32.28313469999999],[-64.8085502,32.2829532],[-64.8088351,32.282493900000006],[-64.809097,32.2823435],[-64.8092456,32.2822927],[-64.8093881,32.28226720000001],[-64.8097411,32.28228589999999],[-64.8098706,32.28232810000001],[-64.8102555,32.28265040000001]]]}},{"type":"Feature","properties":{"area_m2":1241.07,"protected":true,"render":true},"geometry":{"type":"Polygon","coordinates":[[[-64.7956723,32.284204499999994],[-64.7955972,32.28442220000001],[-64.7954577,32.284395],[-64.7953719,32.28418630000001],[-64.7953719,32.2839687],[-64.7954577,32.2838689],[-64.7955818,32.2839301],[-64.7956723,32.284204499999994]]]}},{"type":"Feature","properties":{"area_m2":5067.07,"protected":true,"render":true},"geometry":{"type":"Polygon","coordinates":[[[-64.8076558,32.2856265],[-64.8073826,32.2854429],[-64.8073553,32.2852725],[-64.8072775,32.28513039999999],[-64.8069276,32.28506269999999],[-64.806896,32.2850158],[-64.8068937,32.2849493],[-64.806923,32.2849031],[-64.8069746,32.28489140000001],[-64.8075157,32.2849366],[-64.8076768,32.285058],[-64.8080881,32.285233],[-64.8081707,32.285363],[-64.8081326,32.285532100000005],[-64.8079498,32.28563280000001],[-64.8076558,32.2856265]]]}},{"type":"Feature","properties":{"area_m2":5197.0,"protected":true,"render":true},"geometry":{"type":"Polygon","coordinates":[[[-64.79766810000001,32.285469400000004],[-64.7977613,32.2856549],[-64.7977923,32.2858026],[-64.7977069,32.28586490000001],[-64.7976273,32.28588459999999],[-64.7973555,32.28580589999999],[-64.7971381,32.285778],[-64.7968722,32.28587809999999],[-64.79671490000001,32.285842],[-64.7966353,32.28564829999999],[-64.796678,32.2854743],[-64.7968527,32.2853463],[-64.79727790000001,32.2853266],[-64.7975167,32.2853677],[-64.79766810000001,32.285469400000004]]]}},{"type":"Feature","properties":{"area_m2":530.57,"protected":true,"render":true},"geometry":{"type":"Polygon","coordinates":[[[-64.7989446,32.286481099999996],[-64.7988266,32.28642670000001],[-64.79873,32.28626340000001],[-64.7988266,32.286136400000004],[-64.79892310000001,32.286209],[-64.7989875,32.286345000000004],[-64.7989446,32.286481099999996]]]}},{"type":"Feature","properties":{"area_m2":19693.82,"protected":true,"render":true},"geometry":{"type":"Polygon","coordinates":[[[-64.811256,32.2871392],[-64.8113151,32.287310899999994],[-64.8111478,32.28741939999998],[-64.8104662,32.2872013],[-64.8100895,32.28696589999999],[-64.8099404,32.286680000000004],[-64.809803,32.286585300000006],[-64.8096209,32.28653080000001],[-64.8093855,32.2863579],[-64.8092385,32.28634910000001],[-64.808916,32.286130799999995],[-64.8089271,32.28574089999999],[-64.809247,32.2856621],[-64.8094783,32.2855373],[-64.809429,32.28548049999999],[-64.8094492,32.285381900000004],[-64.8098617,32.28543309999999],[-64.8101038,32.285643500000006],[-64.810115,32.28577800000001],[-64.8099098,32.2859098],[-64.8104127,32.28624190000001],[-64.811256,32.2871392]]]}},{"type":"Feature","properties":{"area_m2":4553.45,"protected":true,"render":true},"geometry":{"type":"Polygon","coordinates":[[[-64.8014897,32.2873035],[-64.8015738,32.28737820000001],[-64.8016155,32.28748409999999],[-64.801551,32.28757710000001],[-64.8014828,32.28760270000001],[-64.8014903,32.28768929999998],[-64.8014676,32.287811100000006],[-64.8012265,32.2878002],[-64.8011234,32.28770480000001],[-64.8009327,32.28764439999999],[-64.8006293,32.28746480000001],[-64.8005724,32.28733330000001],[-64.8001691,32.28709990000001],[-64.8001174,32.2870365],[-64.800121,32.286894],[-64.8002046,32.2868489],[-64.8002748,32.28683929999999],[-64.80035330000001,32.28689119999999],[-64.8005055,32.28707579999999],[-64.8005534,32.287198700000005],[-64.8006934,32.287293899999995],[-64.8007658,32.287375],[-64.8009176,32.287419899999996],[-64.8010541,32.2874135],[-64.8012969,32.2872724],[-64.8014897,32.2873035]]]}},{"type":"Feature","properties":{"area_m2":201.11,"protected":false,"render":false},"geometry":{"type":"Polygon","coordinates":[[[-64.7863843,32.287829000000016],[-64.7864078,32.287796799999995],[-64.7864303,32.2877943],[-64.7864371,32.287815],[-64.7863784,32.28796049999999],[-64.78635,32.287969600000004],[-64.7863021,32.2879357],[-64.7862825,32.2878943],[-64.7862806,32.2878059],[-64.7862943,32.28778270000001],[-64.7863148,32.28778349999999],[-64.7863843,32.287829000000016]]]}},{"type":"Feature","properties":{"area_m2":16965.76,"protected":true,"render":true},"geometry":{"type":"Polygon","coordinates":[[[-64.7848469,32.2875876],[-64.7849556,32.2876781],[-64.7850871,32.28769449999999],[-64.7852889,32.2877522],[-64.7853491,32.28780390000001],[-64.7853812,32.287907100000005],[-64.7855222,32.28787489999999],[-64.7854785,32.287736699999996],[-64.7854846,32.287676399999995],[-64.7855121,32.2876256],[-64.7855702,32.2875945],[-64.7856538,32.287587599999995],[-64.7857507,32.2876014],[-64.7858271,32.28763680000001],[-64.7859841,32.287769000000004],[-64.786034,32.2878384],[-64.7860411,32.28789869999999],[-64.7860106,32.2879521],[-64.7859341,32.287977100000006],[-64.7858893,32.288060699999996],[-64.785823,32.28808399999999],[-64.7857629,32.28806839999999],[-64.7856757,32.28809170000001],[-64.7855657,32.288252],[-64.7854148,32.28841400000001],[-64.7853068,32.288453600000004],[-64.7852069,32.28842259999999],[-64.7851722,32.2884725],[-64.785052,32.288526],[-64.7849765,32.2885311],[-64.7849398,32.288632799999995],[-64.7848155,32.288682800000004],[-64.7846748,32.28870349999999],[-64.7846259,32.2886707],[-64.7845485,32.28868800000001],[-64.7843018,32.288619000000004],[-64.7842692,32.2885673],[-64.7838921,32.2884881],[-64.7838595,32.28835539999999],[-64.7839328,32.2883433],[-64.7839491,32.2884092],[-64.7841352,32.28838209999999],[-64.7841265,32.2883519],[-64.7841775,32.288336400000006],[-64.7841917,32.2881917],[-64.7840791,32.28798739999999],[-64.7840302,32.287847],[-64.7840241,32.28778069999999],[-64.7840862,32.28769449999999],[-64.784109,32.2875844],[-64.7841994,32.287472199999996],[-64.7843278,32.28740929999998],[-64.7844032,32.2874033],[-64.7844348,32.2873679],[-64.78449290000002,32.28737219999999],[-64.7847457,32.2875506],[-64.7848469,32.2875876]]]}},{"type":"Feature","properties":{"area_m2":267.66,"protected":true,"render":true},"geometry":{"type":"Polygon","coordinates":[[[-64.8023058,32.288266899999996],[-64.802247,32.28824430000001],[-64.8022363,32.2881358],[-64.8022817,32.28810639999999],[-64.8023646,32.28810409999999],[-64.802402,32.28812000000001],[-64.80242610000002,32.28816519999999],[-64.8024207,32.2882217],[-64.8023806,32.288260099999995],[-64.8023058,32.288266899999996]]]}},{"type":"Feature","properties":{"area_m2":887.9,"protected":true,"render":true},"geometry":{"type":"Polygon","coordinates":[[[-64.8035702,32.288812699999994],[-64.8036427,32.28872969999999],[-64.8037125,32.28873409999999],[-64.8037921,32.28876459999999],[-64.8038922,32.288856],[-64.8038566,32.289014699999996],[-64.8037581,32.28906799999999],[-64.8036546,32.289052399999996],[-64.803538,32.288921699999996],[-64.8035702,32.288812699999994]]]}},{"type":"Feature","properties":{"area_m2":552.21,"protected":false,"render":true},"geometry":{"type":"Polygon","coordinates":[[[-64.7601133,32.289518],[-64.7600452,32.28958719999999],[-64.7599902,32.289590899999986],[-64.7599686,32.28950689999999],[-64.7599896,32.2893753],[-64.7600456,32.2892534],[-64.7600931,32.2892188],[-64.760158,32.2892306],[-64.7601818,32.28927579999999],[-64.7601532,32.28944959999999],[-64.7601133,32.289518]]]}},{"type":"Feature","properties":{"area_m2":967.26,"protected":true,"render":true},"geometry":{"type":"Polygon","coordinates":[[[-64.81410440000002,32.289646499999996],[-64.813922,32.2895467],[-64.8139006,32.2893472],[-64.8140722,32.289301800000004],[-64.8143029,32.2894243],[-64.8142942,32.28947729999999],[-64.8142224,32.28957389999999],[-64.81410440000002,32.289646499999996]]]}},{"type":"Feature","properties":{"area_m2":5188.65,"protected":true,"render":true},"geometry":{"type":"Polygon","coordinates":[[[-64.8132354,32.29024509999999],[-64.812861,32.2903104],[-64.812743,32.290387499999994],[-64.8126143,32.2904034],[-64.8125581,32.2903862],[-64.8127848,32.2901521],[-64.8126989,32.289973],[-64.8128814,32.28971670000001],[-64.8131522,32.289592],[-64.8133787,32.2895826],[-64.8134714,32.289619300000005],[-64.8135955,32.2897211],[-64.813625,32.28978010000001],[-64.8136646,32.289782499999994],[-64.81369250000002,32.2898207],[-64.8134607,32.2900546],[-64.8132354,32.29024509999999]]]}},{"type":"Feature","properties":{"area_m2":693.62,"protected":true,"render":true},"geometry":{"type":"Polygon","coordinates":[[[-64.81181060000002,32.29005930000001],[-64.8117905,32.2900253],[-64.8118978,32.2899425],[-64.8118991,32.289897199999984],[-64.8119439,32.28985059999999],[-64.8120123,32.289866399999994],[-64.812044,32.28996070000001],[-64.8121223,32.2900682],[-64.8120775,32.2901285],[-64.8119882,32.290148699999996],[-64.8118375,32.2901205],[-64.8117851,32.2901478],[-64.8116851,32.29015209999999],[-64.8117087,32.2901035],[-64.8117717,32.2900956],[-64.81181060000002,32.29005930000001]]]}},{"type":"Feature","properties":{"area_m2":781.45,"protected":true,"render":true},"geometry":{"type":"Polygon","coordinates":[[[-64.8122261,32.29069929999999],[-64.8122664,32.290873899999994],[-64.8122329,32.2909374],[-64.8121604,32.290980399999995],[-64.8121095,32.2909804],[-64.8118842,32.2908172],[-64.8120116,32.29077749999999],[-64.8120572,32.2907378],[-64.8121336,32.2905984],[-64.8121873,32.2906256],[-64.8122261,32.29069929999999]]]}},{"type":"Feature","properties":{"area_m2":13165.8,"protected":true,"render":true},"geometry":{"type":"Polygon","coordinates":[[[-64.8011514,32.29085619999999],[-64.8012728,32.2909043],[-64.8014245,32.290997299999994],[-64.8015513,32.29112719999999],[-64.8013,32.29124000000001],[-64.8010086,32.29133389999999],[-64.8008673,32.2913603],[-64.8008244,32.2914329],[-64.8008781,32.2915304],[-64.8007868,32.2916269],[-64.8006823,32.29165739999999],[-64.8005884,32.2916234],[-64.8004677,32.29152810000001],[-64.8003953,32.29135129999999],[-64.8002795,32.29119789999999],[-64.8001196,32.29107419999999],[-64.7998844,32.2909428],[-64.7995967,32.29086229999999],[-64.7994748,32.2906446],[-64.7995051,32.290570800000005],[-64.7996113,32.290525900000006],[-64.7998769,32.29022450000001],[-64.8000192,32.290179099999996],[-64.8003169,32.2903047],[-64.8005446,32.2905072],[-64.8006962,32.290740799999995],[-64.8007,32.2908594],[-64.8006431,32.29095240000001],[-64.8007341,32.2909556],[-64.8009428,32.290878600000006],[-64.8010224,32.29091069999999],[-64.8011514,32.29085619999999]]]}},{"type":"Feature","properties":{"area_m2":3751.13,"protected":true,"render":true},"geometry":{"type":"Polygon","coordinates":[[[-64.81116320000001,32.29109270000001],[-64.8111337,32.29099059999999],[-64.81116320000001,32.2909113],[-64.8113349,32.290875],[-64.8118793,32.29089090000001],[-64.8119598,32.2909204],[-64.8120295,32.29100880000001],[-64.8119759,32.291206],[-64.811882,32.2913421],[-64.8117345,32.2913852],[-64.8115146,32.291357999999995],[-64.8113402,32.29130809999999],[-64.8112383,32.2912287],[-64.81116320000001,32.29109270000001]]]}},{"type":"Feature","properties":{"area_m2":667.53,"protected":true,"render":true},"geometry":{"type":"Polygon","coordinates":[[[-64.7707343,32.2930937],[-64.7707048,32.2929463],[-64.7707853,32.2928851],[-64.7709408,32.2929123],[-64.7710186,32.292978000000005],[-64.7710133,32.2930959],[-64.7708979,32.2931458],[-64.7708336,32.2931594],[-64.7707343,32.2930937]]]}},{"type":"Feature","properties":{"area_m2":4585.27,"protected":true,"render":true},"geometry":{"type":"Polygon","coordinates":[[[-64.8111525,32.29295990000001],[-64.8108471,32.29340239999999],[-64.8106328,32.2936012],[-64.81039,32.2937759],[-64.8103104,32.2937695],[-64.8102611,32.293631600000005],[-64.8102611,32.293556300000006],[-64.8103047,32.29344079999999],[-64.810354,32.29339110000001],[-64.8106252,32.293323799999996],[-64.81072,32.29320839999999],[-64.8108756,32.2929134],[-64.8109685,32.2928396],[-64.8111051,32.2927643],[-64.8111563,32.2926633],[-64.8111052,32.29263040000001],[-64.8111014,32.2925775],[-64.8111449,32.2925494],[-64.811145,32.2924748],[-64.8111033,32.2923786],[-64.8111676,32.29236829999999],[-64.8113232,32.29239710000001],[-64.8114351,32.292449999999995],[-64.8115508,32.292527],[-64.8115413,32.2925575],[-64.8115071,32.2925911],[-64.8114294,32.29262640000001],[-64.8113307,32.29277870000001],[-64.8111525,32.29295990000001]]]}},{"type":"Feature","properties":{"area_m2":27292.85,"protected":true,"render":true},"geometry":{"type":"Polygon","coordinates":[[[-64.8098021,32.293684500000005],[-64.8097484,32.294056299999994],[-64.8095741,32.294405499999996],[-64.8095929,32.29456880000001],[-64.8096894,32.29467309999999],[-64.8096492,32.29478420000001],[-64.8095794,32.2948454],[-64.8095955,32.29492699999999],[-64.8095392,32.29501770000001],[-64.8095339,32.29509929999999],[-64.80942920000001,32.2951787],[-64.8093756,32.29526479999999],[-64.8094158,32.295326],[-64.8094775,32.2953555],[-64.809617,32.2953827],[-64.8095768,32.2954847],[-64.8094775,32.2955052],[-64.8093059,32.2954893],[-64.8089894,32.295337399999994],[-64.8089572,32.2953011],[-64.808933,32.2951741],[-64.8089894,32.295058499999996],[-64.80899200000002,32.2949383],[-64.8089169,32.29483630000001],[-64.8089304,32.2947751],[-64.8088955,32.29471840000001],[-64.8087989,32.29462319999999],[-64.808697,32.2944214],[-64.8087476,32.2942083],[-64.8085924,32.293782],[-64.8086755,32.29364369999999],[-64.8087694,32.2934011],[-64.8088821,32.2932583],[-64.8090967,32.29321290000001],[-64.8092059,32.29303949999999],[-64.8092305,32.2930351],[-64.8093166,32.29290230000001],[-64.8092737,32.2926597],[-64.8093112,32.2925715],[-64.8096196,32.29258169999999],[-64.8098933,32.2924942],[-64.8100542,32.29255539999999],[-64.8101937,32.29252819999999],[-64.8104592,32.29262109999999],[-64.8105236,32.2926869],[-64.8105343,32.29276169999999],[-64.8104726,32.292832],[-64.8103814,32.29286599999999],[-64.8102017,32.29279569999999],[-64.8099737,32.292832],[-64.809912,32.2929227],[-64.8098959,32.29300659999999],[-64.8100408,32.2932378],[-64.8100891,32.29334440000001],[-64.8100435,32.293444199999996],[-64.8098021,32.293684500000005]]]}},{"type":"Feature","properties":{"area_m2":1152.63,"protected":true,"render":true},"geometry":{"type":"Polygon","coordinates":[[[-64.8056321,32.296503799999996],[-64.8055221,32.29648459999999],[-64.8054652,32.2964044],[-64.8054728,32.2963147],[-64.8055145,32.2962313],[-64.8057231,32.2961255],[-64.80585590000001,32.2961672],[-64.8058824,32.296266599999996],[-64.8058179,32.2964141],[-64.8056321,32.296503799999996]]]}},{"type":"Feature","properties":{"area_m2":5095.98,"protected":true,"render":true},"geometry":{"type":"Polygon","coordinates":[[[-64.807339,32.2961608],[-64.807597,32.296067799999996],[-64.8077108,32.2961095],[-64.8076539,32.296260199999985],[-64.8074035,32.2963948],[-64.8071342,32.2964718],[-64.8069445,32.29646540000001],[-64.8065349,32.29662249999999],[-64.8062314,32.296689799999996],[-64.8060948,32.29668979999999],[-64.8060569,32.2966064],[-64.8060645,32.2964654],[-64.8062124,32.2964525],[-64.8064552,32.29635309999999],[-64.8066335,32.2962281],[-64.8066752,32.29608699999999],[-64.8068004,32.296080599999996],[-64.8071038,32.2961543],[-64.807339,32.2961608]]]}},{"type":"Feature","properties":{"area_m2":4426.23,"protected":true,"render":true},"geometry":{"type":"Polygon","coordinates":[[[-64.8092053,32.2964654],[-64.8092736,32.29665129999999],[-64.8092963,32.296773200000004],[-64.8091673,32.2968309],[-64.8089284,32.2968501],[-64.8087197,32.29674109999999],[-64.8086059,32.2966481],[-64.8085339,32.296503799999996],[-64.8085566,32.2963692],[-64.8086477,32.296253699999994],[-64.8088032,32.29610949999999],[-64.8090573,32.29610950000001],[-64.8092015,32.29618320000001],[-64.8092318,32.2963371],[-64.8092053,32.2964654]]]}},{"type":"Feature","properties":{"area_m2":1989.43,"protected":true,"render":true},"geometry":{"type":"Polygon","coordinates":[[[-64.8095656,32.297587599999986],[-64.8093987,32.297674199999996],[-64.8092356,32.29760679999999],[-64.8091673,32.2975235],[-64.8090877,32.297356699999995],[-64.8091256,32.29725410000001],[-64.8092887,32.29719],[-64.809467,32.297202799999994],[-64.8096263,32.297283],[-64.8096112,32.29743049999999],[-64.8095656,32.297587599999986]]]}},{"type":"Feature","properties":{"area_m2":5097.31,"protected":true,"render":true},"geometry":{"type":"Polygon","coordinates":[[[-64.8091446,32.29853669999999],[-64.8089924,32.2985195],[-64.808678,32.2983892],[-64.8084808,32.298235299999995],[-64.808462,32.29805389999999],[-64.8086515,32.29796269999999],[-64.8088411,32.2979756],[-64.8090194,32.29805890000001],[-64.809171,32.298046899999996],[-64.8093077,32.2979178],[-64.8094466,32.29788069999999],[-64.8095201,32.29795310000001],[-64.8094522,32.2982041],[-64.8094556,32.2984052],[-64.8093305,32.2986425],[-64.8092053,32.29862959999999],[-64.8091446,32.29853669999999]]]}},{"type":"Feature","properties":{"area_m2":2658.19,"protected":true,"render":true},"geometry":{"type":"Polygon","coordinates":[[[-64.80927690000001,32.2997187],[-64.8091344,32.299541],[-64.8090996,32.2993098],[-64.809113,32.2992372],[-64.809181,32.29920489999999],[-64.8092954,32.2991805],[-64.8094831,32.2992395],[-64.8096548,32.29948889999999],[-64.8096833,32.2996512],[-64.809636,32.299779099999995],[-64.8094322,32.299779099999995],[-64.80927690000001,32.2997187]]]}},{"type":"Feature","properties":{"area_m2":4394.0,"protected":true,"render":true},"geometry":{"type":"Polygon","coordinates":[[[-64.8009677,32.300741499999994],[-64.8008935,32.3006695],[-64.8010139,32.3004308],[-64.8010599,32.3003717],[-64.8015217,32.300470700000005],[-64.8016298,32.3004775],[-64.8017444,32.30044709999999],[-64.8022749,32.300566800000006],[-64.8023468,32.3006371],[-64.8022749,32.3007568],[-64.8020793,32.3007891],[-64.8018568,32.30076820000001],[-64.8014724,32.300696],[-64.8013443,32.3007302],[-64.8014565,32.300837399999985],[-64.8013387,32.3008668],[-64.8011319,32.30082909999999],[-64.8009677,32.300741499999994]]]}},{"type":"Feature","properties":{"area_m2":880.75,"protected":true,"render":true},"geometry":{"type":"Polygon","coordinates":[[[-64.8095687,32.3011745],[-64.8095516,32.30125309999999],[-64.8095118,32.3013124],[-64.8093752,32.301362100000006],[-64.8092596,32.301285099999994],[-64.8092387,32.301217799999996],[-64.8092747,32.30110719999999],[-64.8093544,32.3010367],[-64.809434,32.30100459999999],[-64.8095099,32.30102540000001],[-64.8095535,32.301104],[-64.8095687,32.3011745]]]}},{"type":"Feature","properties":{"area_m2":39788916.92,"protected":true,"render":true},"geometry":{"type":"Polygon","coordinates":[[[-64.8840739,32.2830243],[-64.8841656,32.2829332],[-64.8841869,32.2827608],[-64.8841709,32.282596],[-64.8841334,32.2824657],[-64.8840882,32.282428199999984],[-64.8837819,32.28244020000001],[-64.8836679,32.2824041],[-64.8836038,32.28230779999999],[-64.8839742,32.28216929999999],[-64.8840882,32.2821813],[-64.8848462,32.2819467],[-64.8848952,32.2817568],[-64.8847616,32.281719200000005],[-64.8847883,32.281636400000004],[-64.8849753,32.28156109999998],[-64.8850999,32.28161380000001],[-64.8851623,32.28168900000001],[-64.8852869,32.2816364],[-64.8854739,32.281658900000004],[-64.8856341,32.28150089999999],[-64.8854383,32.281531],[-64.8852424,32.281531],[-64.8852246,32.2814632],[-64.88530470000002,32.28138799999999],[-64.8848239,32.281282600000004],[-64.8845479,32.2813654],[-64.8842541,32.281335299999995],[-64.883987,32.281214799999994],[-64.8837912,32.2809966],[-64.8836309,32.2806955],[-64.8835508,32.2804395],[-64.8838446,32.2801008],[-64.8838179,32.279927699999995],[-64.8835508,32.279701900000006],[-64.8831501,32.2795212],[-64.8828741,32.2794234],[-64.8828207,32.2792051],[-64.8829186,32.27891899999999],[-64.882981,32.2786631],[-64.8831857,32.27848999999999],[-64.8830522,32.27838460000001],[-64.8831056,32.27810610000001],[-64.8831768,32.2778652],[-64.8832048,32.277543699999995],[-64.8830166,32.277278100000004],[-64.882794,32.2771275],[-64.882518,32.2770522],[-64.8821262,32.2767285],[-64.8819304,32.2765404],[-64.8818502,32.27635219999999],[-64.8812181,32.2759382],[-64.8808086,32.275945699999994],[-64.8805504,32.275907999999994],[-64.8803189,32.2757424],[-64.8801319,32.2755768],[-64.8799539,32.2758478],[-64.8800073,32.27623169999999],[-64.880123,32.2765479],[-64.8802566,32.2768339],[-64.880399,32.2768942],[-64.8807819,32.2767737],[-64.8810133,32.2768038],[-64.8811202,32.27692429999998],[-64.8812626,32.277134999999994],[-64.8811202,32.2773082],[-64.8809599,32.27740599999999],[-64.88071950000001,32.27746619999999],[-64.8803011,32.277391],[-64.8805148,32.2776394],[-64.8805771,32.27786520000001],[-64.8805237,32.27803080000001],[-64.8806305,32.2781588],[-64.8808086,32.2783319],[-64.8808442,32.2785126],[-64.880773,32.27869319999999],[-64.8806572,32.27881360000001],[-64.880497,32.278866300000004],[-64.8803189,32.2788513],[-64.8801408,32.2787459],[-64.8798826,32.2786405],[-64.8796868,32.2786104],[-64.8794543,32.278612700000004],[-64.8793395,32.27858030000001],[-64.8791437,32.2785502],[-64.8789211,32.27859539999999],[-64.8788231,32.2787083],[-64.8787074,32.2789491],[-64.8787252,32.279122300000004],[-64.87887660000001,32.279235199999995],[-64.8789363,32.2793001],[-64.8789602,32.2793434],[-64.8789188,32.2793834],[-64.8789638,32.2794079],[-64.8789009,32.279475999999995],[-64.8788557,32.2794887],[-64.8787464,32.27948219999999],[-64.8785729,32.27935540000001],[-64.8785237,32.2792449],[-64.8783377,32.27920689999999],[-64.8782762,32.2792118],[-64.8772298,32.278680299999984],[-64.8769351,32.27859819999999],[-64.8764431,32.27834579999999],[-64.8762057,32.2783119],[-64.8761719,32.2781581],[-64.8754447,32.2776439],[-64.87493200000002,32.27739079999999],[-64.8744314,32.276864800000006],[-64.8738257,32.27597479999999],[-64.8735354,32.2757729],[-64.8732965,32.27567710000001],[-64.8731391,32.275535000000005],[-64.8731426,32.27546019999999],[-64.8730647,32.275333],[-64.873001,32.275349399999996],[-64.8729515,32.275268600000004],[-64.8729922,32.2752537],[-64.8728117,32.27512049999999],[-64.872679,32.2749634],[-64.872594,32.2749051],[-64.8725137,32.2748958],[-64.8721542,32.2750655],[-64.8719317,32.2750889],[-64.8716962,32.27505360000001],[-64.8703416,32.2740741],[-64.8701018,32.274001299999995],[-64.869624,32.2742573],[-64.8680669,32.274325999999995],[-64.86622060000002,32.273780800000004],[-64.8658433,32.2738527],[-64.8658194,32.273683600000005],[-64.8653685,32.2736714],[-64.8649867,32.2735044],[-64.8644664,32.2734083],[-64.863882,32.2728006],[-64.8638385,32.27223909999999],[-64.8624529,32.27185579999999],[-64.8617358,32.27173639999999],[-64.8598522,32.2715158],[-64.8586751,32.2711526],[-64.858273,32.271357200000004],[-64.8576561,32.2713299],[-64.8570338,32.2712571],[-64.8567502,32.27070319999999],[-64.8566153,32.2706621],[-64.8566187,32.270637199999996],[-64.8562889,32.2706101],[-64.8562874,32.2706385],[-64.8557441,32.27065579999999],[-64.8554638,32.27097680000001],[-64.8554747,32.27113159999998],[-64.8555971,32.2712956],[-64.8558472,32.271438100000005],[-64.856404,32.2714876],[-64.85651780000002,32.2715838],[-64.8565368,32.27171859999999],[-64.8567983,32.27182869999999],[-64.8572575,32.2718436],[-64.8577999,32.27181160000001],[-64.8581679,32.271894999999994],[-64.8583765,32.2718789],[-64.8591352,32.27194309999999],[-64.8596131,32.271850099999995],[-64.8597876,32.2719366],[-64.85983310000002,32.272100200000004],[-64.8597762,32.272225299999995],[-64.8595918,32.272265499999996],[-64.8594513,32.2722699],[-64.859083,32.2721691],[-64.8587665,32.2721126],[-64.8577807,32.27217019999999],[-64.85675650000002,32.2722087],[-64.8563079,32.2724075],[-64.8557261,32.27254279999999],[-64.85106660000001,32.27195439999999],[-64.8509652,32.2718066],[-64.8503603,32.27172680000001],[-64.8502164,32.2718559],[-64.8493195,32.27168819999999],[-64.8484342,32.27088729999999],[-64.84793740000002,32.27059179999999],[-64.8477349,32.2701468],[-64.847666,32.2699289],[-64.8478095,32.2697063],[-64.8480913,32.26963349999998],[-64.8487369,32.269639999999995],[-64.850047,32.2693285],[-64.8499825,32.26913909999999],[-64.85013430000001,32.26909729999999],[-64.8501913,32.2692771],[-64.8517748,32.2689143],[-64.852053,32.2689168],[-64.8537959,32.26924429999999],[-64.854182,32.26929439999999],[-64.85444700000001,32.2691718],[-64.8537094,32.267971200000005],[-64.8538677,32.26790739999999],[-64.8547635,32.2693552],[-64.8555895,32.269489699999994],[-64.8561384,32.26947779999999],[-64.8566352,32.269487999999996],[-64.8573918,32.269822100000006],[-64.8583209,32.2701347],[-64.8595998,32.27067649999999],[-64.8598543,32.27082909999999],[-64.8599162,32.2709797],[-64.8598667,32.27113229999999],[-64.8600116,32.2711997],[-64.8619223,32.27135069999999],[-64.8620942,32.2713204],[-64.8624329,32.27096709999999],[-64.8625923,32.270919],[-64.8629722,32.2710281],[-64.8630774,32.27103350000001],[-64.8631466,32.2710115],[-64.863201,32.27081189999999],[-64.8634127,32.270554],[-64.8635038,32.2705161],[-64.8636719,32.27054739999999],[-64.8637127,32.270567299999996],[-64.8637424,32.2706143],[-64.8637362,32.2706645],[-64.8636855,32.270668699999995],[-64.8636151,32.2706457],[-64.8635236,32.2706426],[-64.86343210000001,32.270689600000004],[-64.8633604,32.27078159999999],[-64.8632665,32.2709321],[-64.863238,32.271075700000004],[-64.8633635,32.271240799999994],[-64.8634402,32.27125539999999],[-64.8637814,32.271251199999995],[-64.8640113,32.2712721],[-64.864125,32.2713578],[-64.8642585,32.27142059999999],[-64.8644345,32.271418499999996],[-64.8646392,32.2715606],[-64.8647947,32.27176560000001],[-64.8648543,32.27179259999999],[-64.864884,32.27184489999999],[-64.8649582,32.271872099999996],[-64.8651386,32.27184069999999],[-64.8652623,32.2717843],[-64.8655268,32.2716191],[-64.8657138,32.27142109999999],[-64.8658104,32.271282799999994],[-64.865756,32.27113859999999],[-64.8656719,32.2710194],[-64.865484,32.2709776],[-64.8651666,32.2707688],[-64.864936,32.270682400000005],[-64.8647246,32.270770199999994],[-64.8644601,32.27073779999999],[-64.8643858,32.2706256],[-64.8643575,32.27052559999999],[-64.8644119,32.27047230000001],[-64.8646196,32.2704305],[-64.8646208,32.2703689],[-64.8645812,32.270255999999996],[-64.8645207,32.2702058],[-64.8644391,32.2702163],[-64.8643649,32.2702633],[-64.8643306,32.2702515],[-64.864411,32.2699293],[-64.8643306,32.269808100000006],[-64.8643586,32.2695834],[-64.864446,32.26950360000001],[-64.8644754,32.2693892],[-64.8643306,32.2691341],[-64.8643733,32.26890809999999],[-64.8645544,32.26884729999998],[-64.86468830000001,32.2687392],[-64.8648201,32.2683418],[-64.8649043,32.2677047],[-64.8647935,32.267488699999994],[-64.86434070000001,32.26672159999999],[-64.8639911,32.266245299999994],[-64.8637883,32.26585980000001],[-64.8637043,32.2654399],[-64.8636816,32.2651709],[-64.8636953,32.2649302],[-64.8638229,32.26492729999999],[-64.8643269,32.2645714],[-64.8646072,32.264298399999994],[-64.8646678,32.26415099999999],[-64.8646456,32.264008800000006],[-64.864564,32.2638019],[-64.86457420000002,32.263578499999994],[-64.8645516,32.2631747],[-64.8645837,32.262808899999996],[-64.8646777,32.262767000000004],[-64.8647462,32.262705499999996],[-64.8648363,32.26267270000001],[-64.8648148,32.26261769999999],[-64.864765,32.26263109999999],[-64.8646208,32.26260189999999],[-64.8645417,32.26254959999999],[-64.8645714,32.26242829999999],[-64.8647098,32.2622276],[-64.8647051,32.262061799999984],[-64.8646555,32.26189320000001],[-64.8644676,32.261780300000005],[-64.8643712,32.2616482],[-64.8643769,32.2607924],[-64.8645028,32.260777600000004],[-64.8646706,32.26062979999999],[-64.8650447,32.26051],[-64.8653017,32.2603578],[-64.8653926,32.26020249999999],[-64.8658837,32.259835900000006],[-64.8654971,32.259592899999994],[-64.8643168,32.2592908],[-64.8635109,32.2589872],[-64.8631465,32.2585752],[-64.8634114,32.2581148],[-64.8635442,32.2576885],[-64.8638715,32.2572823],[-64.8637225,32.25711629999999],[-64.8635575,32.25703240000001],[-64.8634784,32.2570857],[-64.863296,32.25751549999998],[-64.86309010000001,32.257556900000004],[-64.8628789,32.2574327],[-64.8628521,32.25729659999999],[-64.8623478,32.2569881],[-64.8620099,32.2569156],[-64.8618007,32.256706900000005],[-64.8615702,32.2567494],[-64.8610292,32.2569498],[-64.8598282,32.25651129999999],[-64.8593968,32.25639679999999],[-64.8590902,32.25605989999999],[-64.8585882,32.25583],[-64.8586153,32.2555542],[-64.8583542,32.2551884],[-64.8583183,32.2550125],[-64.8580795,32.2548631],[-64.8579257,32.254657999999985],[-64.8581794,32.2543037],[-64.8580885,32.25407109999999],[-64.8580181,32.2539578],[-64.8578981,32.25385559999999],[-64.8577344,32.253905499999995],[-64.8576325,32.2540303],[-64.8575467,32.254016699999994],[-64.8575709,32.25356940000001],[-64.8573944,32.253504899999996],[-64.8567654,32.253472499999994],[-64.8563596,32.2532821],[-64.8560373,32.2532558],[-64.8559364,32.25331820000001],[-64.8557849,32.253768],[-64.8555753,32.2540947],[-64.8551579,32.25414399999999],[-64.8551637,32.254221099999995],[-64.8553579,32.254203100000005],[-64.8554614,32.254235800000004],[-64.8552966,32.2547382],[-64.8550021,32.2549626],[-64.8547331,32.255035199999995],[-64.8545781,32.255002499999996],[-64.8544951,32.25481589999998],[-64.8544045,32.2546663],[-64.85406930000002,32.2543719],[-64.853493,32.2539689],[-64.8532217,32.2540938],[-64.8529577,32.2541496],[-64.852294,32.25406790000001],[-64.851948,32.2539479],[-64.8517837,32.2538651],[-64.8516489,32.25371],[-64.851261,32.253743899999996],[-64.8510595,32.25367430000001],[-64.8509691,32.253599],[-64.8508993,32.253578999999995],[-64.8505192,32.253548399999985],[-64.8503603,32.25365380000001],[-64.8497002,32.25424149999999],[-64.8495181,32.254324899999986],[-64.849269,32.25438450000001],[-64.8490391,32.2543899],[-64.8489517,32.25433820000001],[-64.8486542,32.2543084],[-64.8482402,32.2540928],[-64.8482104,32.254014399999996],[-64.8479657,32.2540129],[-64.8477318,32.253916499999995],[-64.8475068,32.2539641],[-64.8474056,32.254235],[-64.8472618,32.2545323],[-64.8469388,32.2546151],[-64.846699,32.2545436],[-64.8466625,32.2544161],[-64.8465443,32.2544341],[-64.8465174,32.254479399999994],[-64.8461244,32.2545764],[-64.84593410000001,32.254757000000005],[-64.8457284,32.254842399999994],[-64.8455494,32.254841],[-64.8453768,32.254658],[-64.8452944,32.2546745],[-64.8451898,32.25457240000001],[-64.8452407,32.25451799999999],[-64.8450996,32.25439099999999],[-64.844672,32.25440890000001],[-64.8441888,32.2546666],[-64.8438456,32.25471300000001],[-64.843269,32.25463729999999],[-64.8426349,32.254738599999996],[-64.8421352,32.2548825],[-64.8417646,32.255031100000004],[-64.841372,32.255105399999984],[-64.8405099,32.2552168],[-64.8402134,32.2553979],[-64.8391603,32.255819],[-64.8387951,32.255831900000004],[-64.8386702,32.25591659999999],[-64.83866740000002,32.2560164],[-64.8387348,32.2560786],[-64.8389639,32.2561804],[-64.839061,32.2564463],[-64.8387659,32.2566499],[-64.8386416,32.2568568],[-64.8386342,32.2570725],[-64.8384747,32.2572081],[-64.8383167,32.2571777],[-64.8382844,32.256804200000005],[-64.8383582,32.2566433],[-64.8381847,32.25648],[-64.8380165,32.256354400000006],[-64.8380942,32.25622640000001],[-64.8380504,32.25609219999999],[-64.8378302,32.255989899999996],[-64.8371445,32.2560281],[-64.8365621,32.256091100000006],[-64.8356609,32.2562214],[-64.8344291,32.2564792],[-64.833373,32.256791099999994],[-64.8328333,32.257040599999996],[-64.8323503,32.257130399999994],[-64.8317433,32.257141700000005],[-64.831327,32.2570738],[-64.8309305,32.2571232],[-64.8302902,32.257047199999995],[-64.8299115,32.2570284],[-64.8295742,32.257128899999984],[-64.8291801,32.257200499999996],[-64.8291319,32.2572853],[-64.828957,32.257347],[-64.8288181,32.2573467],[-64.828632,32.2574116],[-64.8284957,32.257492799999994],[-64.8284769,32.2575439],[-64.8284923,32.25762889999999],[-64.8285667,32.25766579999999],[-64.828548,32.25770380000001],[-64.8286689,32.257766200000006],[-64.828672,32.25796629999999],[-64.828904,32.25802529999999],[-64.8289771,32.25803270000001],[-64.8291526,32.25801580000001],[-64.8293506,32.2581734],[-64.82977,32.258163499999995],[-64.8299012,32.2582606],[-64.8298993,32.2583862],[-64.8299671,32.258458299999994],[-64.8303756,32.2583835],[-64.8304028,32.2582719],[-64.8306005,32.2582442],[-64.8306119,32.2583026],[-64.8308373,32.2582844],[-64.8308768,32.258464200000006],[-64.8310149,32.2584727],[-64.8310149,32.25853169999999],[-64.8312027,32.25857529999999],[-64.8314166,32.258582099999984],[-64.83154,32.2586473],[-64.8316614,32.25876300000001],[-64.8317344,32.258750500000005],[-64.8318062,32.258808499999994],[-64.8317767,32.25889289999999],[-64.8315885,32.25903569999999],[-64.8315158,32.259059],[-64.8314428,32.25902730000001],[-64.831424,32.25898190000001],[-64.8312506,32.25896349999999],[-64.8311058,32.2589306],[-64.8310485,32.2589501],[-64.8310347,32.258974],[-64.8311444,32.259032399999995],[-64.831196,32.2591515],[-64.8312449,32.2591787],[-64.8312939,32.2591809],[-64.8313656,32.2591248],[-64.8313703,32.25919230000001],[-64.8312671,32.2593681],[-64.8312081,32.2594327],[-64.8311196,32.25948319999999],[-64.8310035,32.2595178],[-64.8310062,32.259544399999996],[-64.8309278,32.2595597],[-64.8309211,32.25952399999999],[-64.8308466,32.2594548],[-64.8307769,32.2593454],[-64.8307635,32.2592796],[-64.8307139,32.2592711],[-64.8307011,32.25928919999999],[-64.8307112,32.25934929999999],[-64.8307581,32.259484300000004],[-64.8307461,32.2595382],[-64.8307722,32.2595685],[-64.8307662,32.2596419],[-64.8307528,32.2597216],[-64.8307209,32.25978429999999],[-64.8306606,32.25982880000001],[-64.8305888,32.25985320000001],[-64.8304839,32.2598591],[-64.8304805,32.2598926],[-64.8304027,32.2598931],[-64.8304014,32.2598654],[-64.8300809,32.259823399999995],[-64.8299823,32.2597661],[-64.8299488,32.2598064],[-64.8298931,32.2597979],[-64.8298938,32.25974339999999],[-64.8296812,32.259685],[-64.8296365,32.25981029999999],[-64.8290128,32.2599022],[-64.8289624,32.259753100000005],[-64.8284555,32.2598393],[-64.8279753,32.259730399999995],[-64.8278455,32.260050500000006],[-64.8271898,32.26032],[-64.8264251,32.26075339999999],[-64.8261623,32.260987799999995],[-64.8259646,32.2614118],[-64.8256472,32.261665099999995],[-64.825201,32.26192449999999],[-64.8248733,32.2620385],[-64.8240846,32.26215899999999],[-64.8239143,32.2619301],[-64.8236037,32.26217309999999],[-64.8235988,32.262239199999996],[-64.8232203,32.262353499999996],[-64.822769,32.262363499999985],[-64.822237,32.262169799999995],[-64.8220118,32.26211730000001],[-64.8213945,32.262140200000005],[-64.8203268,32.26234709999999],[-64.8199067,32.2623717],[-64.819725,32.2623602],[-64.8194765,32.26244559999999],[-64.8194921,32.2625375],[-64.8192511,32.2626501],[-64.8191619,32.2628613],[-64.8191449,32.26310409999999],[-64.8191875,32.2631805],[-64.8192563,32.263247],[-64.8193257,32.2632608],[-64.8193901,32.26325279999999],[-64.8194261,32.26322830000001],[-64.8194496,32.2631573],[-64.819408,32.263070799999994],[-64.8193639,32.2630445],[-64.8194195,32.2627648],[-64.8195658,32.2626327],[-64.8199084,32.262625899999996],[-64.819903,32.26259770000001],[-64.8200476,32.26259519999999],[-64.8200676,32.2626189],[-64.8203202,32.2626863],[-64.8204383,32.26276519999999],[-64.8204987,32.2629277],[-64.820734,32.26302],[-64.8209728,32.2630734],[-64.8212556,32.2630386],[-64.8218678,32.262920199999996],[-64.82221100000001,32.26282729999999],[-64.8225075,32.2626277],[-64.8232698,32.2625999],[-64.8234315,32.26270409999999],[-64.8234548,32.262994199999994],[-64.8232132,32.2631474],[-64.8232875,32.2632494],[-64.823625,32.2633215],[-64.8237241,32.263478000000006],[-64.8239984,32.2633958],[-64.824336,32.2632263],[-64.824667,32.2632728],[-64.8247547,32.26321609999999],[-64.8248487,32.26330519999999],[-64.8250406,32.263259000000005],[-64.8252217,32.2631902],[-64.8253567,32.263023700000005],[-64.8255304,32.2629815],[-64.8256044,32.2631149],[-64.8256017,32.26322170000001],[-64.825695,32.26339350000001],[-64.8257364,32.263547499999994],[-64.8257,32.26369900000001],[-64.825623,32.2638436],[-64.8253601,32.2639715],[-64.8250773,32.2640458],[-64.8249894,32.2641828],[-64.8249757,32.264368499999996],[-64.8250828,32.264526399999994],[-64.8252585,32.2645217],[-64.825404,32.2645473],[-64.8254891,32.2646912],[-64.8256319,32.264800300000005],[-64.825824,32.2648978],[-64.8259395,32.26489260000001],[-64.8260396,32.264821600000005],[-64.8260927,32.26470119999999],[-64.8260753,32.2645156],[-64.8259717,32.2641737],[-64.8259979,32.264059],[-64.8262279,32.26399219999999],[-64.8262507,32.26393889999999],[-64.8264042,32.2638651],[-64.8265202,32.2637507],[-64.8266271,32.263608299999994],[-64.82680500000001,32.263499599999996],[-64.8269359,32.263454900000006],[-64.8270618,32.2636082],[-64.8271613,32.263694],[-64.827364,32.2637393],[-64.8275249,32.2637253],[-64.8275828,32.2635901],[-64.8276119,32.263397999999995],[-64.8275967,32.2633588],[-64.8274657,32.263290199999986],[-64.8273929,32.2631136],[-64.8274105,32.2629419],[-64.8275314,32.26281469999999],[-64.8276662,32.262746500000006],[-64.8280094,32.26275270000001],[-64.8283086,32.2629106],[-64.8285337,32.2628967],[-64.8290133,32.2627652],[-64.8290422,32.2626774],[-64.8292857,32.262620399999996],[-64.8293898,32.26266249999999],[-64.829476,32.262465799999994],[-64.8293401,32.2622214],[-64.8293653,32.262138100000016],[-64.8295029,32.262118999999984],[-64.82965980000002,32.26235239999999],[-64.8297375,32.262516799999986],[-64.8298556,32.262561],[-64.8299496,32.262560799999996],[-64.8301251,32.2625069],[-64.8303724,32.262297],[-64.8302311,32.2622049],[-64.8303397,32.26208589999999],[-64.830396,32.262101799999996],[-64.83057040000001,32.26195429999999],[-64.8305968,32.26187839999999],[-64.8306549,32.26182049999999],[-64.8306991,32.261798999999996],[-64.8308698,32.26178039999999],[-64.8314529,32.26208210000001],[-64.8315226,32.2622741],[-64.8314574,32.26245290000001],[-64.8311397,32.2627375],[-64.8309248,32.2629682],[-64.8308479,32.2633768],[-64.8306008,32.26360429999999],[-64.829857,32.26380000000001],[-64.82992,32.2640361],[-64.8303263,32.2640872],[-64.8308314,32.2641986],[-64.83117600000001,32.26447700000001],[-64.8309508,32.2647779],[-64.8305349,32.2648069],[-64.8300069,32.26509909999999],[-64.8295956,32.2655919],[-64.829585,32.2658422],[-64.8296639,32.2661575],[-64.830524,32.2662787],[-64.8312297,32.2664423],[-64.8313522,32.2665483],[-64.8313037,32.26664549999999],[-64.8310458,32.2667956],[-64.8305315,32.26694289999999],[-64.8301673,32.26708490000001],[-64.8299897,32.2671833],[-64.82990290000001,32.267306999999995],[-64.8295383,32.2673049],[-64.8290786,32.267429099999994],[-64.8289229,32.2675806],[-64.8289168,32.2677004],[-64.8286298,32.2678524],[-64.8284555,32.2678796],[-64.8285466,32.2676415],[-64.828163,32.267540399999994],[-64.8267463,32.2677922],[-64.826027,32.2678247],[-64.8253791,32.26767149999999],[-64.8245116,32.26774580000001],[-64.8242864,32.267671500000006],[-64.8238362,32.267834],[-64.82299060000001,32.26781080000001],[-64.8218156,32.2681126],[-64.8208327,32.268108],[-64.8207888,32.2682101],[-64.8208043,32.2683284],[-64.8206151,32.26846009999999],[-64.81999,32.268620899999995],[-64.8195524,32.26888439999999],[-64.8187359,32.269179],[-64.8174042,32.26959269999999],[-64.8170587,32.2699768],[-64.8164957,32.270291900000004],[-64.8150762,32.2708521],[-64.8143685,32.2711001],[-64.8136886,32.2712374],[-64.8132499,32.2711783],[-64.8128855,32.271561199999994],[-64.8130402,32.27178560000001],[-64.8130713,32.2719432],[-64.8130042,32.272048299999994],[-64.8127342,32.27206799999999],[-64.8125937,32.2718546],[-64.8123802,32.271838200000005],[-64.811891,32.27222880000001],[-64.8122559,32.272278099999994],[-64.8124035,32.2723601],[-64.8123763,32.2725374],[-64.8121433,32.272776999999984],[-64.8116175,32.273113900000006],[-64.8114056,32.273131600000006],[-64.8112542,32.2731841],[-64.8111984,32.2730314],[-64.8111016,32.27289169999999],[-64.811024,32.2728163],[-64.8108199,32.2728191],[-64.8107556,32.27295060000001],[-64.8105866,32.2729098],[-64.8104474,32.2729787],[-64.8100001,32.2730856],[-64.8095303,32.273325299999996],[-64.8088587,32.27335810000001],[-64.8079618,32.27367649999999],[-64.8075735,32.2738833],[-64.8072236,32.274130499999984],[-64.8069096,32.2741558],[-64.8066383,32.2740814],[-64.8062632,32.27409129999999],[-64.8059001,32.274306799999984],[-64.8055994,32.27460159999999],[-64.803944,32.2755796],[-64.8033433,32.275998300000005],[-64.8032307,32.2760433],[-64.8026235,32.2759999],[-64.8024125,32.2760745],[-64.8018065,32.276539400000004],[-64.8014371,32.2768481],[-64.8010744,32.2770496],[-64.8006683,32.27755009999999],[-64.8007074,32.27759449999999],[-64.7993604,32.27862460000001],[-64.7992242,32.2786684],[-64.7982786,32.2794696],[-64.7979909,32.27991269999999],[-64.797847,32.280003],[-64.796505,32.2806927],[-64.7964782,32.28065190000001],[-64.7962421,32.2807789],[-64.7962657,32.2808173],[-64.7962649,32.2809607],[-64.79595,32.2810914],[-64.7955898,32.2813301],[-64.795167,32.28146679999999],[-64.7948863,32.2814728],[-64.7948594,32.281327700000006],[-64.7947642,32.28131290000001],[-64.79472,32.2812336],[-64.7945711,32.28123359999999],[-64.794445,32.281285700000005],[-64.7944343,32.2812642],[-64.7945148,32.28120409999999],[-64.794441,32.28113040000001],[-64.7944383,32.2810873],[-64.7942663,32.281087100000015],[-64.7939542,32.28125620000001],[-64.7936571,32.28134550000001],[-64.7931938,32.281568],[-64.7932085,32.2816236],[-64.7927794,32.2818685],[-64.7924058,32.2819762],[-64.7923927,32.282237499999994],[-64.792252,32.2823909],[-64.7922792,32.28245469999999],[-64.7922347,32.2825644],[-64.7922429,32.282670100000004],[-64.7922,32.2827018],[-64.7922024,32.2827791],[-64.7923888,32.2828054],[-64.7925796,32.2827472],[-64.7925676,32.282724300000005],[-64.7928183,32.2826474],[-64.7928156,32.2826282],[-64.7929117,32.282592300000005],[-64.7928896,32.2825264],[-64.7932625,32.28256699999999],[-64.7934083,32.2829934],[-64.7933012,32.2835997],[-64.7930985,32.2839076],[-64.7932701,32.2842595],[-64.793472,32.2845056],[-64.7933339,32.2846657],[-64.7929207,32.28459430000001],[-64.7927192,32.2845346],[-64.7927459,32.2843629],[-64.7927029,32.28420869999999],[-64.7926573,32.2842177],[-64.7926244,32.2839744],[-64.7926573,32.2839649],[-64.7925509,32.28373770000001],[-64.79255810000001,32.283626999999996],[-64.7923958,32.2834738],[-64.7922525,32.2834661],[-64.7919802,32.283622400000006],[-64.7917815,32.2834964],[-64.7918509,32.283148100000005],[-64.7917601,32.283049899999995],[-64.7916421,32.283007699999985],[-64.7913793,32.2830844],[-64.7911968,32.2832813],[-64.7911101,32.28343569999999],[-64.791092,32.2838098],[-64.7914764,32.28399360000001],[-64.791589,32.28414459999999],[-64.7915346,32.2842332],[-64.7913964,32.28427810000001],[-64.7908979,32.284029700000005],[-64.7905446,32.2837146],[-64.7904798,32.2834915],[-64.7903662,32.283384999999996],[-64.7902066,32.2834701],[-64.7900497,32.2834258],[-64.7900135,32.2833226],[-64.7900645,32.2833329],[-64.7900846,32.2832218],[-64.7895485,32.283087],[-64.7888795,32.2832438],[-64.7885548,32.28338110000001],[-64.78843510000002,32.28345160000001],[-64.7881354,32.28377230000001],[-64.7876423,32.283948599999995],[-64.7872706,32.2839647],[-64.7869503,32.2840602],[-64.7860447,32.28459600000001],[-64.7859875,32.2846159],[-64.7860049,32.2846489],[-64.7858492,32.2847075],[-64.7858337,32.2846781],[-64.78557,32.28476299999999],[-64.7852132,32.28484240000001],[-64.7846532,32.2849235],[-64.7841859,32.2848447],[-64.7839553,32.284624699999995],[-64.78357870000002,32.284427799999996],[-64.7833947,32.284472799999996],[-64.7829924,32.284913800000005],[-64.782641,32.285248300000006],[-64.7824163,32.2856437],[-64.7823189,32.286030999999994],[-64.7821716,32.2861734],[-64.7822628,32.286373],[-64.782303,32.2865226],[-64.7820697,32.28660429999999],[-64.7819812,32.2865317],[-64.7818444,32.2865703],[-64.781721,32.2867222],[-64.781375,32.2869013],[-64.7812343,32.2871485],[-64.7811895,32.2876639],[-64.7811165,32.2878594],[-64.7810501,32.28797110000001],[-64.7809502,32.2880856],[-64.7808193,32.288171399999996],[-64.7805974,32.2882537],[-64.7806466,32.288338499999995],[-64.7792961,32.2888157],[-64.7789797,32.2889861],[-64.7788531,32.28913919999999],[-64.778366,32.28952159999999],[-64.7782039,32.28956000000001],[-64.7780111,32.289698],[-64.7777584,32.28993299999999],[-64.7776007,32.28999999999999],[-64.777301,32.28996949999999],[-64.7769849,32.2897217],[-64.7769395,32.289744699999986],[-64.7768319,32.28959979999998],[-64.7768721,32.289575400000004],[-64.7768302,32.2895222],[-64.7767903,32.28954179999999],[-64.7765551,32.2892209],[-64.7762976,32.289128],[-64.7760562,32.2892459],[-64.7754205,32.289325199999986],[-64.7750519,32.2898918],[-64.7749335,32.289974399999984],[-64.7742055,32.29019980000001],[-64.77408,32.2903179],[-64.7740736,32.2904158],[-64.7741599,32.29061230000001],[-64.7743452,32.29069270000001],[-64.7744708,32.290680300000005],[-64.774568,32.2909864],[-64.7746242,32.2913288],[-64.7745614,32.29137589999999],[-64.7748481,32.2916491],[-64.7750458,32.2918919],[-64.7750713,32.291957],[-64.7750241,32.2920998],[-64.7749022,32.2922714],[-64.7747595,32.29237289999999],[-64.7744682,32.2924613],[-64.7744128,32.29232460000001],[-64.7743247,32.2923019],[-64.77427050000001,32.2923273],[-64.7742841,32.2923682],[-64.77372640000002,32.2925423],[-64.7737487,32.292599899999985],[-64.7735799,32.292639],[-64.7735654,32.2925959],[-64.7733934,32.292646399999995],[-64.7734275,32.2927253],[-64.7732945,32.2927524],[-64.7732145,32.292623100000014],[-64.7729738,32.292642],[-64.7728924,32.29262310000001],[-64.7727653,32.29256850000001],[-64.7724126,32.2926865],[-64.7721054,32.29288729999999],[-64.7720966,32.2929661],[-64.7718033,32.2929971],[-64.771368,32.2924746],[-64.7712588,32.292425499999986],[-64.7711517,32.2924682],[-64.7708873,32.29262349999999],[-64.7707209,32.29268669999999],[-64.7707236,32.29272979999999],[-64.7704728,32.2928148],[-64.7704383,32.292781600000005],[-64.7702402,32.29288329999999],[-64.7701064,32.29311109999999],[-64.7701483,32.29335439999999],[-64.7703754,32.293482000000004],[-64.7704454,32.29339559999999],[-64.770514,32.2934407],[-64.7705537,32.2934196],[-64.7706036,32.2934854],[-64.7706855,32.29350109999999],[-64.7708639,32.29342389999999],[-64.7709273,32.29347179999999],[-64.7710442,32.2934339],[-64.7712624,32.2934571],[-64.7717234,32.2933647],[-64.7717044,32.2932182],[-64.7719528,32.29320990000001],[-64.7719575,32.29327219999999],[-64.772409,32.2932672],[-64.7724062,32.293352799999994],[-64.772576,32.2933552],[-64.772576,32.293292300000005],[-64.772533,32.293292199999996],[-64.7725334,32.293214699999986],[-64.7726617,32.29321589999999],[-64.7726607,32.29329299999999],[-64.7726167,32.2932926],[-64.7726218,32.29339170000001],[-64.7730329,32.2934114],[-64.7730359,32.2933383],[-64.7733732,32.29338629999999],[-64.7733632,32.293511],[-64.7735111,32.2935017],[-64.7737644,32.2934137],[-64.7738867,32.29346739999999],[-64.7742789,32.2936917],[-64.7744621,32.2936947],[-64.7745293,32.29364329999999],[-64.7745818,32.2936286],[-64.7745619,32.29349820000001],[-64.7749005,32.293428399999996],[-64.7750073,32.293425799999994],[-64.7750093,32.293404599999995],[-64.7751414,32.293400999999996],[-64.7752979,32.2935267],[-64.7753802,32.2934582],[-64.7754534,32.293446499999995],[-64.775447,32.293424],[-64.7755429,32.2934013],[-64.7755173,32.293341700000006],[-64.7767316,32.29310850000001],[-64.776784,32.293165900000005],[-64.7769652,32.2931658],[-64.7769678,32.2932091],[-64.7771615,32.2931988],[-64.7771031,32.2930708],[-64.7773976,32.2929747],[-64.7773713,32.292917],[-64.7775427,32.2928578],[-64.7773674,32.29229419999999],[-64.7817163,32.291846],[-64.7817552,32.2922086],[-64.7818448,32.29221050000001],[-64.7818455,32.2921847],[-64.7818918,32.292195],[-64.7827799,32.29220769999999],[-64.7837723,32.292206500000006],[-64.7837908,32.29231260000002],[-64.7840249,32.2922739],[-64.7843114,32.292205],[-64.7843159,32.29221999999999],[-64.7843857,32.2921858],[-64.7845318,32.292152599999994],[-64.7845351,32.2921667],[-64.7845566,32.2921626],[-64.7845534,32.29214979999999],[-64.7845955,32.2921399],[-64.7845514,32.2918827],[-64.7860216,32.2917215],[-64.7860283,32.291761900000004],[-64.7862051,32.29174129999999],[-64.7862821,32.2915019],[-64.7863426,32.2913574],[-64.7863615,32.2913637],[-64.7864657,32.291138199999985],[-64.7864479,32.2911323],[-64.7865026,32.2910139],[-64.7864679,32.2910025],[-64.7864948,32.2909598],[-64.7865076,32.2905093],[-64.7868926,32.29065800000001],[-64.7869064,32.2906262],[-64.7870617,32.2906745],[-64.7870478,32.2907063],[-64.7873628,32.2908046],[-64.7874512,32.2906234],[-64.7876738,32.2905758],[-64.7877315,32.290803600000004],[-64.787482,32.2908467],[-64.7875237,32.29108229999999],[-64.7887698,32.291050999999996],[-64.7888661,32.2910053],[-64.7888432,32.29093189999999],[-64.788979,32.2909025],[-64.7889819,32.2909145],[-64.7890302,32.29090450000001],[-64.7890248,32.2908911],[-64.7892054,32.290853899999995],[-64.7892021,32.2908697],[-64.7892522,32.29087419999999],[-64.7892534,32.2908591],[-64.7893631,32.2908669],[-64.7898493,32.2907615],[-64.789797,32.29062660000001],[-64.7902649,32.2904951],[-64.7901589,32.2902867],[-64.7900838,32.289943099999995],[-64.7904812,32.2899603],[-64.79052,32.290003],[-64.7912305,32.290085],[-64.7915477,32.29002210000001],[-64.7917301,32.29000559999999],[-64.7919008,32.290033099999995],[-64.7922545,32.29000729999999],[-64.7922525,32.289988400000006],[-64.7924476,32.2899781],[-64.7924792,32.29003279999999],[-64.7932636,32.2902247],[-64.7938952,32.2901642],[-64.7939086,32.29040679999999],[-64.7938737,32.2904499],[-64.7942954,32.2908304],[-64.7942649,32.2910281],[-64.7942364,32.2910229],[-64.7942141,32.291169],[-64.7928704,32.29102459999999],[-64.7928094,32.2912205],[-64.7928115,32.2913889],[-64.7937237,32.29147],[-64.7946415,32.2916314],[-64.795211,32.2919816],[-64.79534860000001,32.2919413],[-64.7953898,32.291764900000004],[-64.7954557,32.2916837],[-64.7956628,32.291494],[-64.79562,32.2912864],[-64.79552140000001,32.29128579999999],[-64.7954051,32.290930499999995],[-64.7954381,32.29080100000001],[-64.7956248,32.2907771],[-64.7959914,32.2908683],[-64.7962068,32.291014199999985],[-64.7963201,32.291198],[-64.7964033,32.2913701],[-64.796415,32.29165009999999],[-64.7964822,32.29167549999999],[-64.7965521,32.2915589],[-64.796642,32.291506299999995],[-64.7968588,32.2915671],[-64.7970916,32.2916661],[-64.797275,32.291832799999995],[-64.7972692,32.29215589999999],[-64.797383,32.292341699999994],[-64.7981454,32.29288240000001],[-64.7983478,32.2932205],[-64.7987019,32.29361039999999],[-64.7988199,32.29354689999999],[-64.7987984,32.2933837],[-64.7991632,32.29344720000001],[-64.7992414,32.29362569999999],[-64.8001212,32.2937247],[-64.800214,32.2935947],[-64.8001589,32.29352329999999],[-64.8001751,32.2934621],[-64.80022110000002,32.2934124],[-64.8003468,32.2933979],[-64.80056870000001,32.29351069999999],[-64.8006223,32.2934744],[-64.8005129,32.2931824],[-64.8004896,32.292834199999994],[-64.8006339,32.2925678],[-64.8009672,32.2924616],[-64.8013151,32.29227019999999],[-64.8021504,32.2924335],[-64.8023276,32.29244280000001],[-64.8025631,32.2923243],[-64.80280060000001,32.292007000000005],[-64.8034011,32.2917966],[-64.804077,32.2916605],[-64.8042272,32.291597],[-64.804238,32.29136119999999],[-64.8045276,32.2912614],[-64.8046736,32.2912529],[-64.8048919,32.29130179999999],[-64.8055064,32.2915302],[-64.8057587,32.291556500000006],[-64.80607010000001,32.2917604],[-64.8063004,32.2920209],[-64.8063431,32.2919487],[-64.8064537,32.29186169999999],[-64.8068631,32.29192389999999],[-64.80704,32.29206520000001],[-64.807139,32.2922244],[-64.8071118,32.292375400000005],[-64.8070361,32.292509900000006],[-64.8068362,32.292615],[-64.8069143,32.2929485],[-64.8069526,32.293384599999996],[-64.8067604,32.293424],[-64.8067177,32.2934699],[-64.8069255,32.2935963],[-64.8070536,32.29377019999999],[-64.8071002,32.2940049],[-64.8068944,32.29431339999999],[-64.8067333,32.29440370000001],[-64.8066576,32.2945202],[-64.8067274,32.2946826],[-64.80684970000001,32.2947105],[-64.806974,32.294671099999995],[-64.8071176,32.2947269],[-64.8072264,32.2949009],[-64.8070322,32.29512899999999],[-64.8069352,32.2951913],[-64.8070516,32.29527669999999],[-64.8071856,32.2954096],[-64.8072691,32.29559989999999],[-64.8072378,32.2957487],[-64.8071157,32.2957657],[-64.8069546,32.29574269999999],[-64.8067022,32.2957903],[-64.806576,32.2957722],[-64.8064848,32.2955885],[-64.8060577,32.29535209999999],[-64.8059121,32.2954047],[-64.8056597,32.2955737],[-64.8054714,32.2955802],[-64.8049978,32.2954654],[-64.8046716,32.2955753],[-64.8045299,32.295814899999996],[-64.8046023,32.2962202],[-64.8046444,32.2963449],[-64.8047318,32.2963991],[-64.8050541,32.2963433],[-64.8052327,32.296379400000006],[-64.8053685,32.29647460000001],[-64.80544000000002,32.2966857],[-64.8050385,32.297111300000005],[-64.8050133,32.29730649999999],[-64.804889,32.2973394],[-64.8048036,32.29727369999999],[-64.8047764,32.297058799999995],[-64.8046483,32.2969094],[-64.8044769,32.2966429],[-64.8043776,32.296644799999996],[-64.8040928,32.2965745],[-64.80385630000002,32.296299],[-64.8037495,32.2961464],[-64.8036194,32.295777199999996],[-64.8037223,32.2956968],[-64.8037521,32.2956492],[-64.8037247,32.2955682],[-64.8036156,32.2955737],[-64.8034836,32.2955294],[-64.8034175,32.2954161],[-64.8034661,32.29529639999999],[-64.8032592,32.29519979999999],[-64.8030295,32.29495080000002],[-64.803015,32.29485739999999],[-64.8029794,32.2948069],[-64.8029238,32.29480290000001],[-64.80288260000002,32.29483129999999],[-64.8028819,32.294860299999996],[-64.8029011,32.29490849999999],[-64.8029697,32.29495719999999],[-64.803007,32.29503390000001],[-64.8030342,32.2951997],[-64.8029934,32.295395],[-64.8028478,32.2956116],[-64.8027779,32.295637800000016],[-64.8020344,32.2953572],[-64.8018312,32.29524210000001],[-64.8016602,32.295063299999995],[-64.8015716,32.2950653],[-64.8015257,32.294947],[-64.8015753,32.2949346],[-64.8015844,32.2948028],[-64.8016857,32.2947442],[-64.8018338,32.294765],[-64.8019486,32.29481560000001],[-64.8020079,32.2948178],[-64.8021433,32.294808999999994],[-64.8022581,32.29481950000001],[-64.8022662,32.2947627],[-64.8020707,32.2946088],[-64.8016865,32.2943758],[-64.801551,32.2942175],[-64.8013927,32.2941561],[-64.8013141,32.2940621],[-64.8011736,32.2941403],[-64.8008765,32.29419369999999],[-64.8008024,32.294317],[-64.8008222,32.29444660000001],[-64.8009186,32.2945762],[-64.8010743,32.294657699999995],[-64.8012227,32.294839499999995],[-64.8012819,32.29497200000001],[-64.8013829,32.295073],[-64.8014582,32.295353],[-64.8014946,32.29535979999999],[-64.8014839,32.29541049999999],[-64.80145600000002,32.2954058],[-64.8014539,32.2955932],[-64.801542,32.295624800000006],[-64.8015698,32.295585900000006],[-64.8017584,32.2956268],[-64.8021743,32.2959137],[-64.8025458,32.2963208],[-64.8026988,32.2965971],[-64.802725,32.2967351],[-64.8026997,32.2967937],[-64.8026356,32.296845399999995],[-64.802518,32.296896999999994],[-64.8023592,32.296995],[-64.8021578,32.2972453],[-64.8021457,32.2973462],[-64.8021806,32.2974349],[-64.8022512,32.2974799],[-64.8022864,32.2975802],[-64.802333,32.297631800000005],[-64.8024153,32.2976331],[-64.8026474,32.2975616],[-64.8027594,32.29758100000001],[-64.8028029,32.29770200000001],[-64.8030295,32.2978028],[-64.8034435,32.2978263],[-64.8036828,32.2976509],[-64.8038164,32.2976675],[-64.8038377,32.29775],[-64.8039611,32.2978328],[-64.8041079,32.2977821],[-64.8042274,32.2978063],[-64.8042233,32.29786529999999],[-64.8043229,32.29787309999999],[-64.8043568,32.2976849],[-64.8043502,32.2976068],[-64.8044015,32.297543600000004],[-64.8044641,32.297541300000006],[-64.804519,32.29760509999999],[-64.8045494,32.2977362],[-64.8046884,32.297825399999994],[-64.8048419,32.2979001],[-64.8053031,32.2978565],[-64.80548460000001,32.2977472],[-64.8054966,32.2977203],[-64.8055426,32.297703],[-64.8055338,32.2976854],[-64.805685,32.2976208],[-64.8057355,32.29747510000001],[-64.8057099,32.297260500000014],[-64.8056695,32.2972585],[-64.8056735,32.2972091],[-64.8058358,32.297098500000004],[-64.8062614,32.296998800000004],[-64.8063693,32.2969877],[-64.8064131,32.2970515],[-64.8063968,32.29710270000001],[-64.8063164,32.297055],[-64.806301,32.29707779999998],[-64.8063445,32.2971322],[-64.8063982,32.2971589],[-64.8064134,32.2972122],[-64.8063698,32.297325799999996],[-64.8064042,32.2975884],[-64.8066153,32.29789699999999],[-64.806647,32.2979937],[-64.8065753,32.29803650000001],[-64.8065649,32.29820839999999],[-64.806525,32.29823939999999],[-64.8064975,32.2983224],[-64.8065576,32.2983663],[-64.806642,32.2985356],[-64.8067342,32.29886839999999],[-64.8069005,32.2991669],[-64.8069989,32.29922189999999],[-64.8070027,32.2993484],[-64.8068676,32.2994985],[-64.8067197,32.2995044],[-64.8067228,32.2996328],[-64.8066682,32.2997586],[-64.8064897,32.29982199999999],[-64.8064515,32.2999106],[-64.8065619,32.3000382],[-64.8067375,32.3000674],[-64.8067623,32.30003510000001],[-64.8070224,32.300005600000006],[-64.8070409,32.3000534],[-64.807132,32.300070599999984],[-64.8072984,32.3000316],[-64.8075741,32.3000874],[-64.8077604,32.3002252],[-64.8080594,32.30017600000001],[-64.8083234,32.30027119999999],[-64.8082186,32.300389299999985],[-64.8076944,32.3004878],[-64.8077138,32.30063549999999],[-64.8079157,32.3007175],[-64.808071,32.30072739999999],[-64.8084515,32.3003007],[-64.8087015,32.3001854],[-64.8088281,32.300202299999995],[-64.8090223,32.300537000000006],[-64.809079,32.30071110000001],[-64.8088864,32.30099649999999],[-64.8087893,32.301016100000005],[-64.8085641,32.300884899999986],[-64.8083001,32.3009079],[-64.8080904,32.301213100000005],[-64.8079002,32.301403400000005],[-64.8078031,32.3014362],[-64.8073783,32.301725600000005],[-64.807177,32.3017386],[-64.8069684,32.301711899999994],[-64.8067875,32.301550500000005],[-64.8068068,32.30142169999999],[-64.8065879,32.3012821],[-64.8065874,32.301144699999995],[-64.8061557,32.30088000000001],[-64.8060496,32.30090100000001],[-64.8059506,32.3009921],[-64.8055667,32.3010252],[-64.8055518,32.30055999999999],[-64.8056068,32.30044959999999],[-64.8055387,32.300273399999995],[-64.8054437,32.300205899999995],[-64.8054728,32.3001481],[-64.8053805,32.300091],[-64.8050441,32.299997700000006],[-64.8049565,32.299830899999996],[-64.8048519,32.2997029],[-64.8044543,32.299684],[-64.8040967,32.29985760000001],[-64.8040865,32.30020669999999],[-64.8041128,32.3005212],[-64.8039925,32.3007037],[-64.803832,32.3007107],[-64.8035733,32.30064900000001],[-64.8035515,32.3006834],[-64.8032574,32.300574],[-64.8032838,32.3005306],[-64.8030721,32.3004522],[-64.8029006,32.3003537],[-64.8028494,32.300286799999995],[-64.8026694,32.30021440000001],[-64.8025794,32.300235],[-64.8022923,32.3001967],[-64.8022571,32.3002523],[-64.8021645,32.300280099999995],[-64.802063,32.300233399999996],[-64.8021628,32.300365400000004],[-64.8017199,32.30027429999999],[-64.80169910000001,32.30033519999999],[-64.8015563,32.3002938],[-64.80149860000002,32.30045239999999],[-64.8010568,32.3003551],[-64.8009988,32.300429699999995],[-64.8008778,32.30067059999999],[-64.8009646,32.3007547],[-64.8011307,32.3008404],[-64.8013413,32.30087949999999],[-64.8014872,32.300841999999996],[-64.8022099,32.30095089999999],[-64.8023096,32.300923799999985],[-64.8024967,32.300942400000004],[-64.8027662,32.30109410000001],[-64.8030463,32.301153899999996],[-64.8031706,32.30126469999999],[-64.8032917,32.301273800000004],[-64.8033234,32.3012245],[-64.803425,32.301248],[-64.8037963,32.3014362],[-64.8039425,32.30138959999999],[-64.8043013,32.30145129999999],[-64.8043248,32.3014337],[-64.80444380000002,32.301475],[-64.8045083,32.3014625],[-64.8047021,32.3016477],[-64.8049726,32.30185769999999],[-64.8049541,32.3018863],[-64.8050485,32.3019709],[-64.8052104,32.3021925],[-64.8055658,32.3025005],[-64.8055616,32.3025296],[-64.8055881,32.3025338],[-64.8058113,32.30270329999999],[-64.8058543,32.30270840000001],[-64.8059038,32.3027496],[-64.8061065,32.30283659999999],[-64.8062609,32.30284880000001],[-64.806692,32.3026367],[-64.8070079,32.3025],[-64.807111,32.3024947],[-64.8073592,32.3025342],[-64.8074133,32.3025636],[-64.807553,32.302574500000006],[-64.8078431,32.3025202],[-64.8078412,32.3024627],[-64.8081561,32.30220769999999],[-64.8081635,32.3021325],[-64.8082497,32.302014199999995],[-64.8083091,32.301993],[-64.8083647,32.3019509],[-64.8083593,32.3018453],[-64.8084067,32.30178600000001],[-64.8084975,32.3017579],[-64.8084928,32.30167699999999],[-64.8085922,32.301603300000004],[-64.8086102,32.3013016],[-64.8087045,32.3012115],[-64.8088153,32.301172799999996],[-64.8090143,32.3013056],[-64.8091484,32.30148139999999],[-64.8092026,32.3016123],[-64.8091772,32.301702699999986],[-64.8089953,32.3019119],[-64.8089089,32.301984299999994],[-64.8087055,32.301973100000005],[-64.8086518,32.30200520000001],[-64.8086388,32.3020828],[-64.8087034,32.302177099999994],[-64.8087518,32.3023008],[-64.8090654,32.3026944],[-64.8090186,32.302742],[-64.8090291,32.3027701],[-64.8091221,32.3028098],[-64.8091843,32.302862999999995],[-64.8091865,32.30293150000001],[-64.8092802,32.303017600000004],[-64.8095024,32.303046699999996],[-64.8097769,32.30305049999999],[-64.8098894,32.30302579999999],[-64.8100032,32.302806],[-64.8099177,32.3027788],[-64.8099678,32.302642000000006],[-64.8100063,32.3026496],[-64.810055,32.30255389999999],[-64.810006,32.3025375],[-64.8100478,32.302446599999996],[-64.8101063,32.30246429999999],[-64.8102923,32.3021139],[-64.8104053,32.3020706],[-64.81048610000002,32.30196509999999],[-64.8104491,32.3019421],[-64.8104702,32.301893899999996],[-64.8108008,32.3017134],[-64.8107819,32.301570699999985],[-64.8106983,32.3014775],[-64.8105722,32.3014903],[-64.8105405,32.3015368],[-64.8104493,32.3015006],[-64.810406,32.301448199999996],[-64.8103964,32.3013666],[-64.8104361,32.3013603],[-64.810346,32.301189],[-64.8104204,32.3009233],[-64.8105203,32.3008473],[-64.8106895,32.300891899999996],[-64.8108421,32.3011086],[-64.8110394,32.301112],[-64.8112734,32.3010743],[-64.8113285,32.3009446],[-64.8112563,32.3008915],[-64.8113326,32.300754899999994],[-64.8113601,32.3006264],[-64.8114242,32.30059409999999],[-64.8114199,32.3004802],[-64.811454,32.30043800000001],[-64.8114804,32.30044290000001],[-64.8115165,32.3003473],[-64.8115008,32.300334],[-64.8115533,32.3002879],[-64.8115903,32.300304000000004],[-64.8121779,32.299781499999995],[-64.8122077,32.2998107],[-64.8124078,32.2996494],[-64.8128045,32.29937730000001],[-64.8128417,32.299383399999996],[-64.81285020000001,32.29934589999999],[-64.813089,32.29926079999999],[-64.8131966,32.29935009999999],[-64.8133365,32.299288600000004],[-64.8135597,32.2992946],[-64.8136151,32.29932759999999],[-64.8136623,32.2991972],[-64.8137432,32.2992385],[-64.8138244,32.299186399999996],[-64.8139657,32.2992416],[-64.8141131,32.299181299999994],[-64.8142499,32.299179],[-64.8143706,32.29919939999999],[-64.8143672,32.2992918],[-64.8142178,32.299387599999996],[-64.8140783,32.2994012],[-64.8139156,32.2993714],[-64.8137671,32.29945790000001],[-64.8136599,32.2995848],[-64.8135123,32.2996574],[-64.813438,32.29971319999999],[-64.8132628,32.29967189999999],[-64.8132507,32.29969389999999],[-64.8133139,32.2997332],[-64.8133424,32.2997889],[-64.8131488,32.30005069999999],[-64.8126911,32.3003697],[-64.8125242,32.3008385],[-64.8125851,32.3013601],[-64.8126218,32.3014378],[-64.8127399,32.3019562],[-64.8133821,32.30275820000001],[-64.8139693,32.3026974],[-64.8141176,32.3027902],[-64.8142384,32.302948],[-64.8141741,32.30306329999999],[-64.8141672,32.3033164],[-64.814179,32.303497699999994],[-64.8142389,32.30361649999999],[-64.8142285,32.303732999999994],[-64.8143155,32.30376329999999],[-64.8145762,32.3032942],[-64.8146132,32.30312440000001],[-64.8147435,32.303026900000006],[-64.8149385,32.302966999999995],[-64.8150478,32.3030096],[-64.8150647,32.30297039999999],[-64.8151638,32.3029692],[-64.8151896,32.3030334],[-64.8152656,32.303019600000006],[-64.8153833,32.3031114],[-64.8154367,32.303106099999994],[-64.8154835,32.30315329999999],[-64.8155399,32.30315360000001],[-64.8155921,32.303222899999994],[-64.8156638,32.303200000000004],[-64.8156444,32.303145199999996],[-64.8157607,32.303232200000004],[-64.8158627,32.303244600000006],[-64.8159714,32.303293999999994],[-64.8160564,32.303230199999994],[-64.8163528,32.3032033],[-64.8164801,32.3032963],[-64.8164951,32.3035096],[-64.8166239,32.30359970000001],[-64.8168026,32.30358849999999],[-64.8173024,32.3037742],[-64.8174363,32.3039484],[-64.8174594,32.304131299999995],[-64.8175493,32.30418720000001],[-64.8176058,32.3042878],[-64.81752740000002,32.3043589],[-64.8174066,32.304405300000006],[-64.8171044,32.304456499999986],[-64.8169373,32.30432619999999],[-64.8166104,32.3043774],[-64.8163139,32.304461],[-64.8163633,32.304957499999986],[-64.8163904,32.3050312],[-64.8164823,32.3050767],[-64.8164997,32.3050313],[-64.8168358,32.3050122],[-64.8168384,32.30498380000001],[-64.816932,32.3049735],[-64.8170653,32.3050134],[-64.816926,32.3051072],[-64.8168403,32.30537410000001],[-64.8170023,32.30544210000001],[-64.8170279,32.305498],[-64.8170393,32.3056448],[-64.8170192,32.305736399999994],[-64.8169655,32.3058165],[-64.8168864,32.3058568],[-64.8166602,32.30590930000001],[-64.8164604,32.30582399999999],[-64.8161403,32.30588589999999],[-64.8161242,32.3057215],[-64.8160341,32.3055921],[-64.8159926,32.3055609],[-64.8158712,32.3055513],[-64.8157719,32.3055904],[-64.815619,32.3056234],[-64.815558,32.30566700000001],[-64.8153988,32.30569579999999],[-64.8153057,32.30567849999999],[-64.8151096,32.3055897],[-64.8149649,32.30557269999999],[-64.8147596,32.30568840000001],[-64.8145449,32.3058912],[-64.8144997,32.3060172],[-64.8144851,32.3062254],[-64.8145388,32.306479],[-64.8145765,32.3065505],[-64.8146254,32.30658300000001],[-64.8147507,32.30673339999999],[-64.814907,32.306819099999984],[-64.8150484,32.30686430000001],[-64.8151477,32.306822999999994],[-64.8152631,32.30681469999999],[-64.8153513,32.3067264],[-64.8156415,32.306554500000004],[-64.8160644,32.30671869999999],[-64.8162981,32.3067841],[-64.8164366,32.3068478],[-64.8164716,32.30692849999999],[-64.8164354,32.306960499999995],[-64.8165086,32.3069881],[-64.8165707,32.3071485],[-64.8165171,32.30716489999999],[-64.8164785,32.3071438],[-64.8163992,32.307135],[-64.8163872,32.3071595],[-64.816328,32.3071172],[-64.8163185,32.3071466],[-64.81628,32.3071791],[-64.8161936,32.3071673],[-64.8162034,32.3071066],[-64.8161473,32.3071224],[-64.8161512,32.3072212],[-64.8160702,32.3072654],[-64.8157687,32.30725089999999],[-64.8153884,32.30727479999999],[-64.8153734,32.307238999999996],[-64.8152695,32.30726550000001],[-64.8152334,32.3072487],[-64.8151938,32.307270499999994],[-64.8148914,32.30718319999999],[-64.8148044,32.30714429999999],[-64.8147638,32.3071595],[-64.8147308,32.307146100000004],[-64.8147229,32.3071131],[-64.8146588,32.3071046],[-64.814557,32.3070504],[-64.8143381,32.3070808],[-64.8140474,32.3069834],[-64.8139572,32.3070151],[-64.8139505,32.3070839],[-64.8137827,32.30705300000001],[-64.8137561,32.306994200000005],[-64.8136276,32.3070275],[-64.8135399,32.3071515],[-64.8135139,32.30724140000001],[-64.8133794,32.307237400000005],[-64.8133665,32.3071903],[-64.813316,32.3071533],[-64.8132485,32.30715709999999],[-64.813159,32.3072433],[-64.8131079,32.307227399999995],[-64.8130513,32.307292999999994],[-64.8130161,32.3073674],[-64.8129725,32.307365],[-64.8129456,32.3072773],[-64.8129011,32.307248699999995],[-64.8126604,32.307271400000005],[-64.812511,32.307369000000016],[-64.8125508,32.3074361],[-64.8125077,32.30755079999999],[-64.8124647,32.3075839],[-64.8123911,32.3075629],[-64.8123287,32.3074918],[-64.8121806,32.307555300000004],[-64.8121808,32.3076229],[-64.8121435,32.3076363],[-64.8121027,32.30760380000001],[-64.8121205,32.30756420000001],[-64.8121055,32.30752729999999],[-64.8120455,32.3075142],[-64.8120093,32.3075406],[-64.8120412,32.307587899999994],[-64.8120259,32.3077127],[-64.8119805,32.3077444],[-64.8118972,32.3076869],[-64.8118757,32.3076522],[-64.8118215,32.3076744],[-64.8117136,32.3076009],[-64.8117581,32.30754660000001],[-64.8117083,32.3075256],[-64.81169,32.3075736],[-64.8115898,32.3074969],[-64.8116025,32.3073992],[-64.8115887,32.30733899999999],[-64.8114872,32.30737639999999],[-64.8114598,32.3073515],[-64.8113873,32.307383899999984],[-64.8113917,32.3074112],[-64.811294,32.307508799999994],[-64.8112212,32.3075012],[-64.8112248,32.307470099999996],[-64.8111406,32.30747289999999],[-64.811116,32.3074446],[-64.811118,32.3073883],[-64.811145,32.30735310000001],[-64.811136,32.30730689999999],[-64.8110899,32.30727449999999],[-64.8110693,32.3072141],[-64.8109956,32.3071701],[-64.8109268,32.307150400000005],[-64.8108489,32.307161199999996],[-64.8108078,32.3072289],[-64.8108193,32.3073084],[-64.8109077,32.307378799999995],[-64.8109477,32.3073851],[-64.811023,32.3074333],[-64.8110055,32.3074885],[-64.8109444,32.3075059],[-64.8109068,32.3074641],[-64.8107814,32.30748479999999],[-64.81076860000002,32.30751399999999],[-64.8107182,32.307538199999996],[-64.8106299,32.3075201],[-64.8105533,32.30744850000001],[-64.8105742,32.30742260000001],[-64.8106098,32.307439599999995],[-64.8106503,32.3074115],[-64.8106165,32.3073755],[-64.8107278,32.30733059999999],[-64.8107362,32.3072693],[-64.8106957,32.3072494],[-64.8106307,32.307273],[-64.8105375,32.30727859999999],[-64.810512,32.3073395],[-64.8105401,32.3073861],[-64.8105192,32.3074124],[-64.810469,32.30736000000001],[-64.810396,32.307361099999994],[-64.8103484,32.307398799999994],[-64.8102751,32.3074238],[-64.8102339,32.307516],[-64.810161,32.307519400000004],[-64.8100993,32.3074965],[-64.8099849,32.30762070000001],[-64.8099412,32.3076203],[-64.8098102,32.30768779999999],[-64.8096566,32.30762000000001],[-64.80929820000001,32.3076437],[-64.8092539,32.3076853],[-64.8091145,32.3076847],[-64.8090407,32.3076525],[-64.808903,32.3076837],[-64.8087272,32.30780240000001],[-64.80862310000002,32.3078005],[-64.8085045,32.30775289999999],[-64.8084037,32.30776440000001],[-64.8083871,32.30781029999999],[-64.8083221,32.3077999],[-64.8082444,32.30783879999999],[-64.808118,32.3078223],[-64.8076409,32.3079117],[-64.8074515,32.30783710000001],[-64.8072786,32.307857299999995],[-64.807148,32.30796139999999],[-64.8069747,32.307981999999996],[-64.8068016,32.3078998],[-64.8066877,32.30794819999999],[-64.8066506,32.307936700000006],[-64.8066422,32.30790520000001],[-64.8066935,32.30786119999999],[-64.8067018,32.3078321],[-64.8066431,32.3078175],[-64.8064753,32.307707099999995],[-64.8065117,32.3076316],[-64.8064991,32.3075613],[-64.8063885,32.3075184],[-64.8062009,32.3075215],[-64.8060904,32.307621999999995],[-64.8060281,32.307625699999996],[-64.8059891,32.307703499999995],[-64.8059163,32.3077738],[-64.8058045,32.307746],[-64.8057553,32.30767840000001],[-64.8057551,32.3076424],[-64.8056943,32.30757220000001],[-64.805537,32.3075262],[-64.8053345,32.307523999999994],[-64.8053448,32.3074354],[-64.8053045,32.307362100000006],[-64.8051931,32.307305500000005],[-64.8048934,32.3070832],[-64.8047978,32.3069529],[-64.8048686,32.3069039],[-64.8052109,32.30704319999999],[-64.8053337,32.30699169999999],[-64.80542390000001,32.306823400000006],[-64.8054462,32.306735399999994],[-64.8053594,32.3066605],[-64.8053384,32.3065876],[-64.8052452,32.30651389999999],[-64.8051937,32.30651749999999],[-64.805089,32.3063792],[-64.8051196,32.3062878],[-64.8050328,32.30618649999999],[-64.8049147,32.306123],[-64.8047538,32.306159300000004],[-64.8047109,32.30637689999999],[-64.8046304,32.3064756],[-64.8046095,32.3066988],[-64.8044722,32.30677140000001],[-64.8043396,32.3067428],[-64.8042231,32.306632199999996],[-64.804086,32.306587400000005],[-64.8039872,32.3066166],[-64.8039178,32.30671579999999],[-64.80394910000001,32.3068303],[-64.8038419,32.306902900000004],[-64.8035766,32.3067397],[-64.8035307,32.3067634],[-64.8035293,32.306828499999995],[-64.80338050000002,32.30679409999999],[-64.8033356,32.3067692],[-64.8032987,32.306717000000006],[-64.803316,32.3065864],[-64.8033792,32.30649660000001],[-64.8035351,32.3064155],[-64.8035625,32.3063127],[-64.8035697,32.3061933],[-64.8035463,32.3060548],[-64.8032867,32.305876999999995],[-64.803029,32.3058009],[-64.8028025,32.305870500000005],[-64.8027351,32.30584329999999],[-64.8026813,32.3058457],[-64.8026007,32.3059212],[-64.8024108,32.3059512],[-64.8023437,32.3059843],[-64.8019575,32.30609309999999],[-64.8018548,32.3060826],[-64.8016849,32.3059375],[-64.8016463,32.305872599999994],[-64.8015904,32.3058403],[-64.8015358,32.3058421],[-64.801507,32.30581930000001],[-64.8014373,32.305809499999995],[-64.80134,32.305864499999984],[-64.8012179,32.3058666],[-64.8011922,32.3058904],[-64.80106660000001,32.3059011],[-64.8008909,32.3058932],[-64.8008611,32.305877300000006],[-64.80084920000002,32.305825299999995],[-64.8008874,32.30577519999999],[-64.80088,32.3057458],[-64.8010195,32.30568430000001],[-64.8010824,32.3056406],[-64.8010517,32.30560729999999],[-64.8009077,32.3056321],[-64.800743,32.305631299999995],[-64.8003338,32.3056976],[-64.8001082,32.3057875],[-64.7999687,32.305678699999994],[-64.7999044,32.3054067],[-64.7998407,32.305411600000006],[-64.7996982,32.3053702],[-64.7996141,32.3053932],[-64.7995772,32.3053571],[-64.7993974,32.305435],[-64.7993679,32.305569899999995],[-64.799207,32.30570589999999],[-64.7989817,32.305715],[-64.7986491,32.305624300000005],[-64.7985955,32.3054701],[-64.7980268,32.3053976],[-64.7976513,32.305506400000006],[-64.797426,32.30543389999999],[-64.7970935,32.305430699999995],[-64.7969153,32.30535979999999],[-64.7967075,32.30540639999999],[-64.7964015,32.30550869999999],[-64.796293,32.3054667],[-64.7961817,32.30546090000001],[-64.7959709,32.30537040000001],[-64.7954767,32.305350700000005],[-64.7953553,32.30547919999999],[-64.7952135,32.305483800000005],[-64.795058,32.30542369999999],[-64.7946728,32.3053657],[-64.7944083,32.305237399999996],[-64.7941589,32.30518839999999],[-64.7938832,32.3051993],[-64.7936528,32.305231],[-64.7932847,32.305252499999995],[-64.7932091,32.30513969999999],[-64.7930499,32.305152099999994],[-64.7929306,32.3051981],[-64.7926398,32.3051692],[-64.7925683,32.3050177],[-64.7922272,32.3050382],[-64.7921103,32.3050965],[-64.7919681,32.3050867],[-64.7918577,32.3050258],[-64.7917443,32.3050471],[-64.7917321,32.3050861],[-64.7916045,32.3050997],[-64.7915843,32.305152299999996],[-64.7915144,32.305170899999986],[-64.7914038,32.30515549999999],[-64.7913444,32.3051231],[-64.7912369,32.3051368],[-64.7908063,32.3053522],[-64.7906584,32.3053355],[-64.7904773,32.30538670000001],[-64.7903849,32.3053846],[-64.790227,32.305427200000004],[-64.7901859,32.3053916],[-64.7900486,32.30541869999999],[-64.789584,32.3053935],[-64.7894534,32.30546809999999],[-64.7893628,32.3054677],[-64.7892624,32.3055688],[-64.7890696,32.305704],[-64.7889372,32.3057205],[-64.7888565,32.305682899999994],[-64.7887194,32.305719],[-64.7885759,32.3056727],[-64.7884787,32.305688399999994],[-64.7884067,32.305626999999994],[-64.7883306,32.3056576],[-64.78822,32.305654600000004],[-64.7881589,32.305706099999995],[-64.7881335,32.305775800000006],[-64.7880772,32.305806],[-64.7880183,32.3058049],[-64.7878033,32.305855900000005],[-64.7877315,32.3059266],[-64.7875898,32.30587679999999],[-64.7874038,32.30591940000001],[-64.78731230000001,32.30584489999999],[-64.787248,32.3058257],[-64.7872002,32.305698199999995],[-64.7871114,32.3056743],[-64.7869861,32.30561380000001],[-64.7868315,32.3056142],[-64.7866501,32.305660399999994],[-64.7864063,32.305745699999996],[-64.7863839,32.30585109999999],[-64.7862261,32.30586559999999],[-64.7861591,32.30597210000001],[-64.7859891,32.3059917],[-64.7859801,32.306164599999995],[-64.7859212,32.30618210000001],[-64.7858545,32.30612649999999],[-64.7857977,32.3061565],[-64.7857596,32.3062341],[-64.7857002,32.306231999999994],[-64.7856298,32.306204199999996],[-64.7855178,32.3062638],[-64.7855095,32.30632380000001],[-64.7854731,32.30636449999999],[-64.7853584,32.30637],[-64.7851368,32.306352],[-64.7851351,32.3063096],[-64.785178,32.3062501],[-64.78518690000001,32.3061648],[-64.7852191,32.30610489999999],[-64.7851523,32.306076],[-64.7851538,32.3060188],[-64.7850756,32.3058621],[-64.785024,32.30583410000001],[-64.7850191,32.3057855],[-64.7849841,32.305744600000004],[-64.7848752,32.3057972],[-64.7847688,32.3057661],[-64.7846853,32.30578559999999],[-64.7846621,32.3058625],[-64.7846067,32.30589810000001],[-64.7845384,32.30583140000001],[-64.7844832,32.3058657],[-64.7844804,32.3059179],[-64.7845139,32.305946999999996],[-64.7844646,32.306001300000005],[-64.7843932,32.305967700000004],[-64.7843522,32.30600139999999],[-64.784353,32.3060602],[-64.7842928,32.306065900000014],[-64.7842553,32.30601380000001],[-64.7841098,32.3060248],[-64.7840604,32.3060483],[-64.7840256,32.30603109999999],[-64.7837053,32.306078400000004],[-64.7834237,32.306025999999996],[-64.7834796,32.30619349999999],[-64.7836212,32.306258799999995],[-64.7836488,32.306359799999996],[-64.7833876,32.3064189],[-64.7832552,32.30658209999999],[-64.7831404,32.306558100000004],[-64.7830253,32.306453099999985],[-64.7829665,32.3064951],[-64.7828948,32.30648879999999],[-64.7828801,32.30643129999999],[-64.782972,32.3062837],[-64.782736,32.3061228],[-64.7823854,32.306049],[-64.781691,32.306299499999994],[-64.7812084,32.3063458],[-64.7809969,32.3063971],[-64.7810116,32.3065013],[-64.7810006,32.3066085],[-64.7808454,32.306634499999994],[-64.7804853,32.3065372],[-64.7802723,32.30649660000001],[-64.7801528,32.3065215],[-64.7800314,32.30660699999999],[-64.7798254,32.30661159999999],[-64.7796342,32.30657119999999],[-64.779522,32.30646399999999],[-64.7793601,32.3064655],[-64.779107,32.3065393],[-64.7789457,32.3065467],[-64.7789326,32.3064872],[-64.7786696,32.30660149999999],[-64.7786428,32.306753300000004],[-64.7784004,32.30690609999999],[-64.7776719,32.3071106],[-64.777442,32.30706549999999],[-64.7773041,32.3070997],[-64.77725630000002,32.3071821],[-64.7772526,32.3072303],[-64.7771698,32.30723340000001],[-64.777054,32.3071976],[-64.7769915,32.30715880000001],[-64.7767469,32.3072349],[-64.7766273,32.3073313],[-64.77662,32.30739810000001],[-64.776482,32.30741989999999],[-64.7763791,32.307465],[-64.7761794,32.30745810000001],[-64.7760683,32.3073422],[-64.7759821,32.30706620000001],[-64.7758625,32.307093099999996],[-64.7758132,32.3072184],[-64.7755846,32.30733599999999],[-64.7749648,32.30756290000001],[-64.7747939,32.3075647],[-64.7745793,32.3075332],[-64.7743902,32.3075774],[-64.7744104,32.30763569999999],[-64.7740674,32.3076904],[-64.7738222,32.3076591],[-64.7737357,32.30754459999999],[-64.7736003,32.30753779999999],[-64.7734838,32.307607499999996],[-64.7734348,32.3077082],[-64.7732502,32.3077191],[-64.7731795,32.3077419],[-64.7730733,32.3077522],[-64.7728817,32.3078129],[-64.7727359,32.30782250000001],[-64.7726539,32.3079081],[-64.772337,32.3079285],[-64.7722497,32.30789550000001],[-64.7721275,32.3078131],[-64.7719935,32.30778339999999],[-64.77192850000002,32.3078186],[-64.7719129,32.30774819999999],[-64.7719714,32.30772410000001],[-64.7719481,32.30757199999999],[-64.7717896,32.307559899999994],[-64.7715515,32.30762],[-64.7715133,32.3078489],[-64.7718414,32.3078702],[-64.7721235,32.30793589999999],[-64.7721178,32.30796320000001],[-64.7718823,32.30796169999999],[-64.7717965,32.3079299],[-64.7714236,32.3079061],[-64.7714363,32.3080035],[-64.7713852,32.3081169],[-64.7708713,32.30830489999999],[-64.7708606,32.3083887],[-64.7707823,32.308424],[-64.7707082,32.3084054],[-64.7706569,32.308325800000006],[-64.7705818,32.308319600000004],[-64.7697218,32.3085578],[-64.7694857,32.308607800000004],[-64.7692806,32.308734699999995],[-64.7692519,32.308821300000005],[-64.7691808,32.308879],[-64.7690512,32.3088254],[-64.7690338,32.30887009999999],[-64.7690493,32.30895290000001],[-64.7689989,32.308985199999995],[-64.7689449,32.3089668],[-64.7689144,32.3088685],[-64.7688477,32.3088745],[-64.7688107,32.3087348],[-64.7685792,32.3085375],[-64.7682385,32.3086463],[-64.7682922,32.3087538],[-64.7680736,32.308827699999995],[-64.7678912,32.308825399999996],[-64.7677844,32.308806099999984],[-64.7676981,32.3088345],[-64.7676404,32.30881750000001],[-64.7674379,32.3088322],[-64.767315,32.30889410000001],[-64.7672783,32.3088707],[-64.7671992,32.30890470000001],[-64.7672595,32.309015800000005],[-64.7671461,32.30905810000001],[-64.7670832,32.3090489],[-64.7667612,32.3091569],[-64.7663614,32.3091379],[-64.7658648,32.3092273],[-64.765555,32.30925609999999],[-64.7655469,32.3093853],[-64.7657481,32.3094352],[-64.7656864,32.30960519999999],[-64.7656341,32.309894199999995],[-64.7655861,32.30994859999999],[-64.7655644,32.30995209999999],[-64.7655416,32.30989759999999],[-64.7654111,32.3099323],[-64.7654356,32.3100144],[-64.7653766,32.3100427],[-64.7653683,32.310121699999996],[-64.7652157,32.3101419],[-64.7650909,32.310038199999994],[-64.7649915,32.3099215],[-64.7648851,32.3101612],[-64.7647396,32.3101566],[-64.76469870000001,32.3099562],[-64.7648241,32.3097956],[-64.7647463,32.309705],[-64.7645356,32.30965119999999],[-64.7642125,32.3097129],[-64.7639256,32.3098172],[-64.7634741,32.3101672],[-64.7622254,32.3105941],[-64.7610338,32.3111501],[-64.7603378,32.311435499999995],[-64.7591966,32.3117688],[-64.7581648,32.3122152],[-64.7568464,32.3126189],[-64.7561106,32.31292059999999],[-64.7557042,32.3132083],[-64.7553035,32.313625900000005],[-64.7547278,32.31391409999999],[-64.7541175,32.3141132],[-64.753508,32.314637499999996],[-64.7523102,32.31511819999999],[-64.7516906,32.31548999999999],[-64.7513419,32.3157189],[-64.7503895,32.316072899999995],[-64.7475798,32.3177567],[-64.7470241,32.3179485],[-64.7464638,32.318311],[-64.7461547,32.31886060000001],[-64.7455343,32.3192584],[-64.7448998,32.3203352],[-64.7443441,32.3205684],[-64.7446636,32.320867099999994],[-64.7446798,32.32105289999999],[-64.7439453,32.32128049999999],[-64.7432853,32.3215364],[-64.74286430000001,32.3218683],[-64.7428619,32.32193049999999],[-64.7427564,32.322065699999996],[-64.7425704,32.3221018],[-64.7425851,32.322307200000004],[-64.742377,32.32250390000001],[-64.7423239,32.3226145],[-64.7423144,32.3227325],[-64.7425267,32.322772500000006],[-64.7425634,32.3228937],[-64.7425669,32.3229853],[-64.7423606,32.3230636],[-64.74212090000002,32.3231037],[-64.7416302,32.323014499999985],[-64.7411498,32.32288679999999],[-64.740602,32.322682400000005],[-64.7398414,32.3227897],[-64.7396055,32.3227253],[-64.7391708,32.3226908],[-64.739165,32.3227267],[-64.7382377,32.32282759999999],[-64.7378019,32.32262819999999],[-64.7377159,32.3223775],[-64.73748630000001,32.32212719999999],[-64.7361567,32.3223548],[-64.7359361,32.322273200000005],[-64.7356823,32.3225893],[-64.7357424,32.3226279],[-64.7362306,32.322835999999995],[-64.7362333,32.322936500000004],[-64.7360497,32.32311670000001],[-64.7358936,32.3231806],[-64.7348893,32.322979800000006],[-64.734683,32.3231128],[-64.7344452,32.3231157],[-64.734155,32.32288819999999],[-64.734019,32.32291829999999],[-64.733977,32.322825199999976],[-64.7339578,32.3227026],[-64.7337602,32.3226332],[-64.7337113,32.3227218],[-64.7335541,32.3226693],[-64.7333293,32.3224979],[-64.7329784,32.3223483],[-64.7327782,32.3223284],[-64.7325702,32.32243419999999],[-64.7322921,32.32237150000001],[-64.732001,32.3220435],[-64.7318122,32.32177110000001],[-64.7313958,32.3217932],[-64.7310819,32.32174489999999],[-64.7307738,32.3218589],[-64.730515,32.32180269999999],[-64.7298862,32.3221414],[-64.72959830000002,32.32231500000001],[-64.7293003,32.32223619999999],[-64.7292392,32.322207299999995],[-64.7292177,32.3221507],[-64.7290675,32.3221609],[-64.7290534,32.32224739999999],[-64.7289428,32.32226059999999],[-64.7288999,32.3224034],[-64.7287591,32.3223896],[-64.728456,32.3224374],[-64.7283742,32.32252240000001],[-64.7281127,32.322573399999996],[-64.727701,32.32259719999999],[-64.7276084,32.3225768],[-64.7275682,32.32250990000001],[-64.7273579,32.3225103],[-64.7271283,32.322460099999994],[-64.7269714,32.32248609999999],[-64.7266603,32.3225893],[-64.7264564,32.3225326],[-64.7262418,32.3225689],[-64.7261801,32.3225326],[-64.7260863,32.3225167],[-64.7260541,32.3224555],[-64.7259522,32.322448699999995],[-64.7257698,32.322519],[-64.7252548,32.3224306],[-64.7249892,32.32244190000001],[-64.7249812,32.322485],[-64.7232441,32.3224087],[-64.7225842,32.322211],[-64.7218296,32.3222266],[-64.7217438,32.32241930000001],[-64.7218633,32.32273390000001],[-64.7216016,32.32292240000001],[-64.7210759,32.3227366],[-64.7209601,32.3224988],[-64.7212171,32.32209199999999],[-64.7199667,32.321693999999994],[-64.7194481,32.32161539999999],[-64.7192703,32.321640300000006],[-64.7186667,32.32133660000001],[-64.7184571,32.32115469999999],[-64.7182605,32.3209538],[-64.7177525,32.32072109999999],[-64.7174325,32.32071169999999],[-64.7173706,32.3207956],[-64.7173985,32.321047500000006],[-64.717325,32.32116129999999],[-64.7167072,32.3208094],[-64.7164574,32.3209394],[-64.716091,32.32131800000001],[-64.7159461,32.3213194],[-64.7157622,32.3211795],[-64.7154167,32.321004699999996],[-64.7153209,32.3211403],[-64.7152873,32.3213306],[-64.7151364,32.3217338],[-64.7148131,32.3222732],[-64.7148015,32.32251419999999],[-64.714845,32.32297439999999],[-64.7148045,32.323085],[-64.7149653,32.323411],[-64.715569,32.32371],[-64.7159645,32.3242635],[-64.7159003,32.324484999999996],[-64.7158618,32.32488870000001],[-64.715925,32.3253249],[-64.7157169,32.3259988],[-64.7154802,32.32646630000001],[-64.7152386,32.3266124],[-64.7150355,32.3269697],[-64.7150711,32.327190099999996],[-64.7149284,32.3272898],[-64.7148575,32.3274646],[-64.7146566,32.3277143],[-64.7146291,32.3280484],[-64.7144342,32.328292000000005],[-64.714404,32.3285472],[-64.7142796,32.3287721],[-64.7138352,32.32915249999999],[-64.7136701,32.3291417],[-64.7134173,32.3294839],[-64.7131181,32.32949779999999],[-64.7128271,32.329688000000004],[-64.7124921,32.3299362],[-64.7122094,32.3305974],[-64.7119568,32.3310289],[-64.711836,32.331309499999996],[-64.7115138,32.331532300000006],[-64.7107327,32.33214689999999],[-64.7104938,32.33240440000001],[-64.7102989,32.33243459999999],[-64.7100642,32.33260839999999],[-64.7099036,32.3327477],[-64.7099446,32.33283109999999],[-64.7099219,32.3329482],[-64.7098267,32.3329119],[-64.7097543,32.332955],[-64.70976150000001,32.33299239999999],[-64.7097288,32.33308639999999],[-64.709698,32.33308300000001],[-64.7096698,32.333051299999994],[-64.7096537,32.33295609999999],[-64.7092076,32.3331325],[-64.7091012,32.333231500000004],[-64.7090383,32.333443],[-64.7090904,32.3335352],[-64.7090448,32.33358049999999],[-64.7089282,32.3335238],[-64.7086895,32.3335941],[-64.7087002,32.3336587],[-64.708786,32.3336666],[-64.7088692,32.3337153],[-64.7088772,32.333810500000006],[-64.7087552,32.333887600000004],[-64.7085968,32.3339507],[-64.7083569,32.33401670000001],[-64.7081664,32.3341527],[-64.7076752,32.334259200000005],[-64.7071351,32.33457709999999],[-64.7070733,32.33485780000001],[-64.7068008,32.33519549999999],[-64.7066349,32.33527230000001],[-64.7064833,32.33525329999999],[-64.7048482,32.336418099999996],[-64.7044601,32.3367282],[-64.7040916,32.337209],[-64.7041747,32.3374858],[-64.7043075,32.3375805],[-64.7045094,32.3375863],[-64.7046383,32.3375114],[-64.7048794,32.3374708],[-64.7049318,32.3376423],[-64.7050336,32.337736400000004],[-64.7055748,32.3377218],[-64.7058277,32.3377999],[-64.705996,32.337880299999995],[-64.70603230000002,32.33797959999999],[-64.7058724,32.3379978],[-64.7057752,32.33802469999999],[-64.7058007,32.33820620000001],[-64.7059208,32.3383099],[-64.7061894,32.33839569999999],[-64.7065956,32.338439],[-64.7066946,32.3383743],[-64.7068511,32.3383279],[-64.70700480000002,32.33834879999999],[-64.7070377,32.33844620000001],[-64.7073617,32.3384416],[-64.707639,32.3386921],[-64.70772130000002,32.3388661],[-64.7077964,32.3390799],[-64.70815330000002,32.33933969999999],[-64.7081249,32.3394529],[-64.7081645,32.3395369],[-64.7084134,32.3395593],[-64.708652,32.3397243],[-64.7087181,32.3396351],[-64.7088223,32.3395596],[-64.7088525,32.33939029999999],[-64.7091737,32.33919310000001],[-64.70928,32.3388582],[-64.7094931,32.3389083],[-64.7095205,32.3390568],[-64.709515,32.3392841],[-64.7096249,32.3393815],[-64.7097588,32.33982290000001],[-64.7100259,32.33983119999999],[-64.7102691,32.3403269],[-64.7101833,32.340600499999994],[-64.7100222,32.34074160000001],[-64.7099911,32.34094660000001],[-64.7100261,32.341143399999986],[-64.7099266,32.341504500000006],[-64.7097135,32.341661699999996],[-64.7095233,32.34176670000001],[-64.709336,32.3421979],[-64.7094514,32.342242299999995],[-64.7105109,32.3422746],[-64.7108623,32.3423982],[-64.7108456,32.342586700000005],[-64.7105662,32.3430666],[-64.7107758,32.343378400000006],[-64.711203,32.3435972],[-64.7116373,32.3440641],[-64.7120152,32.3441094],[-64.7122715,32.344337800000005],[-64.7126476,32.344187000000005],[-64.7128453,32.344156899999994],[-64.7128755,32.344293699999994],[-64.7128481,32.344521],[-64.7126817,32.344649399999994],[-64.7124143,32.3449084],[-64.7126833,32.3450621],[-64.7127002,32.34537540000001],[-64.713046,32.34574489999999],[-64.7132166,32.3458281],[-64.7133809,32.3457694],[-64.7138029,32.3453394],[-64.7140203,32.3451852],[-64.7142822,32.345214000000006],[-64.7156665,32.34522780000001],[-64.7162372,32.3450769],[-64.7178396,32.345014899999995],[-64.7181245,32.3448513],[-64.7184049,32.34459479999999],[-64.7188855,32.344497],[-64.7190642,32.3443183],[-64.7192699,32.34420510000001],[-64.719429,32.3440345],[-64.7193296,32.3437897],[-64.7190602,32.3436245],[-64.7186486,32.34359169999999],[-64.7184361,32.34371010000001],[-64.718241,32.34362119999999],[-64.7181439,32.343545799999994],[-64.7181517,32.34337849999999],[-64.7182427,32.343228700000004],[-64.7182681,32.3431325],[-64.7185904,32.343198099999995],[-64.7189981,32.3430144],[-64.7196348,32.3428864],[-64.7199609,32.34270930000001],[-64.7203919,32.3426536],[-64.7206288,32.34264039999999],[-64.7208442,32.342478400000005],[-64.7209632,32.34188040000001],[-64.7212705,32.34136440000001],[-64.7224896,32.34097580000001],[-64.72325340000002,32.34062359999999],[-64.7238925,32.34051839999999],[-64.7245652,32.340595400000005],[-64.7250606,32.3404574],[-64.7256996,32.34004719999999],[-64.7265418,32.3395748],[-64.7266077,32.339421699999995],[-64.7271239,32.3392501],[-64.7274259,32.3392362],[-64.7275546,32.33915129999999],[-64.7285369,32.3392418],[-64.7290401,32.339250099999994],[-64.7292323,32.33918510000001],[-64.7292762,32.33905990000001],[-64.7291445,32.338698],[-64.7294629,32.338359399999995],[-64.7295288,32.3380624],[-64.729238,32.337725],[-64.7292488,32.3375336],[-64.7294465,32.3373295],[-64.7295343,32.3370418],[-64.7298143,32.3367495],[-64.7304403,32.3367124],[-64.7308631,32.33658249999999],[-64.73122,32.336290299999995],[-64.73146890000001,32.3359465],[-64.7312969,32.335719600000004],[-64.7314396,32.335506200000005],[-64.7317636,32.33539489999999],[-64.731824,32.33523709999999],[-64.7320381,32.33520929999999],[-64.7321285,32.3350778],[-64.7323501,32.33494590000001],[-64.7327757,32.33485079999999],[-64.7330914,32.3347255],[-64.7334451,32.3343942],[-64.7338379,32.3343898],[-64.7342939,32.334463400000004],[-64.7344531,32.3343868],[-64.7350676,32.33436009999999],[-64.7353097,32.33417569999999],[-64.7355018,32.33392979999999],[-64.7356968,32.3338927],[-64.7358587,32.3338371],[-64.7361333,32.33386020000001],[-64.73629520000001,32.333686300000004],[-64.7365314,32.33361439999999],[-64.7365753,32.3334705],[-64.7365121,32.33335919999999],[-64.73618,32.3331972],[-64.7353482,32.3328317],[-64.7348265,32.33220630000001],[-64.7348676,32.3320021],[-64.7347096,32.331725299999995],[-64.7351037,32.33169359999999],[-64.735403,32.3317516],[-64.7357154,32.3318684],[-64.7359878,32.3318119],[-64.7361388,32.331849],[-64.7362348,32.3319209],[-64.7362815,32.3318305],[-64.7363035,32.33173299999999],[-64.73629520000001,32.331631],[-64.7360097,32.3315428],[-64.7360399,32.3314013],[-64.7358477,32.331352599999995],[-64.7357709,32.331174],[-64.7358512,32.33096849999999],[-64.7360742,32.3309585],[-64.7361854,32.3308585],[-64.7361497,32.33070539999999],[-64.7360619,32.33061719999999],[-64.7358999,32.3305987],[-64.7357791,32.330492],[-64.7359576,32.3304247],[-64.7361827,32.3305036],[-64.7362898,32.3303017],[-64.7368208,32.3302341],[-64.7372616,32.33030409999999],[-64.7374758,32.3303783],[-64.7376427,32.3303772],[-64.737926,32.3302043],[-64.737932,32.330039],[-64.7379875,32.32986199999999],[-64.7384394,32.32937849999999],[-64.7384751,32.3292416],[-64.7382994,32.3292253],[-64.7381566,32.3292601],[-64.7380331,32.3291766],[-64.7374601,32.32866799999999],[-64.737506,32.3285781],[-64.737484,32.32846909999999],[-64.737613,32.32854329999999],[-64.7377229,32.328522400000004],[-64.7378436,32.3284575],[-64.7378848,32.32834150000001],[-64.7377833,32.32823479999999],[-64.7375883,32.3281466],[-64.737646,32.328014399999994],[-64.7373996,32.3277137],[-64.7375856,32.3273509],[-64.7381469,32.3270783],[-64.7385025,32.32709800000001],[-64.7386096,32.3271282],[-64.7388951,32.32733230000001],[-64.7389885,32.3273393],[-64.739101,32.327279000000004],[-64.7391505,32.3272024],[-64.73915320000002,32.32711199999999],[-64.7390901,32.32703310000001],[-64.7390489,32.32707249999999],[-64.7386481,32.32692169999999],[-64.738368,32.3267454],[-64.7381319,32.3264183],[-64.7380796,32.326116199999994],[-64.7381292,32.32597749999999],[-64.7382115,32.325912599999995],[-64.7387779,32.325799700000005],[-64.7389009,32.325692499999995],[-64.7392575,32.3257943],[-64.7393619,32.3257734],[-64.7394744,32.3256504],[-64.7395293,32.3255414],[-64.7390791,32.3253419],[-64.7389876,32.325248499999994],[-64.7390736,32.3251076],[-64.7392465,32.325096],[-64.7394725,32.3250454],[-64.7395678,32.32487789999999],[-64.7396666,32.32483609999999],[-64.7399247,32.32492429999999],[-64.740307,32.32485770000001],[-64.7404655,32.324949799999985],[-64.7406659,32.32492429999999],[-64.7408471,32.3248524],[-64.7409624,32.3247317],[-64.7409899,32.3245925],[-64.7409789,32.3244371],[-64.7408828,32.32432339999999],[-64.74065490000001,32.32437909999999],[-64.7403722,32.324288599999996],[-64.7402733,32.324179599999994],[-64.7403365,32.324045000000005],[-64.7401772,32.3238873],[-64.7399411,32.3240172],[-64.7395679,32.32377039999999],[-64.7394085,32.3239151],[-64.7392191,32.32390349999999],[-64.7391669,32.32399399999999],[-64.7389971,32.3240557],[-64.7389193,32.32406029999999],[-64.738867,32.3240523],[-64.738817,32.32399829999999],[-64.7380139,32.3238959],[-64.737623,32.323961],[-64.7373775,32.3239168],[-64.7371093,32.3238165],[-64.7365236,32.3237585],[-64.7364971,32.323722999999994],[-64.7365474,32.3232017],[-64.7367016,32.322914199999985],[-64.7368022,32.322874299999995],[-64.7378941,32.3231698],[-64.7381833,32.323149],[-64.7383716,32.3232031],[-64.7384318,32.323331100000004],[-64.738624,32.3233885],[-64.7391695,32.32347539999999],[-64.7395913,32.3232878],[-64.7400589,32.32334759999999],[-64.7405588,32.32332809999999],[-64.7407664,32.3234025],[-64.7407377,32.32345420000001],[-64.7411722,32.3236183],[-64.7415954,32.3237528],[-64.7417624,32.32368060000001],[-64.7420419,32.323667499999985],[-64.7422988,32.323782099999995],[-64.7422399,32.3239693],[-64.74227880000001,32.3242941],[-64.7424069,32.32449100000001],[-64.7423758,32.324589399999994],[-64.7423098,32.3246616],[-64.7423603,32.32479610000001],[-64.742499,32.324945299999996],[-64.7430203,32.3250914],[-64.7431052,32.3251689],[-64.743164,32.32543919999999],[-64.7430592,32.3255474],[-64.7426345,32.3260865],[-64.7421072,32.3277259],[-64.741651,32.32891540000001],[-64.7407694,32.329990699999996],[-64.7399382,32.3305949],[-64.7397052,32.3308402],[-64.73896350000001,32.332119599999984],[-64.7389469,32.332235600000004],[-64.7392741,32.332988],[-64.7395016,32.33324940000001],[-64.7397492,32.33345289999999],[-64.7399087,32.3335194],[-64.7400837,32.33353639999999],[-64.7402793,32.333431299999994],[-64.7407405,32.3333756],[-64.7409547,32.3334034],[-64.7410508,32.3333292],[-64.7410932,32.3332109],[-64.7411079,32.33308529999999],[-64.7415257,32.3328838],[-64.7417206,32.33286519999999],[-64.7419403,32.3329186],[-64.7420818,32.33307289999999],[-64.742105,32.33322249999999],[-64.7419485,32.333234100000006],[-64.7417426,32.333359300000005],[-64.7417234,32.333524000000004],[-64.7416685,32.3337467],[-64.7417399,32.3338302],[-64.7416877,32.3340669],[-64.7415504,32.3341133],[-64.7416097,32.3340033],[-64.7414461,32.33393000000001],[-64.7413171,32.3339926],[-64.7412347,32.3341017],[-64.7412842,32.3342284],[-64.7412649,32.33450990000001],[-64.7411578,32.33473729999999],[-64.7407908,32.33528419999999],[-64.7407893,32.3355424],[-64.7407515,32.3357162],[-64.7405017,32.335899399999995],[-64.7403589,32.335802],[-64.7402738,32.3357904],[-64.740197,32.33587390000001],[-64.7404331,32.3365489],[-64.740337,32.336539599999995],[-64.7402711,32.3366695],[-64.7403562,32.336734500000006],[-64.7403043,32.33693960000001],[-64.7401588,32.3368793],[-64.7401231,32.33691869999999],[-64.7402302,32.337071800000004],[-64.7401286,32.3371553],[-64.7398376,32.337095000000005],[-64.7398316,32.336993400000004],[-64.7397808,32.33688910000001],[-64.7397094,32.3368345],[-64.7396449,32.336835699999995],[-64.7395721,32.336796299999996],[-64.739568,32.33668490000001],[-64.7395351,32.33668609999999],[-64.7395268,32.33673249999999],[-64.7394966,32.336746399999996],[-64.7394472,32.3367394],[-64.7393572,32.3366798],[-64.7393827,32.33678230000001],[-64.739266,32.3369807],[-64.739336,32.3370224],[-64.7392301,32.3371724],[-64.7391194,32.33726829999999],[-64.73921,32.3373745],[-64.7393116,32.3373965],[-64.7395998,32.3373768],[-64.7396698,32.337294400000005],[-64.7397069,32.33720739999999],[-64.7397659,32.33715870000001],[-64.7399471,32.3371912],[-64.7400657,32.33733529999999],[-64.7400075,32.337541900000005],[-64.7398056,32.337683],[-64.7400113,32.337919199999995],[-64.7400502,32.3382571],[-64.7396852,32.338480100000005],[-64.7398754,32.33848009999999],[-64.7398405,32.338640899999994],[-64.7396968,32.3386245],[-64.7395687,32.33885079999999],[-64.7392916,32.3392489],[-64.7391929,32.339269099999996],[-64.7388781,32.3392344],[-64.7387894,32.3392392],[-64.7386779,32.3392646],[-64.7385275,32.339354300000004],[-64.738462,32.33935129999999],[-64.7383824,32.339307899999994],[-64.7382992,32.339287],[-64.7382302,32.339315400000004],[-64.738124,32.3394933],[-64.7380196,32.339592],[-64.7379311,32.339633899999995],[-64.7378975,32.33967570000001],[-64.7379559,32.3397415],[-64.73824260000002,32.3399191],[-64.7382778,32.3399593],[-64.7382485,32.340085],[-64.7382126,32.34012189999999],[-64.7381643,32.34014890000001],[-64.7381115,32.3401323],[-64.7379701,32.3401422],[-64.7377436,32.3399523],[-64.7375905,32.33991690000001],[-64.737509,32.3399891],[-64.7375827,32.3402286],[-64.7376798,32.3404123],[-64.7375551,32.3403836],[-64.7374641,32.340458399999996],[-64.7373072,32.3406353],[-64.7376147,32.3409601],[-64.7375845,32.3411085],[-64.73742800000001,32.3410528],[-64.737277,32.3411178],[-64.7372907,32.3413196],[-64.7371906,32.34146849999999],[-64.7369965,32.3415407],[-64.7370159,32.3416457],[-64.7372738,32.341739999999994],[-64.7374722,32.341846499999996],[-64.7373354,32.341921299999996],[-64.7372121,32.341842],[-64.7371216,32.3418112],[-64.73704,32.34202199999999],[-64.7370875,32.34227429999999],[-64.7369926,32.3424592],[-64.7371207,32.34305290000001],[-64.7372916,32.343302200000004],[-64.7373032,32.3434367],[-64.7371246,32.343604],[-64.7369131,32.3439032],[-64.736394,32.3443554],[-64.7361355,32.3443373],[-64.735559,32.3445368],[-64.7348782,32.3447966],[-64.7340271,32.3450935],[-64.7335164,32.345357899999996],[-64.7333792,32.3452744],[-64.7329399,32.345473899999995],[-64.7329344,32.34557130000001],[-64.7325116,32.3456038],[-64.7322097,32.3455153],[-64.7321592,32.3453874],[-64.7316895,32.3453776],[-64.7311498,32.34546610000001],[-64.7306528,32.3456367],[-64.7302723,32.34593189999998],[-64.7298802,32.34613529999999],[-64.7295967,32.346135299999986],[-64.7291231,32.34625659999999],[-64.7288668,32.346568299999994],[-64.7285717,32.346751899999994],[-64.7282938,32.3468143],[-64.7278941,32.3470084],[-64.7276994,32.34708079999999],[-64.7276116,32.34720599999999],[-64.7274633,32.3472988],[-64.7272684,32.347535400000005],[-64.726928,32.3477627],[-64.7266448,32.348018799999984],[-64.7262334,32.3479436],[-64.7261153,32.3479528],[-64.725871,32.34809429999999],[-64.7256816,32.3483123],[-64.7256486,32.34839350000001],[-64.7254619,32.34850949999999],[-64.725289,32.348593],[-64.7251392,32.3486252],[-64.7247393,32.348577599999984],[-64.724553,32.3486629],[-64.7244443,32.348653000000006],[-64.7240987,32.34878260000001],[-64.7241569,32.3488269],[-64.72377260000002,32.349022],[-64.7237007,32.34896299999999],[-64.7233164,32.3492467],[-64.7231761,32.3494067],[-64.7229048,32.3495503],[-64.7226233,32.34946320000001],[-64.7225651,32.349495999999995],[-64.7223613,32.34938280000001],[-64.7221497,32.34934840000001],[-64.7218461,32.34955949999999],[-64.7218352,32.3496682],[-64.7218953,32.3497699],[-64.7222331,32.35006510000001],[-64.722303,32.3501946],[-64.7222972,32.350291399999996],[-64.7224339,32.350460399999996],[-64.7226998,32.350543900000005],[-64.7228206,32.350541599999985],[-64.7229662,32.3505903],[-64.72310070000002,32.350747999999996],[-64.7231556,32.3507457],[-64.7232187,32.35083610000001],[-64.72312320000002,32.350896399999996],[-64.723278,32.3512527],[-64.7232458,32.3514113],[-64.7230275,32.3513468],[-64.722704,32.3513252],[-64.7225234,32.35153940000001],[-64.7223043,32.35150420000001],[-64.7220308,32.3516424],[-64.7216874,32.35171039999999],[-64.7215413,32.3518664],[-64.7211322,32.3518894],[-64.7207916,32.352005],[-64.7201537,32.3523758],[-64.7200003,32.3525692],[-64.7201586,32.352766299999985],[-64.7200646,32.3530176],[-64.7199285,32.353140799999984],[-64.7198051,32.353107800000004],[-64.7197084,32.3531425],[-64.7197701,32.3532711],[-64.7197249,32.353352799999996],[-64.7194863,32.35334410000001],[-64.7192519,32.35340140000001],[-64.7191326,32.353512599999995],[-64.7188241,32.353583799999996],[-64.7184744,32.35379929999999],[-64.7181968,32.35401639999999],[-64.7181351,32.35437950000001],[-64.71823380000001,32.35491640000001],[-64.7181351,32.35507100000001],[-64.718166,32.355163100000006],[-64.7183181,32.35524989999999],[-64.7184662,32.35529690000001],[-64.71849300000001,32.3555036],[-64.7182215,32.355739899999996],[-64.7181022,32.355962299999995],[-64.717913,32.3560995],[-64.7178451,32.3562923],[-64.7178246,32.3566033],[-64.7175572,32.3568274],[-64.717588,32.3568987],[-64.7177752,32.35703240000001],[-64.7178122,32.35709669999999],[-64.7177942,32.3571784],[-64.7176075,32.3570983],[-64.7172622,32.3568395],[-64.7171797,32.3566501],[-64.71668,32.35638250000001],[-64.7161802,32.355836999999994],[-64.7160609,32.3556111],[-64.7161864,32.3556442],[-64.7162008,32.35558160000001],[-64.7161699,32.3554965],[-64.7160774,32.35547220000001],[-64.7159355,32.355341899999985],[-64.7156948,32.3551681],[-64.7155118,32.35516119999999],[-64.7153781,32.35505169999999],[-64.7151971,32.355091699999996],[-64.7151313,32.3551438],[-64.7149277,32.35505],[-64.7148969,32.3549284],[-64.714973,32.3547668],[-64.7147817,32.3545427],[-64.7143662,32.3543377],[-64.714103,32.35430289999999],[-64.7138254,32.35411009999999],[-64.71382950000002,32.3539607],[-64.7137266,32.35384249999999],[-64.7135559,32.3537678],[-64.7134017,32.35380429999999],[-64.7134017,32.3539381],[-64.7133276,32.3540302],[-64.7129739,32.3538651],[-64.7127333,32.353849499999995],[-64.7125235,32.35387730000001],[-64.7123178,32.353944999999996],[-64.712088,32.3539268],[-64.7120865,32.35395849999999],[-64.7120268,32.353953700000005],[-64.7120315,32.3538825],[-64.7119533,32.3538543],[-64.7116654,32.35366359999999],[-64.7112355,32.35345160000001],[-64.7112006,32.35327439999999],[-64.7111142,32.3531806],[-64.71089,32.3530955],[-64.7107954,32.35300159999999],[-64.7105856,32.3529565],[-64.7103553,32.352814],[-64.7099152,32.3521851],[-64.7099563,32.35196549999999],[-64.7097938,32.3518765],[-64.7093954,32.3522832],[-64.7092834,32.352458999999996],[-64.7091395,32.3524123],[-64.7092055,32.35226599999999],[-64.7092349,32.3522671],[-64.7097967,32.3516699],[-64.7098497,32.3515662],[-64.7096375,32.351375399999995],[-64.7096108,32.35119819999999],[-64.7097382,32.35104539999999],[-64.7098777,32.350914],[-64.7102459,32.35065409999999],[-64.7102471,32.35050329999999],[-64.710226,32.35034850000001],[-64.7100225,32.35021100000001],[-64.709698,32.3500818],[-64.7096631,32.350031400000006],[-64.709639,32.3498428],[-64.7097462,32.3495867],[-64.7097476,32.34953519999999],[-64.7097147,32.349476800000005],[-64.7096383,32.349442800000006],[-64.7093352,32.349393500000005],[-64.7091478,32.34934389999999],[-64.7089704,32.3492508],[-64.7089342,32.3492049],[-64.708919,32.3490948],[-64.7089302,32.3490089],[-64.7089892,32.3488905],[-64.7090629,32.3488118],[-64.7090495,32.34878400000001],[-64.7089657,32.34872909999999],[-64.7089319,32.3486871],[-64.7089255,32.34859849999999],[-64.7090951,32.348353499999995],[-64.7091796,32.3481796],[-64.7092292,32.3480544],[-64.7092178,32.3479886],[-64.7090355,32.34784249999999],[-64.7089121,32.34776659999999],[-64.7088303,32.3477451],[-64.7085513,32.3477949],[-64.7081503,32.347625],[-64.7079639,32.3475898],[-64.7078345,32.3476102],[-64.7076903,32.34767140000001],[-64.7076052,32.347673099999994],[-64.707581,32.3476318],[-64.7075871,32.34759100000001],[-64.7076541,32.347414199999996],[-64.7076313,32.3473179],[-64.7075763,32.347228400000006],[-64.7075146,32.3471842],[-64.7074221,32.34713889999999],[-64.707119,32.3470709],[-64.7069427,32.34706130000001],[-64.7067462,32.3471151],[-64.7066936,32.3470964],[-64.7066922,32.3470729],[-64.7067527,32.3469932],[-64.7068813,32.346986900000005],[-64.7069487,32.346893599999994],[-64.7070868,32.346827299999994],[-64.7071968,32.3467933],[-64.7072974,32.3467265],[-64.70737250000002,32.34659109999999],[-64.7073745,32.3465401],[-64.7072863,32.3463954],[-64.7073249,32.3463662],[-64.7074134,32.34639169999999],[-64.707453,32.3463957],[-64.7074778,32.34638319999999],[-64.7077547,32.34601719999999],[-64.7079056,32.345996799999995],[-64.7080136,32.34583700000001],[-64.7081775,32.3458096],[-64.70837310000002,32.345839],[-64.7085657,32.3457281],[-64.7083317,32.345739],[-64.7080809,32.34558870000001],[-64.707988,32.3456329],[-64.7079084,32.3456147],[-64.7079459,32.34553729999999],[-64.7078218,32.34555069999999],[-64.7079574,32.345418800000004],[-64.7079025,32.3453604],[-64.7081088,32.3453468],[-64.7082852,32.345244199999996],[-64.7084368,32.3452929],[-64.7084831,32.3452346],[-64.7084984,32.34517499999999],[-64.7085464,32.3451742],[-64.7085711,32.3452134],[-64.7086658,32.34516279999999],[-64.7087599,32.3452564],[-64.7088895,32.34531059999999],[-64.7089785,32.34538559999999],[-64.7089642,32.345421999999985],[-64.7088766,32.3454696],[-64.7089149,32.34550599999999],[-64.7089298,32.3455532],[-64.7089117,32.34561910000001],[-64.7089733,32.34563090000001],[-64.7088982,32.34585009999999],[-64.7088956,32.3459274],[-64.7090328,32.34594270000001],[-64.7090754,32.34588099999999],[-64.709132,32.34585919999999],[-64.7091803,32.3458566],[-64.7092501,32.3458797],[-64.7094036,32.3458773],[-64.709539,32.34580929999999],[-64.709581,32.3457629],[-64.7095531,32.3456717],[-64.7095558,32.345617799999985],[-64.7095987,32.34554020000001],[-64.7096108,32.3454813],[-64.7095913,32.34535730000001],[-64.7096001,32.3453114],[-64.7097757,32.3451607],[-64.7098441,32.3450032],[-64.70984350000002,32.3448865],[-64.709824,32.3448491],[-64.7097811,32.344830400000006],[-64.7095309,32.344809899999994],[-64.7094373,32.3448193],[-64.7093409,32.344789699999986],[-64.7092683,32.3447468],[-64.7091405,32.3447897],[-64.7087615,32.344717],[-64.708668,32.34476279999999],[-64.7086464,32.34474480000001],[-64.7087519,32.3446763],[-64.7087346,32.3446332],[-64.7086674,32.3445699],[-64.7085764,32.3445494],[-64.7085093,32.34458129999999],[-64.7084637,32.3446422],[-64.7084722,32.3447175],[-64.7085476,32.344725],[-64.7085456,32.3447484],[-64.7084716,32.344743300000005],[-64.7084693,32.3447785],[-64.7083959,32.34486199999999],[-64.7081041,32.3448689],[-64.7080513,32.344812600000004],[-64.7079675,32.3444716],[-64.7079364,32.3442683],[-64.7080451,32.3440518],[-64.7079325,32.3437205],[-64.7074198,32.3435309],[-64.707144,32.3436255],[-64.7068528,32.3436321],[-64.7065694,32.34352710000001],[-64.7062665,32.34324349999999],[-64.7062616,32.34266939999999],[-64.7063481,32.3424184],[-64.7065267,32.3421724],[-64.7064296,32.341959199999984],[-64.7057346,32.34179519999999],[-64.7049698,32.34174920000001],[-64.7047088,32.34191479999999],[-64.7041505,32.341788599999994],[-64.7028615,32.341686899999985],[-64.7020754,32.3414637],[-64.701623,32.3412047],[-64.701029,32.340945600000005],[-64.700365,32.3401878],[-64.6997204,32.33994139999999],[-64.6992025,32.339574],[-64.6990119,32.3395851],[-64.6989585,32.33964329999999],[-64.6987264,32.3394875],[-64.6985145,32.33937530000001],[-64.6984907,32.3394073],[-64.698371,32.33934810000001],[-64.6983994,32.339308200000005],[-64.698308,32.33926290000001],[-64.6983884,32.33916339999999],[-64.6980944,32.338846999999994],[-64.6979204,32.338794],[-64.6976575,32.33884819999998],[-64.6972134,32.33884960000001],[-64.6955506,32.337924400000006],[-64.6950964,32.33775709999999],[-64.6949869,32.33780540000001],[-64.6944255,32.3377803],[-64.6943633,32.337713],[-64.6943074,32.3375363],[-64.6942256,32.3374602],[-64.6940097,32.33746829999999],[-64.6938429,32.3375441],[-64.6938307,32.3378424],[-64.6936326,32.3381081],[-64.6934499,32.3381274],[-64.6929765,32.3379244],[-64.6924228,32.33800299999999],[-64.6920889,32.337811099999996],[-64.6920928,32.337465200000004],[-64.692068,32.33721909999999],[-64.691769,32.3371699],[-64.6914102,32.33723899999999],[-64.691206,32.3371239],[-64.69114,32.3369566],[-64.6912719,32.33676079999999],[-64.6916448,32.33663510000001],[-64.6920408,32.336599099999994],[-64.6920214,32.3364646],[-64.6917612,32.336425199999994],[-64.6917185,32.336116800000006],[-64.6912837,32.335900300000006],[-64.6912554,32.33579309999998],[-64.6914655,32.335866900000006],[-64.6917578,32.33585],[-64.6918826,32.3357762],[-64.6919263,32.3357305],[-64.6919295,32.33567],[-64.6919076,32.33558629999999],[-64.6918389,32.335502000000005],[-64.6917495,32.335508999999995],[-64.6916517,32.3355688],[-64.6913574,32.3354837],[-64.6912055,32.33559619999999],[-64.6911718,32.335569],[-64.6911323,32.335381999999996],[-64.6910096,32.335145399999995],[-64.6913613,32.334991599999995],[-64.6916176,32.3350835],[-64.6917729,32.3349785],[-64.6919365,32.3347108],[-64.6919619,32.3346196],[-64.691935,32.33456749999999],[-64.6918586,32.334617300000005],[-64.691778,32.334540200000006],[-64.69188540000002,32.334447299999994],[-64.6919617,32.33435009999999],[-64.6917574,32.334135399999994],[-64.6918156,32.333754899999995],[-64.6916836,32.3335252],[-64.691769,32.333433400000004],[-64.6921767,32.33373519999999],[-64.6923592,32.334079599999995],[-64.6926659,32.3342273],[-64.6928824,32.3340798],[-64.6929338,32.334073999999994],[-64.6931139,32.3339201],[-64.6931997,32.33388080000001],[-64.69322920000002,32.33371989999999],[-64.6932297,32.33342209999999],[-64.693166,32.3333482],[-64.6928189,32.3332564],[-64.69259990000002,32.333115099999986],[-64.6922543,32.33279360000001],[-64.6921262,32.33245900000001],[-64.6920342,32.332373000000004],[-64.6919973,32.3321732],[-64.6918946,32.33214420000001],[-64.6915943,32.33218999999999],[-64.6913928,32.3322815],[-64.6912808,32.3323648],[-64.691505,32.33300029999999],[-64.6914584,32.3334465],[-64.6913031,32.33354490000001],[-64.691175,32.3335252],[-64.691008,32.3336597],[-64.6910585,32.334004199999995],[-64.690876,32.3340107],[-64.6905971,32.3341196],[-64.6901881,32.33417769999999],[-64.6901399,32.334259100000004],[-64.6902153,32.33436150000001],[-64.6901807,32.33438339999999],[-64.6901115,32.3343354],[-64.68993720000002,32.33437510000001],[-64.6897851,32.33435420000001],[-64.6894899,32.3344208],[-64.6891264,32.3343678],[-64.6888824,32.3340437],[-64.6887338,32.3337899],[-64.6885635,32.3337551],[-64.6882561,32.333557899999995],[-64.6880886,32.33366229999999],[-64.687814,32.333868700000004],[-64.6876603,32.33394070000001],[-64.6867624,32.33389280000001],[-64.6865092,32.3336648],[-64.6863723,32.33367880000001],[-64.6863623,32.333919599999994],[-64.6864661,32.3340288],[-64.6864688,32.334149399999994],[-64.6863092,32.33417089999999],[-64.6863118,32.33425019999999],[-64.6864414,32.3344278],[-64.6865978,32.334509],[-64.6867896,32.33455670000001],[-64.6868248,32.3345963],[-64.6869741,32.3346285],[-64.6872897,32.33453449999999],[-64.687419,32.3345899],[-64.6874329,32.33466489999999],[-64.6872881,32.33475930000001],[-64.6870879,32.334755],[-64.6868559,32.33486849999999],[-64.6865978,32.334961299999996],[-64.6861051,32.3349684],[-64.6850796,32.33491490000001],[-64.684272,32.33461470000001],[-64.6838744,32.33474089999999],[-64.6835312,32.3349613],[-64.6832375,32.3351121],[-64.6830569,32.33555179999999],[-64.6828878,32.3358332],[-64.6826445,32.336100300000005],[-64.6823131,32.3362242],[-64.6819334,32.336200000000005],[-64.6817193,32.336313700000005],[-64.6815703,32.3363692],[-64.681461,32.336361799999985],[-64.6813081,32.3363017],[-64.6813249,32.3362462],[-64.6812008,32.3362303],[-64.6812082,32.3361513],[-64.6813406,32.33616859999999],[-64.6813189,32.3360768],[-64.6813151,32.3356537],[-64.6811455,32.3355459],[-64.6806835,32.33537479999999],[-64.6805479,32.33535179999999],[-64.6802489,32.335436499999986],[-64.6795043,32.3357981],[-64.67917310000001,32.33588869999999],[-64.6789231,32.3359011],[-64.6787855,32.3359295],[-64.6787292,32.33600659999999],[-64.67863260000001,32.33602470000001],[-64.6785185,32.336004299999985],[-64.6784789,32.336130700000005],[-64.6784638,32.336250099999994],[-64.678594,32.33650239999999],[-64.6785062,32.3367784],[-64.6782069,32.33722379999999],[-64.6777759,32.33765749999999],[-64.677743,32.3379382],[-64.6775717,32.338146],[-64.677279,32.3382954],[-64.6771472,32.33851109999999],[-64.6770233,32.338615],[-64.67661690000001,32.3385214],[-64.6765593,32.33840200000001],[-64.6761287,32.3385111],[-64.6756976,32.3386735],[-64.6747902,32.33936150000001],[-64.6746619,32.3393248],[-64.6744981,32.3391273],[-64.6741131,32.3389314],[-64.6739719,32.33890480000001],[-64.6739431,32.33871030000001],[-64.6741576,32.3384071],[-64.6745967,32.338024000000004],[-64.6750063,32.33786489999999],[-64.675135,32.3379623],[-64.6752452,32.33796519999999],[-64.6752664,32.3378535],[-64.6753657,32.3378581],[-64.6754918,32.3379714],[-64.675599,32.3378921],[-64.67570630000002,32.3378422],[-64.6758232,32.3379402],[-64.6763684,32.33768400000001],[-64.6764278,32.337583900000006],[-64.6765673,32.337432],[-64.6767642,32.3373959],[-64.6768801,32.3368931],[-64.6768668,32.3367201],[-64.6765899,32.3366207],[-64.6766036,32.3363933],[-64.6765624,32.3361892],[-64.6763483,32.3360431],[-64.6768562,32.335641800000005],[-64.6770887,32.3353753],[-64.6774959,32.3351639],[-64.6778766,32.3350849],[-64.6779628,32.3351408],[-64.677959,32.3351959],[-64.6780108,32.33518049999999],[-64.6780261,32.335127],[-64.6780806,32.335066499999996],[-64.6782335,32.3350366],[-64.6782823,32.33508579999999],[-64.6783087,32.335079500000006],[-64.678331,32.33495409999999],[-64.6783898,32.334964400000004],[-64.6784611,32.3349313],[-64.6785086,32.3349375],[-64.6785208,32.334973],[-64.6785062,32.3350479],[-64.678533,32.33506690000001],[-64.6785933,32.3350532],[-64.6786381,32.3350108],[-64.6786624,32.33492489999999],[-64.6787729,32.3349295],[-64.6788779,32.33496670000001],[-64.6789558,32.3349421],[-64.6789951,32.3350182],[-64.6789761,32.3350566],[-64.6789972,32.335074899999995],[-64.6792474,32.3349319],[-64.6793049,32.3349818],[-64.6794547,32.3349641],[-64.6795058,32.3348614],[-64.6796505,32.3348768],[-64.6796692,32.3347761],[-64.67975980000001,32.3347247],[-64.6799228,32.3347726],[-64.6800086,32.33481679999999],[-64.680081,32.3349017],[-64.6802015,32.3348906],[-64.6803117,32.3349459],[-64.6805745,32.3350003],[-64.6808159,32.3348779],[-64.6810365,32.33488799999999],[-64.6813047,32.33471029999999],[-64.6819638,32.3343318],[-64.68285530000001,32.334014],[-64.6833164,32.33383370000001],[-64.6834406,32.3335906],[-64.6836794,32.3334027],[-64.6838936,32.333370200000005],[-64.6840583,32.3332426],[-64.68421480000002,32.333013],[-64.6845964,32.33309880000001],[-64.6848123,32.33292079999999],[-64.6846348,32.3326882],[-64.6845739,32.3324522],[-64.6848245,32.33223989999999],[-64.6849626,32.33221950000001],[-64.6850452,32.3322703],[-64.6851222,32.332286399999994],[-64.6852201,32.33221950000001],[-64.6852335,32.3321221],[-64.6852684,32.33208579999999],[-64.6853636,32.3321278],[-64.6855433,32.332175299999996],[-64.6856931,32.332138099999995],[-64.6859197,32.3320271],[-64.6860369,32.3318331],[-64.686095,32.33152340000001],[-64.6862601,32.3312824],[-64.6868753,32.3310732],[-64.6870909,32.3311556],[-64.6873792,32.3311943],[-64.6875113,32.331318],[-64.6877571,32.33130179999999],[-64.6880914,32.33125750000001],[-64.68826710000002,32.331347],[-64.688479,32.3313402],[-64.68886260000001,32.3313766],[-64.6895629,32.3310194],[-64.6896401,32.33089509999999],[-64.6897055,32.330718600000004],[-64.6904527,32.330391999999996],[-64.6907282,32.330222299999996],[-64.6908496,32.3300941],[-64.6910061,32.3299974],[-64.6910727,32.3300112],[-64.691534,32.329799],[-64.6914697,32.329694800000006],[-64.691534,32.329586],[-64.6916333,32.3295883],[-64.6917513,32.3296562],[-64.6917607,32.32979099999999],[-64.6921552,32.32977110000001],[-64.6922776,32.329794799999995],[-64.6926029,32.3297277],[-64.6930506,32.3295692],[-64.693194,32.329469],[-64.6933638,32.3294137],[-64.6956921,32.3290276],[-64.6958521,32.3289309],[-64.695918,32.3289134],[-64.6959928,32.32894220000001],[-64.6965396,32.3287553],[-64.6969629,32.328579899999994],[-64.6978827,32.3282469],[-64.6978955,32.32826240000001],[-64.6980331,32.328173199999995],[-64.698336,32.328041299999995],[-64.6984678,32.3277652],[-64.6986866,32.3276602],[-64.6990739,32.32765439999999],[-64.6992803,32.32769799999999],[-64.6994857,32.3275941],[-64.7000616,32.32723819999998],[-64.700219,32.327009],[-64.700623,32.326622500000006],[-64.7007608,32.3266419],[-64.7010593,32.3264249],[-64.7015216,32.3260252],[-64.70184980000002,32.325937],[-64.7019338,32.325792799999995],[-64.7023409,32.3256779],[-64.7027273,32.32549229999999],[-64.7027849,32.3253328],[-64.7029943,32.32531130000001],[-64.7032777,32.325396399999995],[-64.7036428,32.3252998],[-64.7041644,32.324941100000004],[-64.7048502,32.324536499999994],[-64.7051961,32.3242581],[-64.705452,32.324095400000004],[-64.7058769,32.3239194],[-64.7061132,32.32378940000001],[-64.7063425,32.32370100000001],[-64.7065182,32.3235254],[-64.7067883,32.323353600000004],[-64.7070318,32.3233191],[-64.7072236,32.3232148],[-64.7072974,32.3231049],[-64.707461,32.3230596],[-64.7076892,32.32292519999999],[-64.7078862,32.3227799],[-64.7083524,32.3225077],[-64.7091486,32.3218835],[-64.7095102,32.321657699999996],[-64.709607,32.32154860000001],[-64.7100328,32.321446900000005],[-64.7109719,32.32084210000001],[-64.71136410000001,32.3206474],[-64.7112186,32.3201787],[-64.7113852,32.31994410000001],[-64.7118714,32.31979129999999],[-64.712103,32.31966370000001],[-64.7121945,32.319585],[-64.7123428,32.3195817],[-64.7128241,32.31912859999999],[-64.7129745,32.318840900000005],[-64.7129429,32.31863469999999],[-64.712831,32.3185163],[-64.7126311,32.3185639],[-64.7125822,32.31841800000001],[-64.7126225,32.31817349999999],[-64.7127189,32.3180925],[-64.7129139,32.3181647],[-64.7131,32.31814810000001],[-64.7133377,32.318067299999996],[-64.7134611,32.3179471],[-64.714017,32.3177141],[-64.7141612,32.31772269999999],[-64.7141773,32.3175867],[-64.7141612,32.31743710000001],[-64.7140093,32.3174188],[-64.7136676,32.3172777],[-64.7136288,32.3169233],[-64.7134291,32.316594800000004],[-64.7137336,32.316240799999996],[-64.7143331,32.3162171],[-64.7148557,32.3155255],[-64.7152051,32.3153188],[-64.7151031,32.31490989999999],[-64.715143,32.314764299999986],[-64.715306,32.31470850000001],[-64.7155623,32.3148069],[-64.7158147,32.3150137],[-64.7160843,32.31490840000001],[-64.7164165,32.31483980000001],[-64.7165329,32.314642899999996],[-64.7175851,32.3148529],[-64.7182451,32.314574],[-64.7187636,32.314511299999985],[-64.7189911,32.31438429999999],[-64.719199,32.3143755],[-64.7194173,32.314335599999986],[-64.7195536,32.3141957],[-64.7197172,32.31416509999999],[-64.720037,32.314237299999995],[-64.7202727,32.31431940000001],[-64.7207884,32.3140623],[-64.7210196,32.3140483],[-64.7213163,32.3138258],[-64.7213267,32.3136655],[-64.7211328,32.313215500000005],[-64.7215177,32.3125141],[-64.7217147,32.3124115],[-64.7219378,32.312460200000004],[-64.72225520000002,32.31264840000001],[-64.7223217,32.3126129],[-64.7223802,32.3123852],[-64.7224365,32.31234560000001],[-64.7225218,32.3123783],[-64.7225253,32.31246620000001],[-64.7225752,32.31250839999999],[-64.7226263,32.3125017],[-64.7227241,32.31230279999999],[-64.722679,32.312218],[-64.7228069,32.3121705],[-64.7229948,32.3121531],[-64.7230324,32.312031],[-64.7232158,32.31198160000001],[-64.7232842,32.3120724],[-64.7233827,32.3120785],[-64.7234387,32.312019699999986],[-64.723374,32.3118997],[-64.7236731,32.311634500000004],[-64.723846,32.31131580000001],[-64.723991,32.311103300000006],[-64.7239724,32.311055399999994],[-64.7240873,32.31094130000001],[-64.7240636,32.3108944],[-64.7241809,32.310763],[-64.7242427,32.31076519999999],[-64.7242498,32.310685299999996],[-64.7243681,32.3106256],[-64.7243913,32.31058709999999],[-64.7244814,32.31056499999999],[-64.724517,32.31060260000001],[-64.7246616,32.3105606],[-64.7246377,32.31049649999999],[-64.724906,32.31037549999999],[-64.7249465,32.3103246],[-64.7251663,32.31028719999999],[-64.7253464,32.3102229],[-64.7255987,32.3099702],[-64.7258356,32.3094944],[-64.7263727,32.309428],[-64.7265121,32.3095025],[-64.7269421,32.309251599999996],[-64.7271582,32.3089168],[-64.7273212,32.3088891],[-64.7274127,32.3089261],[-64.72739090000002,32.308980000000005],[-64.7274531,32.30901059999999],[-64.7275013,32.308972],[-64.7277558,32.308973599999995],[-64.7280936,32.308857299999985],[-64.7282803,32.30870069999999],[-64.7283389,32.30844230000001],[-64.7286699,32.308290099999994],[-64.72893,32.308401700000005],[-64.7288795,32.308605199999995],[-64.7291008,32.3086642],[-64.7295165,32.3083943],[-64.7300798,32.308265],[-64.730813,32.30779789999999],[-64.7310993,32.30769419999999],[-64.7313032,32.3077304],[-64.7314668,32.30765790000001],[-64.7314587,32.307531],[-64.7316062,32.30746750000001],[-64.7317601,32.3075138],[-64.7320166,32.30740629999999],[-64.7319093,32.30734960000001],[-64.7320703,32.3071524],[-64.732317,32.307150099999994],[-64.7324966,32.3072225],[-64.7327779,32.307195300000004],[-64.7330976,32.3070231],[-64.7332163,32.3068641],[-64.7333264,32.3067503],[-64.7335374,32.30665819999999],[-64.733685,32.30645410000001],[-64.7338727,32.306485900000006],[-64.733988,32.30630219999999],[-64.7338389,32.3062326],[-64.7341034,32.30584660000001],[-64.7343448,32.3057944],[-64.7342643,32.3056629],[-64.734388,32.30562489999999],[-64.7349286,32.30534990000001],[-64.7358566,32.305103700000004],[-64.7366443,32.304738300000004],[-64.7370912,32.3043457],[-64.7374874,32.3036787],[-64.7376935,32.3035581],[-64.737829,32.3034299],[-64.7379577,32.30327570000001],[-64.7378531,32.30321],[-64.737668,32.3032372],[-64.7376251,32.3030672],[-64.7377968,32.30302860000001],[-64.7378171,32.30286799999999],[-64.737711,32.30273619999999],[-64.737666,32.3025177],[-64.7377673,32.3024233],[-64.7379148,32.30240740000001],[-64.7380851,32.30224870000001],[-64.7387335,32.3021929],[-64.7390547,32.3019631],[-64.7392305,32.3019337],[-64.7392745,32.3020377],[-64.7392072,32.30226510000001],[-64.7393663,32.30238000000001],[-64.7395877,32.30242589999999],[-64.7396226,32.302573599999995],[-64.7394641,32.3027684],[-64.7394919,32.3029085],[-64.7396859,32.30298880000001],[-64.7398084,32.3029782],[-64.7399254,32.30293150000001],[-64.740141,32.303045499999996],[-64.7404407,32.30297269999998],[-64.7408145,32.3026425],[-64.7410708,32.3027377],[-64.7410669,32.30290829999999],[-64.7416136,32.302901699999985],[-64.7417055,32.3030093],[-64.7418299,32.3030422],[-64.7419867,32.3030225],[-64.7420186,32.302947],[-64.7419891,32.30282460000001],[-64.7431557,32.3021142],[-64.7431519,32.3015234],[-64.7429422,32.300388],[-64.7427682,32.30000520000001],[-64.7429073,32.299876],[-64.7432839,32.299725],[-64.7437187,32.2996561],[-64.7439144,32.299760400000004],[-64.7440759,32.2999154],[-64.744411,32.3007749],[-64.744816,32.30074539999999],[-64.7450815,32.3006538],[-64.7451413,32.3003562],[-64.74522200000001,32.299771099999994],[-64.745188,32.2996915],[-64.7447554,32.2995662],[-64.7446194,32.299484699999994],[-64.7445221,32.2993893],[-64.7443474,32.299141899999995],[-64.74422180000002,32.29891380000001],[-64.7442387,32.2985965],[-64.7443771,32.29834159999999],[-64.7446156,32.29815299999999],[-64.7452246,32.2981895],[-64.7454328,32.2983395],[-64.7455336,32.2983731],[-64.7456627,32.2982789],[-64.7457804,32.29813659999999],[-64.7458086,32.29799680000001],[-64.7457324,32.29781379999999],[-64.7458362,32.2975075],[-64.7461893,32.29726320000001],[-64.7464884,32.2972298],[-64.7470497,32.2970584],[-64.7475194,32.296659299999995],[-64.747827,32.2965579],[-64.7480035,32.296771799999995],[-64.7482217,32.2969252],[-64.7485154,32.29700199999999],[-64.7487671,32.2970055],[-64.7490412,32.296918299999994],[-64.7493405,32.2967479],[-64.7496342,32.2965292],[-64.7496831,32.2959883],[-64.7499348,32.2959046],[-64.75033000000002,32.295952899999996],[-64.7505342,32.2958084],[-64.7508644,32.29543819999999],[-64.751688,32.2949211],[-64.7521324,32.294566599999996],[-64.7525645,32.294326299999994],[-64.7529376,32.2939738],[-64.7533641,32.29344839999999],[-64.7538081,32.292583900000004],[-64.7541978,32.29222810000001],[-64.7548568,32.29181129999999],[-64.7550112,32.29176929999999],[-64.7551362,32.291765600000005],[-64.7551772,32.2917752],[-64.7550409,32.291877099999994],[-64.7549325,32.2919954],[-64.7550286,32.2921786],[-64.755179,32.2922422],[-64.75529610000001,32.292255499999996],[-64.7554272,32.2921387],[-64.7555583,32.29197169999999],[-64.7556387,32.2918136],[-64.7555537,32.29171],[-64.7561229,32.2911947],[-64.7563302,32.2912189],[-64.7565032,32.2912775],[-64.7566293,32.291221],[-64.7567812,32.291065],[-64.756654,32.2906986],[-64.7567678,32.2905439],[-64.7568209,32.29036570000001],[-64.7571015,32.290280599999996],[-64.7573463,32.2903433],[-64.7575737,32.2903224],[-64.7577394,32.290324399999996],[-64.7578284,32.2902388],[-64.7578892,32.289784],[-64.7582131,32.2895312],[-64.7589701,32.2886865],[-64.7594361,32.28836530000001],[-64.7596659,32.2882786],[-64.7597942,32.28842670000001],[-64.7597708,32.288648099999996],[-64.7596557,32.2888109],[-64.7590064,32.2893747],[-64.759103,32.2897298],[-64.7592379,32.2900752],[-64.7593722,32.2902353],[-64.75968960000002,32.2902904],[-64.7597954,32.2900701],[-64.7599071,32.2899988],[-64.7601624,32.2900786],[-64.7602323,32.28997809999999],[-64.7602323,32.28980669999999],[-64.7605225,32.28964409999999],[-64.7609141,32.28957019999999],[-64.7611483,32.2894697],[-64.7614545,32.28941459999999],[-64.7615,32.28927269999999],[-64.7608441,32.2889761],[-64.7604524,32.2886838],[-64.7602539,32.2880882],[-64.7601424,32.2879886],[-64.7601263,32.2878186],[-64.76019430000001,32.28759960000001],[-64.7603861,32.28729139999999],[-64.7605819,32.28688939999999],[-64.7606639,32.28655729999999],[-64.7608896,32.2863751],[-64.7608581,32.2862007],[-64.7610959,32.2860056],[-64.7612392,32.2860411],[-64.7614217,32.28619840000001],[-64.7617918,32.2859195],[-64.7620842,32.285810700000006],[-64.7622532,32.285652],[-64.7624838,32.2855227],[-64.762593,32.285483299999996],[-64.7625858,32.285286899999996],[-64.7628567,32.28527780000001],[-64.7629222,32.28519579999999],[-64.7636963,32.2849055],[-64.7638947,32.2848538],[-64.7639269,32.28487419999999],[-64.76379010000001,32.28496719999999],[-64.7637767,32.2850193],[-64.7638571,32.2850919],[-64.763972,32.2850762],[-64.76434870000001,32.2848241],[-64.7647463,32.2843725],[-64.7649327,32.2843164],[-64.7650903,32.2840971],[-64.7653833,32.28405790000001],[-64.7654967,32.2839221],[-64.7661073,32.2835652],[-64.766238,32.28337560000001],[-64.7664314,32.28318430000001],[-64.766881,32.2826528],[-64.767103,32.2826306],[-64.767176,32.2825059],[-64.7677598,32.2818962],[-64.7679557,32.28162509999999],[-64.76816550000001,32.2811344],[-64.7683822,32.28071169999998],[-64.768367,32.280370600000005],[-64.7687732,32.27987470000001],[-64.7695435,32.279374499999996],[-64.7696759,32.279014100000005],[-64.7701722,32.2784983],[-64.7709141,32.27777840000001],[-64.771167,32.27734769999999],[-64.7715553,32.2767384],[-64.772716,32.27579279999999],[-64.7732207,32.2755211],[-64.7736987,32.2752931],[-64.7741783,32.274864699999995],[-64.774763,32.27456529999999],[-64.7750017,32.27434759999999],[-64.7753305,32.273767500000005],[-64.7761143,32.27307839999999],[-64.7793764,32.2708324],[-64.7804546,32.2704152],[-64.7810534,32.2700767],[-64.7816791,32.2698278],[-64.7819426,32.2698255],[-64.7821008,32.269722300000005],[-64.7821974,32.26971209999999],[-64.7822296,32.2697603],[-64.7823382,32.26974899999999],[-64.7823677,32.26973530000001],[-64.7824562,32.269631],[-64.7826024,32.2696373],[-64.7827868,32.26961059999999],[-64.7829189,32.2695516],[-64.7830678,32.2694604],[-64.7831744,32.26945070000001],[-64.7834195,32.26935999999999],[-64.7834272,32.2693438],[-64.7833937,32.269314099999995],[-64.7833984,32.2692636],[-64.7834782,32.26922110000001],[-64.783506,32.26922079999999],[-64.7836183,32.2693129],[-64.7837625,32.2692968],[-64.7838597,32.269197299999995],[-64.7839395,32.269178],[-64.7839658,32.26913009999999],[-64.7840329,32.269131400000006],[-64.7840602,32.269104299999995],[-64.7841618,32.26906720000001],[-64.7842352,32.26899340000001],[-64.7843425,32.268990300000006],[-64.784374,32.2689053],[-64.7844914,32.268909199999996],[-64.7845041,32.2688503],[-64.7845437,32.26884179999999],[-64.7845691,32.268807800000005],[-64.784712,32.26871700000001],[-64.7848354,32.2686677],[-64.7850084,32.2686388],[-64.7850908,32.268584399999995],[-64.7851123,32.26853729999999],[-64.7851787,32.268489699999996],[-64.7852652,32.268504400000005],[-64.7852638,32.2684114],[-64.7852907,32.26839329999999],[-64.7853135,32.2683899],[-64.7854268,32.2684381],[-64.7856192,32.26837119999999],[-64.7857131,32.2684001],[-64.7858472,32.268402399999985],[-64.7861962,32.268079199999995],[-64.7863367,32.267925],[-64.786562,32.2679],[-64.78679190000001,32.267964299999996],[-64.7874398,32.26781669999999],[-64.7876388,32.26774360000001],[-64.7886139,32.26707669999999],[-64.7894217,32.2667837],[-64.7895956,32.2667025],[-64.789943,32.2666299],[-64.7914276,32.266062899999994],[-64.7926332,32.265661499999986],[-64.7927418,32.2656116],[-64.7928827,32.2654642],[-64.7929162,32.265448299999996],[-64.7932099,32.2654211],[-64.7938764,32.2651648],[-64.7949144,32.264684],[-64.7964688,32.2638493],[-64.7967504,32.2637155],[-64.797319,32.263493200000006],[-64.7975463,32.26337650000001],[-64.7985599,32.262912899999996],[-64.7989133,32.2626543],[-64.79970070000002,32.2622779],[-64.7998336,32.2620167],[-64.80008,32.2618743],[-64.8002359,32.2618352],[-64.8002724,32.261971900000006],[-64.8005203,32.261885400000004],[-64.8010561,32.26147819999999],[-64.8012954,32.26138389999999],[-64.8014724,32.261216000000005],[-64.801636,32.261277299999996],[-64.8018247,32.26123919999999],[-64.8021188,32.2612682],[-64.8023237,32.2610478],[-64.8027065,32.260937],[-64.8030011,32.2607542],[-64.8032387,32.2606986],[-64.8036692,32.2606672],[-64.8039928,32.2605705],[-64.8042582,32.2603995],[-64.805497,32.2593996],[-64.8058659,32.2593357],[-64.8062682,32.25908849999999],[-64.8063889,32.2589412],[-64.8072193,32.2584293],[-64.80847280000002,32.25805540000001],[-64.8095741,32.2575379],[-64.8116335,32.2564824],[-64.8118397,32.25632569999999],[-64.8119796,32.2561509],[-64.8120894,32.2555006],[-64.8121881,32.2554194],[-64.8123277,32.25542589999999],[-64.8124185,32.2559323],[-64.8124601,32.2559504],[-64.8125835,32.25592770000001],[-64.812726,32.2555686],[-64.8127444,32.25530899999999],[-64.8126669,32.255150699999994],[-64.8127027,32.255037800000004],[-64.8128392,32.2550294],[-64.8128966,32.2551628],[-64.8128872,32.25527499999998],[-64.8129033,32.25534189999999],[-64.8129315,32.2553618],[-64.8129711,32.2553624],[-64.81304750000001,32.255322099999994],[-64.8130684,32.25532390000001],[-64.8131164,32.25543489999999],[-64.8131548,32.2554585],[-64.8133573,32.25544],[-64.8135155,32.2553975],[-64.8137717,32.2552852],[-64.8139092,32.2551645],[-64.8137851,32.25503400000001],[-64.8136785,32.25486240000001],[-64.8135675,32.25462139999999],[-64.813621,32.254525599999994],[-64.8137293,32.2545343],[-64.8139793,32.2548015],[-64.814481,32.25464110000001],[-64.8145062,32.2545365],[-64.8147041,32.254436999999996],[-64.8148121,32.2544697],[-64.8151129,32.2543169],[-64.815873,32.25387479999999],[-64.8168755,32.253538199999994],[-64.818067,32.2529717],[-64.8182762,32.2527999],[-64.8183237,32.2526189],[-64.818947,32.252542299999995],[-64.8192411,32.2524654],[-64.8193393,32.252423699999994],[-64.8194687,32.2523472],[-64.8192317,32.2522705],[-64.8192006,32.2521749],[-64.8192198,32.2520759],[-64.8193171,32.2519671],[-64.8192711,32.25179570000001],[-64.81930720000001,32.2517298],[-64.8193957,32.251755900000006],[-64.8194557,32.2520262],[-64.8195603,32.252079099999996],[-64.81958,32.2522746],[-64.8197141,32.252343800000006],[-64.8199904,32.2524334],[-64.820338,32.2524002],[-64.8208204,32.2523026],[-64.8212877,32.252069399999996],[-64.8218737,32.2516647],[-64.8222609,32.251335700000006],[-64.8224917,32.25092469999999],[-64.8225828,32.250627699999995],[-64.8224884,32.2504904],[-64.8225629,32.250375],[-64.8224474,32.25026450000001],[-64.8225753,32.25014139999999],[-64.8228236,32.2500235],[-64.8228851,32.250067800000004],[-64.8228595,32.2502442],[-64.8228707,32.25028559999999],[-64.8229628,32.2503104],[-64.823174,32.25022349999998],[-64.823315,32.250075599999995],[-64.8233811,32.25006239999999],[-64.8233452,32.25021389999999],[-64.8231769,32.2503669],[-64.8234341,32.25032109999999],[-64.8235953,32.25016049999999],[-64.8235338,32.2500226],[-64.8233995,32.2500054],[-64.8234451,32.24993490000001],[-64.823397,32.2498794],[-64.8234845,32.249814],[-64.8237857,32.249753],[-64.82391810000001,32.24975359999999],[-64.8239785,32.2498027],[-64.8239376,32.2498563],[-64.8237924,32.2498997],[-64.82377340000001,32.2499743],[-64.8238325,32.250033499999994],[-64.8238945,32.25006],[-64.8239147,32.250103700000004],[-64.8239839,32.250136899999994],[-64.8240693,32.2501306],[-64.8241116,32.250074],[-64.8241432,32.25000159999999],[-64.8241002,32.24998219999999],[-64.8240888,32.24993369999999],[-64.8241401,32.24989260000001],[-64.8241971,32.249913099999986],[-64.8242843,32.249973999999995],[-64.8243186,32.24991419999999],[-64.8243826,32.2499079],[-64.8246481,32.24982810000001],[-64.8247138,32.2498951],[-64.8247269,32.250002299999984],[-64.8246254,32.25003430000001],[-64.8245891,32.2501899],[-64.824594,32.250257899999994],[-64.8246204,32.25030830000001],[-64.8247867,32.2503952],[-64.8250263,32.2504373],[-64.8253665,32.2504748],[-64.8255991,32.25044129999999],[-64.825785,32.2503633],[-64.8259066,32.2503514],[-64.8264367,32.2504452],[-64.8268233,32.250313999999996],[-64.8269633,32.2502148],[-64.8270011,32.250109300000005],[-64.8270882,32.25009790000001],[-64.8272288,32.25021670000001],[-64.8274045,32.2502027],[-64.8275648,32.250103100000004],[-64.8276892,32.24990549999999],[-64.8280076,32.24986419999999],[-64.828354,32.24976840000001],[-64.8287031,32.2497089],[-64.8290299,32.2496871],[-64.829172,32.2496364],[-64.8292642,32.2496841],[-64.8293581,32.2495937],[-64.8294397,32.2494793],[-64.82966180000001,32.24938639999999],[-64.8303874,32.2492913],[-64.8306138,32.249203300000005],[-64.830784,32.24907329999999],[-64.8309707,32.24857169999999],[-64.8307813,32.24839759999999],[-64.83082520000002,32.2481547],[-64.8312535,32.24793319999999],[-64.8313386,32.24776370000001],[-64.8315994,32.247561700000006],[-64.8315966,32.2477266],[-64.8315376,32.2479937],[-64.8318469,32.248242],[-64.8323901,32.2478868],[-64.8328074,32.2478171],[-64.8333757,32.24774980000001],[-64.8339382,32.2476015],[-64.8340263,32.24778],[-64.8339138,32.2480145],[-64.8336803,32.2482128],[-64.8331478,32.248458],[-64.8331368,32.2486275],[-64.8332336,32.2487902],[-64.8334333,32.24903379999999],[-64.83369400000001,32.2492178],[-64.8341235,32.2491234],[-64.8344146,32.2491084],[-64.8347368,32.2489917],[-64.8349207,32.2488842],[-64.8347703,32.2487064],[-64.834666,32.24863669999999],[-64.8346852,32.248543899999994],[-64.8347456,32.248451],[-64.8346303,32.248323299999996],[-64.8344817,32.24803649999999],[-64.8349323,32.2475872],[-64.8349433,32.24735040000001],[-64.8354127,32.2472506],[-64.8354676,32.2474595],[-64.8353578,32.2476987],[-64.8354402,32.2477776],[-64.8357971,32.247603500000004],[-64.8359417,32.2473275],[-64.8360901,32.24728189999999],[-64.8362226,32.2473527],[-64.8363709,32.2475849],[-64.8364917,32.24763829999999],[-64.8365713,32.247510599999984],[-64.8368747,32.24745179999999],[-64.8371667,32.2475284],[-64.8372303,32.2476879],[-64.837164,32.2477682],[-64.8364922,32.2480944],[-64.8365647,32.24824850000001],[-64.8366351,32.2483229],[-64.8367311,32.2483862],[-64.8368974,32.2484476],[-64.837004,32.2484675],[-64.8372,32.24847],[-64.8373009,32.2484476],[-64.8375115,32.24832479999999],[-64.8375817,32.2482296],[-64.8372856,32.2481455],[-64.8372652,32.2479434],[-64.8380081,32.2478822],[-64.83832420000002,32.24759670000001],[-64.8386592,32.247517699999996],[-64.8390425,32.24761259999999],[-64.8392245,32.24761749999999],[-64.8393962,32.2475381],[-64.8393667,32.24767880000001],[-64.839195,32.247751400000006],[-64.8390126,32.2478716],[-64.839052,32.2480368],[-64.8393565,32.2481889],[-64.8396846,32.2483093],[-64.8404037,32.2484879],[-64.8405452,32.248574299999994],[-64.8407748,32.248686],[-64.8411289,32.248758599999995],[-64.8415366,32.24874040000001],[-64.841947,32.24862469999999],[-64.8421857,32.24865880000001],[-64.8426256,32.24877450000001],[-64.8428482,32.24875399999999],[-64.8431432,32.2486928],[-64.8434329,32.248592999999985],[-64.8437279,32.2485862],[-64.8440337,32.2485113],[-64.8441437,32.248411499999996],[-64.8444882,32.24842089999999],[-64.8447901,32.2485227],[-64.8450986,32.2485839],[-64.8453105,32.24856119999999],[-64.8456189,32.24864970000001],[-64.8459274,32.248617900000006],[-64.8462117,32.2486678],[-64.84640630000001,32.248718000000004],[-64.8466685,32.2486674],[-64.8469347,32.24865200000001],[-64.8471041,32.248802699999985],[-64.8468651,32.2489404],[-64.8468457,32.2490078],[-64.8469838,32.24896929999999],[-64.8471053,32.2489945],[-64.8470271,32.2490548],[-64.8471994,32.24913469999999],[-64.8475572,32.2492029],[-64.8484486,32.249166900000006],[-64.8489583,32.249076200000005],[-64.8493558,32.249078000000004],[-64.84960750000002,32.248972300000005],[-64.8501582,32.2488895],[-64.8503922,32.2489327],[-64.8505783,32.2491351],[-64.8513066,32.2490922],[-64.8520964,32.2488539],[-64.8524827,32.248686],[-64.853062,32.24867689999999],[-64.8540974,32.24843649999998],[-64.8544989,32.248088800000005],[-64.854961,32.247928299999984],[-64.8553044,32.2478557],[-64.8557615,32.2479519],[-64.8568493,32.2480372],[-64.8575673,32.2478173],[-64.8580402,32.247914699999995],[-64.858614,32.2478432],[-64.8592125,32.247676],[-64.8595529,32.24785239999999],[-64.8600948,32.2479828],[-64.8606098,32.2480463],[-64.8608726,32.24820510000001],[-64.8614536,32.2482527],[-64.8617157,32.248174599999984],[-64.8620309,32.248051999999994],[-64.8624659,32.24816880000001],[-64.8627824,32.24854530000001],[-64.8631176,32.24869340000001],[-64.8634261,32.24902169999999],[-64.863747,32.24920059999999],[-64.8639679,32.2492758],[-64.8641127,32.2494436],[-64.8647672,32.249797499999985],[-64.8649743,32.2500267],[-64.8653385,32.25008559999999],[-64.8654699,32.250031199999995],[-64.8655496,32.250108699999984],[-64.8656416,32.2502988],[-64.8660225,32.2504236],[-64.8663846,32.25052109999999],[-64.866652,32.25075129999999],[-64.8668513,32.250872699999995],[-64.8670605,32.25087959999999],[-64.8676452,32.251145],[-64.8679912,32.2512494],[-64.8682728,32.2514603],[-64.8682836,32.25164399999999],[-64.8684041,32.2517207],[-64.8688066,32.25203869999999],[-64.8690534,32.25206440000001],[-64.8698995,32.2522798],[-64.8698527,32.2524538],[-64.8702228,32.25273049999999],[-64.8704964,32.25290749999999],[-64.8707002,32.2531116],[-64.8709336,32.253402],[-64.8712769,32.253705899999986],[-64.8716216,32.2539042],[-64.8718582,32.253959099999996],[-64.8728158,32.2546535],[-64.8730447,32.25505810000001],[-64.8731105,32.2552717],[-64.8735538,32.25569659999999],[-64.8742134,32.2559463],[-64.8744043,32.25623850000001],[-64.8746465,32.2566787],[-64.8750481,32.25719459999999],[-64.8753991,32.25750369999999],[-64.8755738,32.25763690000001],[-64.875834,32.2576958],[-64.87588760000001,32.25788639999999],[-64.8760217,32.25790680000001],[-64.8762949,32.2579194],[-64.87672790000002,32.258318100000004],[-64.8767459,32.25846820000001],[-64.8766543,32.2585386],[-64.8766816,32.258650700000004],[-64.8769055,32.258918400000006],[-64.8771862,32.25915830000001],[-64.8775626,32.259325],[-64.8778392,32.25951439999999],[-64.8781041,32.259778399999995],[-64.8782238,32.2601795],[-64.8781326,32.26025889999999],[-64.8781702,32.26037229999999],[-64.8782728,32.260448600000004],[-64.8784467,32.260830999999996],[-64.8783955,32.26105269999999],[-64.8784339,32.2614026],[-64.8787103,32.26167610000001],[-64.8790558,32.261813399999994],[-64.8789655,32.26198949999999],[-64.8790272,32.2620235],[-64.8790942,32.2621607],[-64.879164,32.2621721],[-64.8791696,32.2622101],[-64.8791438,32.2622412],[-64.8791582,32.26246],[-64.8792209,32.2627625],[-64.8794406,32.2633847],[-64.879468,32.264211199999984],[-64.8796749,32.2653168],[-64.87982780000002,32.26596990000001],[-64.8799029,32.26615369999999],[-64.8798761,32.2663328],[-64.8799931,32.2664391],[-64.880094,32.2668669],[-64.8803026,32.2671083],[-64.880926,32.26906100000001],[-64.8809791,32.26935739999999],[-64.8810944,32.2695663],[-64.8812838,32.2697335],[-64.8815228,32.2706747],[-64.8825156,32.273199],[-64.8835215,32.27510250000001],[-64.8836902,32.2755881],[-64.8837876,32.27571240000001],[-64.8839289,32.2760326],[-64.8840281,32.2761913],[-64.8842543,32.27646049999999],[-64.8842214,32.27664850000001],[-64.8842598,32.276940999999994],[-64.884581,32.277064],[-64.8847128,32.27724039999999],[-64.8846606,32.27758159999999],[-64.8848784,32.2778309],[-64.8849995,32.27816399999999],[-64.8856662,32.2793096],[-64.8867399,32.2806275],[-64.8868632,32.2810941],[-64.8866299,32.28121199999999],[-64.886646,32.28153629999999],[-64.886713,32.2817472],[-64.886933,32.2818583],[-64.887002,32.2819856],[-64.8868838,32.2820485],[-64.8863204,32.2820263],[-64.8862249,32.2819349],[-64.8861618,32.28184079999999],[-64.885914,32.28189199999999],[-64.8857528,32.28194669999999],[-64.8857018,32.2823594],[-64.8858432,32.2824229],[-64.8859345,32.282424],[-64.8862658,32.2825419],[-64.88641620000001,32.2827355],[-64.886383,32.28292470000001],[-64.8860508,32.283114999999995],[-64.8858789,32.2832961],[-64.8846477,32.2836682],[-64.8823336,32.28474659999999],[-64.8819677,32.2848386],[-64.8816986,32.2848731],[-64.8815326,32.2847759],[-64.881493,32.28455019999999],[-64.8815771,32.2843453],[-64.8818144,32.2840318],[-64.8821896,32.2837488],[-64.8834402,32.2832585],[-64.8836552,32.28313729999999],[-64.8838841,32.2830884],[-64.8840739,32.2830243]],[[-64.8278591,32.251464899999995],[-64.8279283,32.2514189],[-64.8279679,32.251343600000006],[-64.8279753,32.2511325],[-64.8279135,32.251076],[-64.8278492,32.25104259999999],[-64.8277849,32.25103000000001],[-64.8275352,32.25104049999999],[-64.8274388,32.2510572],[-64.8273325,32.251099],[-64.8271768,32.2512537],[-64.8271224,32.2513583],[-64.827115,32.25142100000001],[-64.8271644,32.2515046],[-64.8272188,32.2515611],[-64.8273028,32.25160290000001],[-64.8275031,32.2515883],[-64.8276341,32.25155269999999],[-64.8278591,32.251464899999995]],[[-64.8491406,32.25284619999999],[-64.8493338,32.2528258],[-64.8495108,32.2527555],[-64.8498136,32.2524856],[-64.8500951,32.252360900000006],[-64.850055,32.252088699999995],[-64.8499048,32.2520774],[-64.8496231,32.252263299999996],[-64.8494622,32.25244479999999],[-64.8495453,32.252574100000004],[-64.8495081,32.25270330000001],[-64.8493955,32.25275779999999],[-64.8493338,32.25276],[-64.8493043,32.252676099999995],[-64.8491675,32.25263979999999],[-64.8491326,32.2527328],[-64.8491406,32.25284619999999]],[[-64.8552722,32.2528485],[-64.855354,32.25284400000001],[-64.8553593,32.25277019999999],[-64.8553258,32.2526818],[-64.8553459,32.252647700000004],[-64.8553969,32.25261600000001],[-64.8553553,32.25241749999999],[-64.855307,32.252371],[-64.855126,32.2523517],[-64.8550214,32.2523835],[-64.8550066,32.252600099999995],[-64.8550308,32.2528031],[-64.8551354,32.252829199999994],[-64.8552386,32.2528247],[-64.8552722,32.2528485]],[[-64.8344761,32.2529169],[-64.8344333,32.252814199999996],[-64.8342652,32.2529029],[-64.834287,32.252947],[-64.8344761,32.2529169]],[[-64.8267354,32.25319939999999],[-64.8267801,32.25323719999999],[-64.8268003,32.253230900000005],[-64.8268218,32.253181],[-64.8268588,32.25317679999999],[-64.8268881,32.2531416],[-64.8268767,32.25311020000001],[-64.8268606,32.25309510000001],[-64.8268325,32.2531022],[-64.8267801,32.25314349999999],[-64.8266906,32.25310270000001],[-64.8266538,32.253114399999994],[-64.8266477,32.253151],[-64.8266121,32.2531677],[-64.8265994,32.25319939999999],[-64.8266233,32.2532278],[-64.8266662,32.2532293],[-64.8267354,32.25319939999999]],[[-64.8308474,32.25384950000001],[-64.8309173,32.2538421],[-64.8310169,32.2537933],[-64.8310676,32.25371489999999],[-64.8310572,32.25366760000001],[-64.8309945,32.253587],[-64.830933,32.253559700000004],[-64.8308701,32.2536366],[-64.8307495,32.2537401],[-64.8307407,32.2537755],[-64.8307687,32.253814],[-64.8308474,32.25384950000001]],[[-64.8738704,32.25892069999998],[-64.8739963,32.25895319999999],[-64.8742603,32.2589591],[-64.8743582,32.258939899999994],[-64.8744193,32.25888369999999],[-64.8744368,32.2587965],[-64.8743826,32.258728500000004],[-64.8739805,32.258517100000006],[-64.8739229,32.2584698],[-64.87380920000001,32.2582392],[-64.8736571,32.258016],[-64.8736204,32.257856299999986],[-64.8735522,32.2577306],[-64.8734981,32.2576774],[-64.8734037,32.2576316],[-64.873304,32.25763309999999],[-64.8732218,32.2576789],[-64.8731834,32.25774690000001],[-64.8731834,32.257798599999994],[-64.8732166,32.257879900000006],[-64.8732953,32.257990799999995],[-64.8734071,32.2580899],[-64.8734351,32.2581608],[-64.8734176,32.258290899999984],[-64.8734544,32.2583826],[-64.8735488,32.25843729999999],[-64.8735767,32.2584698],[-64.8737131,32.2587536],[-64.8738704,32.25892069999998]],[[-64.8667244,32.2606277],[-64.8668916,32.26084440000001],[-64.8671826,32.2613398],[-64.8672989,32.26157859999999],[-64.8673843,32.26158159999999],[-64.86744180000001,32.2615004],[-64.8674482,32.26144980000001],[-64.8673739,32.26133910000001],[-64.8673616,32.2611947],[-64.8672794,32.2608277],[-64.8671996,32.26063289999998],[-64.8671781,32.2604213],[-64.867238,32.2602715],[-64.8672163,32.26016030000001],[-64.8671269,32.25994649999999],[-64.8670179,32.2600177],[-64.8668773,32.2600279],[-64.8667462,32.25998649999999],[-64.8667427,32.25990219999999],[-64.8666748,32.2599155],[-64.8665784,32.2599983],[-64.8664613,32.2599569],[-64.8664325,32.259972499999996],[-64.8665068,32.2601565],[-64.8666501,32.260367599999995],[-64.8667244,32.2606277]],[[-64.8707798,32.2628451],[-64.8709085,32.2629344],[-64.8709638,32.2629318],[-64.8710168,32.2628778],[-64.8710161,32.2627894],[-64.8709715,32.26273299999998],[-64.8707632,32.2626189],[-64.8706345,32.2624881],[-64.8705595,32.262454299999995],[-64.8704822,32.262449399999994],[-64.8703987,32.2624655],[-64.8703549,32.2624944],[-64.8703281,32.26253659999999],[-64.8703271,32.26258680000001],[-64.87036050000002,32.2626458],[-64.8706207,32.262804],[-64.8707798,32.2628451]],[[-64.8702312,32.263478400000004],[-64.870406,32.2636531],[-64.870484,32.263669699999994],[-64.8705473,32.26364879999999],[-64.8706263,32.2635316],[-64.8706157,32.263459],[-64.870577,32.2633893],[-64.8705714,32.26325550000001],[-64.8704255,32.2631147],[-64.8703739,32.26293729999999],[-64.8703268,32.2628822],[-64.8702379,32.26283540000001],[-64.8700448,32.2628521],[-64.86992,32.26276070000001],[-64.8696267,32.262646999999994],[-64.8693652,32.26267190000001],[-64.8693491,32.2626993],[-64.8694181,32.262810699999996],[-64.8695757,32.2628599],[-64.8696529,32.2628529],[-64.8696916,32.2628642],[-64.8698604,32.26304849999999],[-64.8700798,32.26322769999999],[-64.8702312,32.263478400000004]],[[-64.8284233,32.264112399999995],[-64.8284394,32.264219],[-64.8285547,32.2642576],[-64.8286647,32.2642009],[-64.8286968,32.2641283],[-64.8288015,32.2640489],[-64.8287612,32.264003499999994],[-64.8286781,32.2640013],[-64.8286539,32.2639242],[-64.8285681,32.2638765],[-64.8284689,32.26396499999999],[-64.8284233,32.264112399999995]],[[-64.8267887,32.266256600000006],[-64.826837,32.26630879999999],[-64.8269027,32.26630879999999],[-64.8270047,32.2662351],[-64.8270154,32.2661568],[-64.8269859,32.26613869999999],[-64.8267431,32.266129600000006],[-64.8266359,32.2660479],[-64.8266224,32.26600710000001],[-64.8266251,32.2658506],[-64.8265889,32.2658166],[-64.8265111,32.2658053],[-64.8264628,32.26582],[-64.826436,32.265874399999994],[-64.8265339,32.26613530000001],[-64.8265567,32.2662838],[-64.8265943,32.26632459999998],[-64.8266533,32.2663303],[-64.8267633,32.26626000000001],[-64.8267887,32.266256600000006]],[[-64.8732017,32.2665732],[-64.8732933,32.2665834],[-64.8733953,32.2665388],[-64.8734682,32.26645409999999],[-64.8734843,32.2663883],[-64.8734818,32.26623979999999],[-64.873433,32.26615399999999],[-64.87339770000001,32.2661373],[-64.8733418,32.2661394],[-64.8732538,32.26618429999999],[-64.873127,32.2662867],[-64.8729893,32.2663108],[-64.8729171,32.26635509999999],[-64.8728908,32.26639449999998],[-64.8728928,32.26645549999999],[-64.8729784,32.26650800000001],[-64.8732017,32.2665732]],[[-64.82519680000001,32.2636461],[-64.8252854,32.2635951],[-64.8253551,32.2635043],[-64.8253363,32.26333420000001],[-64.825288,32.263284299999995],[-64.825217,32.2632821],[-64.8251472,32.26331269999999],[-64.8251016,32.2634079],[-64.8251606,32.26354059999999],[-64.8250601,32.2636132],[-64.8250601,32.2636903],[-64.8250842,32.2637085],[-64.8251419,32.26371410000001],[-64.825174,32.263697099999995],[-64.82519680000001,32.2636461]],[[-64.8265685,32.2665483],[-64.8265095,32.2665517],[-64.826484,32.2666039],[-64.8264854,32.266660599999994],[-64.8265524,32.2666821],[-64.826602,32.26667189999999],[-64.8265685,32.2665483]],[[-64.7971437,32.2667569],[-64.7970179,32.2666895],[-64.7969657,32.26672419999999],[-64.79691100000001,32.2669192],[-64.7969593,32.266952],[-64.7972226,32.266856499999996],[-64.7971437,32.2667569]],[[-64.8039494,32.26839360000001],[-64.8039954,32.2681409],[-64.8041255,32.26804899999998],[-64.8042863,32.26761249999999],[-64.8044854,32.26745169999999],[-64.8045161,32.2673139],[-64.8044548,32.26722199999999],[-64.8044318,32.2671072],[-64.8043706,32.267030600000005],[-64.8042404,32.26703820000001],[-64.8040719,32.2671225],[-64.8039188,32.2672833],[-64.803758,32.267489999999995],[-64.8036891,32.26774269999999],[-64.8035665,32.26804899999999],[-64.80342870000001,32.268316999999996],[-64.8030612,32.2689066],[-64.8030918,32.2690598],[-64.8032143,32.269182300000004],[-64.8033521,32.2692436],[-64.8035283,32.2691517],[-64.8036661,32.2690062],[-64.8036814,32.26886069999999],[-64.8038039,32.2687841],[-64.8038346,32.26860799999999],[-64.8039494,32.26839360000001]],[[-64.7978328,32.2720955],[-64.7978785,32.2719712],[-64.7978563,32.271878099999995],[-64.797881,32.27183420000001],[-64.7978785,32.27179770000001],[-64.7978278,32.2717318],[-64.7978437,32.2716255],[-64.7978093,32.2715113],[-64.7977252,32.2713911],[-64.7977252,32.27133990000001],[-64.7976708,32.271273],[-64.7976127,32.2712761],[-64.79751140000002,32.27143809999999],[-64.7975163,32.2714799],[-64.7975608,32.2715918],[-64.7975732,32.2717433],[-64.7977462,32.271896999999996],[-64.7977524,32.2719429],[-64.797719,32.2719858],[-64.7976338,32.272040200000006],[-64.797614,32.2720746],[-64.7976387,32.272116399999994],[-64.7976993,32.2721488],[-64.7977549,32.272150900000014],[-64.7977982,32.27213529999999],[-64.7978328,32.2720955]],[[-64.797457,32.27245609999999],[-64.7975027,32.27231400000001],[-64.7975917,32.2722565],[-64.7976189,32.27215720000001],[-64.7975608,32.2721112],[-64.7975312,32.272126899999996],[-64.7975349,32.2721603],[-64.7974397,32.2721833],[-64.7974014,32.27220839999998],[-64.7973544,32.272311900000005],[-64.7972456,32.272375699999984],[-64.797211,32.272472900000004],[-64.7970565,32.2725669],[-64.7970738,32.2726202],[-64.7970973,32.272644299999996],[-64.7971566,32.272640100000004],[-64.7973074,32.272591],[-64.7973791,32.2724979],[-64.797457,32.27245609999999]],[[-64.7911369,32.29090010000001],[-64.7911014,32.2909022],[-64.79107890000002,32.2909243],[-64.7910812,32.29095360000001],[-64.7911084,32.290973400000006],[-64.7911438,32.29097060000001],[-64.79116530000002,32.2909492],[-64.7911631,32.2909195],[-64.7911369,32.29090010000001]],[[-64.7879324,32.291631800000005],[-64.78780620000002,32.291611399999994],[-64.78786,32.29179059999999],[-64.7879152,32.291778099999995],[-64.7879324,32.291631800000005]],[[-64.7908125,32.29170969999999],[-64.79084220000001,32.29179800000001],[-64.7909079,32.2917822],[-64.790925,32.29183299999999],[-64.7910462,32.2918038],[-64.791029,32.2917525],[-64.7910931,32.29173709999999],[-64.7910633,32.2916486],[-64.790933,32.291661399999995],[-64.7908755,32.2916945],[-64.7908125,32.29170969999999]],[[-64.7868712,32.292710799999995],[-64.7868644,32.292669000000004],[-64.7868338,32.2926609],[-64.7868039,32.2926908],[-64.7868376,32.2927122],[-64.7868712,32.292710799999995]],[[-64.7868123,32.292735699999994],[-64.7868247,32.292722000000005],[-64.7868096,32.292712200000004],[-64.7867971,32.29272589999999],[-64.7868123,32.292735699999994]],[[-64.7990292,32.2959518],[-64.79903,32.2960391],[-64.7990944,32.2960387],[-64.7990936,32.29595140000001],[-64.7990292,32.2959518]],[[-64.7991977,32.2963258],[-64.7992359,32.296311499999995],[-64.7991885,32.296220999999996],[-64.7991503,32.2962353],[-64.7991977,32.2963258]],[[-64.7906492,32.2981964],[-64.7914174,32.2987745],[-64.7915603,32.29885959999999],[-64.7916185,32.2988541],[-64.7916042,32.298799],[-64.7913836,32.298684],[-64.7912398,32.29858109999999],[-64.791203,32.2985046],[-64.7911277,32.298454799999995],[-64.790984,32.2983094],[-64.7906834,32.2980979],[-64.7903785,32.297851599999994],[-64.7903207,32.2978553],[-64.7903599,32.297941599999994],[-64.7906492,32.2981964]],[[-64.7858163,32.2986753],[-64.7857964,32.298714999999994],[-64.7858545,32.29872619999999],[-64.785945,32.29865329999999],[-64.7862159,32.2985487],[-64.7862296,32.2985096],[-64.7861839,32.298489999999994],[-64.7859675,32.29858629999998],[-64.7858163,32.2986753]],[[-64.785513,32.29877969999999],[-64.7852903,32.29882359999999],[-64.7852429,32.29884930000001],[-64.7853311,32.2988669],[-64.7855212,32.2988413],[-64.7855433,32.29880699999999],[-64.785513,32.29877969999999]],[[-64.7992248,32.2999298],[-64.7997171,32.2999801],[-64.79998200000001,32.300035699999995],[-64.800001,32.29997649999999],[-64.7997511,32.299927],[-64.799197,32.2998707],[-64.7979942,32.299958499999995],[-64.7980012,32.29999459999999],[-64.7986807,32.29995480000001],[-64.79898300000002,32.2999526],[-64.7992248,32.2999298]],[[-64.7815063,32.3003853],[-64.7816737,32.2999421],[-64.7817022,32.29973609999999],[-64.7819476,32.2996437],[-64.7816051,32.299666],[-64.7815462,32.3000071],[-64.7813715,32.30045500000001],[-64.7815063,32.3003853]],[[-64.7821282,32.301806500000005],[-64.7822436,32.301707099999994],[-64.7823561,32.301651],[-64.7824718,32.301523],[-64.7825752,32.3012463],[-64.7822943,32.3012592],[-64.7822852,32.301332],[-64.7821779,32.3013305],[-64.7821548,32.30123059999999],[-64.7822624,32.300989],[-64.7820658,32.3009363],[-64.7819342,32.30098149999999],[-64.7818773,32.3011502],[-64.7817014,32.301184600000006],[-64.7815148,32.301084900000006],[-64.7812229,32.30107670000001],[-64.7813329,32.30081749999999],[-64.7813632,32.3006706],[-64.7813062,32.30057730000001],[-64.7812554,32.300625399999994],[-64.7808007,32.301422699999996],[-64.7808668,32.301494199999986],[-64.781003,32.3014702],[-64.7811166,32.30135059999999],[-64.78129050000001,32.301490599999994],[-64.7814948,32.301581],[-64.7816962,32.30164890000001],[-64.781866,32.3017496],[-64.7821282,32.301806500000005]],[[-64.7825038,32.3035545],[-64.7826303,32.3036036],[-64.7826575,32.3035535],[-64.7825309,32.3035045],[-64.7825038,32.3035545]],[[-64.8109151,32.3040477],[-64.8109594,32.304025],[-64.8110077,32.3040624],[-64.81106,32.3040567],[-64.8110868,32.30398530000001],[-64.8110171,32.3039672],[-64.8109648,32.3039831],[-64.8109151,32.30397059999999],[-64.8109017,32.3039116],[-64.8108467,32.30386289999999],[-64.8108199,32.303871999999984],[-64.8108897,32.3040987],[-64.8109151,32.3040885],[-64.8109151,32.3040477]],[[-64.7793574,32.2989131],[-64.7793895,32.298940399999985],[-64.7794284,32.2989425],[-64.7794698,32.2988934],[-64.7794571,32.29884950000001],[-64.779471,32.29878219999999],[-64.7794422,32.298686399999994],[-64.7793925,32.2986871],[-64.7793575,32.29873099999999],[-64.77933910000002,32.2987877],[-64.779368,32.2988522],[-64.7793574,32.2989131]],[[-64.7644353,32.2992433],[-64.7647446,32.2989013],[-64.7646724,32.2988547],[-64.7643631,32.2991966],[-64.7644353,32.2992433]],[[-64.7791318,32.29980869999999],[-64.7795837,32.299772999999995],[-64.779675,32.29978109999999],[-64.7797616,32.299829900000006],[-64.779785,32.2997646],[-64.7796723,32.2997207],[-64.7795337,32.2997225],[-64.7791616,32.299752899999994],[-64.7791536,32.2997743],[-64.7791318,32.29980869999999]],[[-64.7768758,32.30006389999999],[-64.777007,32.3000893],[-64.7770798,32.300147900000006],[-64.7774124,32.30002439999999],[-64.7790866,32.2998212],[-64.7791503,32.2997765],[-64.7791037,32.299734300000004],[-64.778894,32.2996509],[-64.7786953,32.2996551],[-64.7784772,32.299607],[-64.778222,32.2996343],[-64.77797080000002,32.2996994],[-64.7778612,32.2996554],[-64.7777018,32.29965020000001],[-64.777588,32.29972829999999],[-64.7774929,32.2998543],[-64.7771016,32.2999786],[-64.7766713,32.3000252],[-64.7762851,32.3000392],[-64.776035,32.300028299999994],[-64.7759041,32.3000428],[-64.7760423,32.30016199999999],[-64.7762483,32.30016199999999],[-64.7766298,32.30008529999999],[-64.7768758,32.30006389999999]],[[-64.743534,32.30269989999999],[-64.7435984,32.302808699999986],[-64.7436601,32.302795100000004],[-64.7436869,32.302713499999996],[-64.7437888,32.3026863],[-64.7438478,32.302713499999996],[-64.7438908,32.30266360000001],[-64.7438291,32.30255710000001],[-64.7438371,32.30249810000001],[-64.7437647,32.302446],[-64.7436681,32.30248679999998],[-64.7435609,32.30260009999999],[-64.743534,32.30269989999999]],[[-64.7437245,32.302953800000004],[-64.7437701,32.3029855],[-64.7437996,32.30304900000001],[-64.7438639,32.30304220000001],[-64.7439149,32.3029969],[-64.7439417,32.302937899999996],[-64.7438988,32.3028971],[-64.7438425,32.30291530000001],[-64.7437781,32.3029062],[-64.7437245,32.302953800000004]],[[-64.7420638,32.30426760000001],[-64.7421379,32.30423239999999],[-64.7422485,32.304205],[-64.7423382,32.3041489],[-64.7424526,32.3041302],[-64.7424735,32.3039785],[-64.7423967,32.3039522],[-64.742372,32.30386089999999],[-64.7423746,32.3037763],[-64.7423239,32.303767500000006],[-64.7422251,32.30383020000001],[-64.742121,32.30392139999999],[-64.7419741,32.30400379999999],[-64.7418636,32.3041489],[-64.7418935,32.3042489],[-64.741913,32.3042687],[-64.7419793,32.30428629999999],[-64.7420638,32.30426760000001]],[[-64.7608997,32.3082744],[-64.7608839,32.3084013],[-64.7609155,32.308429700000005],[-64.7610064,32.308436300000004],[-64.7610893,32.30831779999999],[-64.7610775,32.308229300000015],[-64.7610459,32.3081942],[-64.7609906,32.3081742],[-64.7609095,32.30818420000001],[-64.7608878,32.30822760000001],[-64.7608997,32.3082744]],[[-64.7535486,32.30958139999999],[-64.7536168,32.309514199999995],[-64.7537561,32.3095238],[-64.7537646,32.3094697],[-64.7537291,32.3094265],[-64.7538243,32.30937240000001],[-64.7538101,32.3093436],[-64.7534747,32.3095021],[-64.7533979,32.309592200000004],[-64.7533823,32.3096439],[-64.7534306,32.309683500000006],[-64.7534619,32.3096631],[-64.7535514,32.3096643],[-64.7535486,32.30958139999999]],[[-64.7254886,32.3112158],[-64.725571,32.311229999999995],[-64.7256716,32.3111828],[-64.7257736,32.3111001],[-64.7258085,32.3110352],[-64.7257834,32.310962],[-64.7257289,32.3109171],[-64.7256646,32.3109006],[-64.7255445,32.31091589999999],[-64.7254453,32.3110021],[-64.7254216,32.31107649999999],[-64.7254299,32.3111603],[-64.7254886,32.3112158]],[[-64.7264145,32.31193079999999],[-64.726569,32.3118356],[-64.7266243,32.311711800000005],[-64.72685800000001,32.3115343],[-64.7272525,32.3113375],[-64.72734,32.3112413],[-64.7272335,32.3106991],[-64.72724380000001,32.31029740000001],[-64.7271376,32.3101155],[-64.7269859,32.31017810000001],[-64.72689500000001,32.31019879999999],[-64.7268164,32.3101633],[-64.7267167,32.3102431],[-64.7267238,32.3103328],[-64.72665950000001,32.3105083],[-64.7265235,32.3106379],[-64.7262417,32.3108176],[-64.725962,32.31114819999999],[-64.7258659,32.3113588],[-64.725782,32.31141370000001],[-64.725631,32.3115656],[-64.7255964,32.3116471],[-64.7255544,32.3117996],[-64.725542,32.3119563],[-64.7255074,32.3120232],[-64.7255643,32.31201899999999],[-64.7256038,32.312044099999994],[-64.7254654,32.31213189999999],[-64.7253541,32.3121444],[-64.7252627,32.3121381],[-64.7250229,32.312173599999994],[-64.7248597,32.3122342],[-64.7247633,32.312286500000006],[-64.7245927,32.312480799999996],[-64.7243825,32.3125769],[-64.7242787,32.31260410000001],[-64.7240784,32.31257899999999],[-64.7239054,32.312499599999995],[-64.7238683,32.31244949999999],[-64.723851,32.3123554],[-64.7238148,32.31232339999998],[-64.7236714,32.3123678],[-64.7234127,32.3126307],[-64.7232588,32.3126839],[-64.723133,32.3128435],[-64.7230805,32.31294989999999],[-64.723147,32.313139],[-64.72323090000002,32.3131951],[-64.7235735,32.3132158],[-64.7237658,32.31318629999999],[-64.7241994,32.312997200000005],[-64.7242903,32.3128849],[-64.7244476,32.3127548],[-64.7246854,32.3126751],[-64.7248881,32.31266320000001],[-64.7250627,32.3126228],[-64.725081,32.3125914],[-64.7250588,32.31253909999999],[-64.7251888,32.3125776],[-64.7253184,32.3125713],[-64.7254762,32.312525],[-64.7255665,32.3124541],[-64.7256514,32.31233639999999],[-64.7258147,32.312054],[-64.725965,32.3119777],[-64.7261328,32.311930399999994],[-64.7262832,32.3119659],[-64.7264145,32.31193079999999]],[[-64.7367967,32.3162873],[-64.7365697,32.316393],[-64.7365406,32.3164471],[-64.7366309,32.31666179999999],[-64.7367767,32.316366300000006],[-64.7368309,32.3163463],[-64.7367967,32.3162873]],[[-64.7336204,32.31743689999999],[-64.7334965,32.3173901],[-64.7334329,32.3175069],[-64.7335905,32.3175654],[-64.7335876,32.31763020000001],[-64.7337599,32.31753369999999],[-64.7338251,32.317517099999996],[-64.7337982,32.3174258],[-64.7337223,32.317439900000004],[-64.7336204,32.31743689999999]],[[-64.7408282,32.32366069999999],[-64.7408324,32.32370399999999],[-64.7408781,32.32371859999999],[-64.7409869,32.3236707],[-64.7409569,32.32362619999999],[-64.7408771,32.32361199999999],[-64.740845,32.3236226],[-64.7408282,32.32366069999999]],[[-64.7406186,32.329116099999986],[-64.7406669,32.3290508],[-64.7407769,32.3289988],[-64.7408166,32.32889500000001],[-64.7408675,32.3288592],[-64.7408705,32.3287555],[-64.7408553,32.3287263],[-64.7407888,32.3286947],[-64.7406206,32.32866489999999],[-64.7405438,32.3286078],[-64.7404876,32.3286618],[-64.7404372,32.32867029999999],[-64.7403775,32.3287504],[-64.7401946,32.3288065],[-64.7401929,32.3288743],[-64.7402688,32.32893309999999],[-64.7403178,32.32900159999999],[-64.7404145,32.32904959999999],[-64.7404998,32.3290666],[-64.740568,32.329129699999996],[-64.7406186,32.329116099999986]],[[-64.7391835,32.334795699999994],[-64.7392233,32.33489920000001],[-64.7393475,32.33485109999999],[-64.7393734,32.334784299999995],[-64.7394109,32.3347615],[-64.7394185,32.33467439999998],[-64.7394854,32.33459620000001],[-64.7394695,32.334510800000004],[-64.7394215,32.3345378],[-64.7393748,32.3345309],[-64.7393192,32.3345908],[-64.7393401,32.334663],[-64.7392695,32.33467989999998],[-64.7392504,32.334766200000004],[-64.7391835,32.334795699999994]],[[-64.7381428,32.3384722],[-64.7382635,32.3384224],[-64.7384056,32.3383317],[-64.7385371,32.3383362],[-64.7386578,32.3383023],[-64.7387141,32.3382025],[-64.7386497,32.33798500000001],[-64.7385049,32.3379714],[-64.7383708,32.338086999999994],[-64.7380891,32.338109599999996],[-64.7379765,32.3381527],[-64.7378048,32.33808919999999],[-64.7376412,32.33810960000001],[-64.73766,32.338202499999994],[-64.7377968,32.3382569],[-64.7378719,32.33832039999999],[-64.7379255,32.33840880000001],[-64.7380489,32.3384314],[-64.7381428,32.3384722]],[[-64.7120332,32.3463839],[-64.7120895,32.3463273],[-64.712119,32.34631590000001],[-64.71214050000002,32.34624790000001],[-64.7121619,32.346232099999995],[-64.7122102,32.3462321],[-64.712178,32.3461324],[-64.71205730000001,32.3460281],[-64.71195,32.34605530000001],[-64.7119366,32.3460871],[-64.7119688,32.34615960000001],[-64.7119581,32.3462865],[-64.7119715,32.3463182],[-64.7120332,32.3463839]],[[-64.7125401,32.34652439999999],[-64.7126554,32.3464972],[-64.7127225,32.3464655],[-64.7127359,32.34644279999999],[-64.7127225,32.346395199999996],[-64.712642,32.34632049999999],[-64.7126098,32.3463318],[-64.712465,32.3462729],[-64.7123899,32.3462683],[-64.7123094,32.34632729999999],[-64.7122826,32.346365799999994],[-64.7122048,32.3463612],[-64.7121968,32.34641340000001],[-64.7120922,32.3464768],[-64.7121351,32.346567500000006],[-64.7122022,32.346590099999986],[-64.7122773,32.34658559999999],[-64.7123604,32.346612799999996],[-64.7124972,32.34659239999999],[-64.712516,32.34654249999999],[-64.7125401,32.34652439999999]],[[-64.71043540000001,32.3261495],[-64.7105213,32.32606789999999],[-64.7105964,32.3259637],[-64.7106339,32.325773299999994],[-64.7106339,32.3255784],[-64.7105642,32.325446899999996],[-64.7105588,32.3252157],[-64.7105266,32.32518400000001],[-64.7103281,32.32511600000001],[-64.7100921,32.324980000000004],[-64.7100116,32.3249165],[-64.7099902,32.32483489999999],[-64.7100009,32.324712500000004],[-64.71006530000001,32.3246309],[-64.7100385,32.3244179],[-64.7100921,32.3243544],[-64.7101136,32.3242683],[-64.7101511,32.32421840000001],[-64.7104301,32.3239918],[-64.7103684,32.323819],[-64.7099312,32.32388749999999],[-64.7096254,32.323878400000005],[-64.7095235,32.3238603],[-64.7094645,32.323824],[-64.7093786,32.32375149999999],[-64.7093183,32.32366770000001],[-64.7092392,32.323592899999994],[-64.7091533,32.32357929999999],[-64.709046,32.323620000000005],[-64.7087671,32.32365630000001],[-64.7087188,32.3237107],[-64.70865440000001,32.32383759999999],[-64.7086491,32.32392379999999],[-64.7086974,32.3240507],[-64.7087832,32.3243861],[-64.7088046,32.324662700000005],[-64.7087188,32.3248939],[-64.708354,32.32507519999999],[-64.7082199,32.325116],[-64.7081126,32.325125],[-64.708,32.32512499999999],[-64.7078605,32.325102400000006],[-64.7077157,32.32505699999999],[-64.7076084,32.3249981],[-64.7073509,32.3248939],[-64.7072758,32.3248893],[-64.7070397,32.324998099999995],[-64.70690030000002,32.32498],[-64.70670180000002,32.3248576],[-64.7066428,32.32479870000001],[-64.7064443,32.32466719999999],[-64.7063531,32.3246627],[-64.7062834,32.324694400000006],[-64.7062136,32.3247941],[-64.7061922,32.324907499999995],[-64.7062244,32.325147699999995],[-64.7062619,32.325270100000004],[-64.7062565,32.325356199999995],[-64.7062458,32.32549219999999],[-64.7061707,32.32568259999999],[-64.7061332,32.32588659999999],[-64.7061171,32.3260226],[-64.7061385,32.3261404],[-64.7061063,32.3263671],[-64.7062136,32.3266039],[-64.7062217,32.3267139],[-64.706282,32.326826],[-64.7063008,32.3268997],[-64.706439,32.3270448],[-64.706443,32.32710709999999],[-64.7063386,32.32726529999999],[-64.706341,32.3273313],[-64.7063143,32.327431000000004],[-64.7061863,32.3276557],[-64.7062122,32.3276621],[-64.7063585,32.32750939999999],[-64.7064872,32.32741839999999],[-64.7065355,32.327368899999996],[-64.7065468,32.3273229],[-64.7065883,32.3272665],[-64.7066388,32.327216],[-64.7068188,32.3271121],[-64.7068888,32.327106],[-64.7070353,32.3271677],[-64.70709440000002,32.3272128],[-64.7072197,32.327214100000006],[-64.7073259,32.32715939999999],[-64.7073899,32.327085100000005],[-64.7076298,32.32697910000001],[-64.7076647,32.326925799999984],[-64.7077371,32.3268714],[-64.7078038,32.326855899999984],[-64.70789410000002,32.326869099999996],[-64.707953,32.3268374],[-64.7081221,32.32679319999999],[-64.7083105,32.32679100000001],[-64.7083675,32.3267672],[-64.7084788,32.32667310000001],[-64.7086008,32.3266028],[-64.708633,32.32654389999999],[-64.7086491,32.3264442],[-64.7087778,32.32625829999999],[-64.708869,32.32618570000001],[-64.7089227,32.32618579999999],[-64.7089669,32.3261268],[-64.7090662,32.32608830000001],[-64.7092284,32.326087199999996],[-64.7092928,32.3261076],[-64.7093478,32.32617109999999],[-64.7094403,32.326209599999984],[-64.7095275,32.3262798],[-64.7098226,32.32633880000001],[-64.70995120000002,32.3263365],[-64.7102115,32.32627409999999],[-64.7102946,32.32628209999999],[-64.7103871,32.32624919999999],[-64.71043540000001,32.3261495]],[[-64.7033814,32.32856189999999],[-64.7034915,32.328538],[-64.7036229,32.328540499999995],[-64.7037717,32.328580099999996],[-64.7038313,32.3285553],[-64.7038623,32.3284859],[-64.7037595,32.3283369],[-64.7037313,32.32822910000001],[-64.7035891,32.328139500000006],[-64.7035449,32.328052199999995],[-64.7034671,32.3279921],[-64.7033611,32.3277972],[-64.7033597,32.3275547],[-64.7033155,32.32743909999999],[-64.7032068,32.3274177],[-64.7030486,32.3274777],[-64.7029467,32.32755929999999],[-64.7028072,32.32762730000001],[-64.7025994,32.3276681],[-64.7024881,32.3276567],[-64.7023861,32.3276238],[-64.7022359,32.3276148],[-64.7020884,32.32757060000001],[-64.7018363,32.32768169999999],[-64.7016838,32.32783469999999],[-64.7015184,32.3283291],[-64.7015125,32.3287351],[-64.7016149,32.32901659999999],[-64.701633,32.32912949999999],[-64.7016083,32.32929510000001],[-64.7016878,32.3293286],[-64.7017567,32.3293176],[-64.7018185,32.329274600000005],[-64.7022537,32.3291211],[-64.7023356,32.3290839],[-64.70243410000002,32.329014],[-64.7025078,32.329005],[-64.7025721,32.3289645],[-64.7026485,32.3289533],[-64.70271900000002,32.328966699999995],[-64.7028866,32.3288541],[-64.7029733,32.3288652],[-64.703054,32.328842099999996],[-64.7031237,32.32872879999999],[-64.7031827,32.3286653],[-64.7033814,32.32856189999999]],[[-64.7052461,32.3288007],[-64.7054849,32.3287984],[-64.705606,32.328767000000006],[-64.7055924,32.328686600000005],[-64.7055677,32.3286605],[-64.7055382,32.328657199999995],[-64.7053019,32.328705400000004],[-64.705235,32.3286475],[-64.7052015,32.328636800000005],[-64.7050869,32.3286849],[-64.7051106,32.3287063],[-64.7052218,32.3287102],[-64.7052461,32.3288007]],[[-64.7056775,32.3296019],[-64.7057768,32.329031500000006],[-64.7057807,32.3289276],[-64.705696,32.3288248],[-64.7056675,32.3288105],[-64.7055435,32.32884630000001],[-64.7053247,32.3288619],[-64.7052931,32.328876900000004],[-64.7052816,32.329002499999994],[-64.7052331,32.3290552],[-64.705146,32.32907860000001],[-64.7050728,32.3291209],[-64.7050952,32.3292264],[-64.70517070000001,32.3293344],[-64.7052354,32.3295088],[-64.7052623,32.3295518],[-64.7053617,32.32958949999999],[-64.7055905,32.329626600000005],[-64.7056552,32.3296201],[-64.7056775,32.3296019]],[[-64.7068432,32.332014999999984],[-64.7069993,32.331824999999995],[-64.7070006,32.3316919],[-64.7068103,32.3315119],[-64.7066982,32.33143090000001],[-64.7065496,32.3314428],[-64.7063648,32.33140850000001],[-64.7061779,32.331425900000006],[-64.70611,32.331449799999994],[-64.7060693,32.33150990000001],[-64.7059889,32.33155319999999],[-64.705895,32.33159499999999],[-64.7057482,32.3316204],[-64.7056992,32.33166550000001],[-64.705658,32.33166529999999],[-64.7056557,32.33190530000001],[-64.705679,32.3319598],[-64.70573250000001,32.33200459999998],[-64.7058688,32.33207469999999],[-64.7058997,32.3320732],[-64.7059317,32.332021299999994],[-64.7059624,32.332017099999995],[-64.7059954,32.3320317],[-64.7060076,32.3320705],[-64.7061182,32.3320568],[-64.7063455,32.332085799999994],[-64.7063545,32.3320614],[-64.70637870000002,32.33205079999999],[-64.7064198,32.33208679999999],[-64.7066334,32.3320878],[-64.706768,32.3320607],[-64.7068432,32.332014999999984]],[[-64.7055299,32.3319935],[-64.705604,32.3319113],[-64.7056133,32.3317882],[-64.7056063,32.33170839999999],[-64.7055888,32.331653800000005],[-64.7055643,32.33163160000001],[-64.7054326,32.331694599999985],[-64.7053664,32.3317734],[-64.7053982,32.33187680000001],[-64.7054653,32.331912],[-64.7054623,32.331934399999994],[-64.7055155,32.3319887],[-64.7055299,32.3319935]],[[-64.7038826,32.3333855],[-64.7041594,32.333234499999996],[-64.7042848,32.33298839999999],[-64.7042986,32.33289889999999],[-64.7042763,32.33288079999999],[-64.7041911,32.3328678],[-64.7041046,32.3329092],[-64.7040489,32.33315790000001],[-64.7039712,32.33326439999999],[-64.7038422,32.33328809999999],[-64.7036377,32.3334545],[-64.7034457,32.333438400000006],[-64.7035092,32.3335244],[-64.7036202,32.3335293],[-64.7036966,32.333501199999986],[-64.7038206,32.3334014],[-64.7038826,32.3333855]],[[-64.6973914,32.3353771],[-64.6973539,32.3351788],[-64.6973619,32.3351187],[-64.6974572,32.3349578],[-64.6974357,32.33490230000001],[-64.6973566,32.33481950000001],[-64.697197,32.33471759999999],[-64.6970414,32.3346677],[-64.6969985,32.334676800000004],[-64.6969382,32.3347108],[-64.6968939,32.334766300000005],[-64.6967786,32.33501559999999],[-64.6967316,32.3352717],[-64.6967598,32.33531930000001],[-64.696965,32.3354269],[-64.6970656,32.335584399999995],[-64.6972466,32.33562520000001],[-64.6973298,32.3356173],[-64.6974223,32.3355516],[-64.6974303,32.33547680000001],[-64.6973914,32.3353771]],[[-64.7112553,32.3462887],[-64.7112795,32.34624569999999],[-64.711309,32.3462411],[-64.7113304,32.3461958],[-64.7112929,32.3461686],[-64.7112929,32.34612559999999],[-64.7112634,32.346121],[-64.7111963,32.34613010000001],[-64.711148,32.3461641],[-64.7110944,32.34623659999999],[-64.71114,32.34630229999999],[-64.7112178,32.3463046],[-64.7112553,32.3462887]],[[-64.7101073,32.34644509999999],[-64.7101905,32.346427],[-64.71022,32.346402],[-64.71022,32.3463431],[-64.7102549,32.34630690000001],[-64.7102146,32.346268299999984],[-64.7101824,32.34626829999999],[-64.7100913,32.34632049999999],[-64.7100778,32.3463476],[-64.7100698,32.3463907],[-64.7101073,32.34644509999999]],[[-64.709984,32.3463703],[-64.71002150000001,32.3462842],[-64.710102,32.346247899999995],[-64.7100403,32.3462117],[-64.7099893,32.3462094],[-64.7100027,32.3461618],[-64.710051,32.346136900000005],[-64.7100483,32.3461165],[-64.7100108,32.34611879999999],[-64.7099008,32.3460803],[-64.7098391,32.3460984],[-64.7097265,32.346046300000005],[-64.7096541,32.3460667],[-64.709528,32.3461686],[-64.7094019,32.3462411],[-64.7093617,32.346254699999996],[-64.7092061,32.34624790000001],[-64.7090345,32.34633410000001],[-64.7089942,32.3463386],[-64.7089352,32.3463137],[-64.7088628,32.34634090000001],[-64.7088655,32.34638390000001],[-64.70889230000002,32.346420200000004],[-64.7088655,32.34642920000001],[-64.708836,32.3465017],[-64.7088226,32.3466037],[-64.7090264,32.346674],[-64.7092276,32.34671699999999],[-64.7092437,32.346751],[-64.7092034,32.34683940000001],[-64.70921420000002,32.346868799999996],[-64.7092329,32.346895999999994],[-64.7093241,32.34685979999999],[-64.7093563,32.3468779],[-64.7093644,32.346982100000005],[-64.7093161,32.3470637],[-64.7093885,32.3471589],[-64.7094368,32.34728799999999],[-64.7094636,32.34728119999999],[-64.7094985,32.3473243],[-64.7095816,32.347244999999994],[-64.7097023,32.347172500000006],[-64.7097882,32.34714749999999],[-64.7098552,32.34709089999999],[-64.709823,32.3470274],[-64.7097962,32.34701840000001],[-64.7097774,32.3470297],[-64.7097613,32.347002499999995],[-64.7097426,32.3467963],[-64.7096621,32.3467215],[-64.7096219,32.3467034],[-64.7096165,32.3466785],[-64.7096728,32.346612799999996],[-64.7096997,32.346603699999996],[-64.709756,32.346503999999996],[-64.7098096,32.3464972],[-64.7098525,32.3465425],[-64.7098686,32.3464972],[-64.7099142,32.34645189999999],[-64.7098981,32.3464134],[-64.7099196,32.3463884],[-64.709984,32.3463703]],[[-64.7093241,32.347847699999996],[-64.7093215,32.34789990000001],[-64.7093939,32.3479202],[-64.7094207,32.3478817],[-64.7094019,32.3478432],[-64.7093644,32.3478251],[-64.7093241,32.347847699999996]],[[-64.709418,32.3489581],[-64.7095736,32.34885380000001],[-64.709595,32.3487768],[-64.7095441,32.34875190000001],[-64.7094743,32.34874959999999],[-64.7094475,32.348815300000005],[-64.7094073,32.34882209999999],[-64.7093054,32.34892179999999],[-64.709308,32.3489513],[-64.7093671,32.348960299999995],[-64.709418,32.3489581]]]}},{"type":"Feature","properties":{"area_m2":919.37,"protected":true,"render":true},"geometry":{"type":"Polygon","coordinates":[[[-64.8130703,32.30752710000001],[-64.8131927,32.307522600000006],[-64.8132241,32.30748719999999],[-64.8132591,32.3073645],[-64.8133133,32.307331999999995],[-64.8134409,32.307369],[-64.8134584,32.3074428],[-64.8134356,32.307507799999996],[-64.8133745,32.30755810000001],[-64.8132433,32.30771320000001],[-64.8131892,32.3076955],[-64.813058,32.30773539999999],[-64.8130406,32.30762609999999],[-64.8130528,32.3075684],[-64.8130703,32.30752710000001]]]}},{"type":"Feature","properties":{"area_m2":1916.45,"protected":true,"render":true},"geometry":{"type":"Polygon","coordinates":[[[-64.8141595,32.307780599999994],[-64.814198,32.3077392],[-64.8141682,32.307681599999995],[-64.8140564,32.3077658],[-64.8139829,32.3078574],[-64.8138715,32.3078058],[-64.8137959,32.3077274],[-64.8137871,32.3076107],[-64.8138116,32.307556],[-64.8139253,32.3075339],[-64.8139314,32.3074791],[-64.814142,32.307507300000005],[-64.8144008,32.30760479999999],[-64.8145101,32.3077764],[-64.8144829,32.3078102],[-64.8143903,32.30780130000001],[-64.814326,32.3079036],[-64.8141927,32.30787660000001],[-64.8141595,32.307780599999994]]]}},{"type":"Feature","properties":{"area_m2":7001.92,"protected":true,"render":true},"geometry":{"type":"Polygon","coordinates":[[[-64.7431341,32.323198999999995],[-64.7432188,32.323000500000006],[-64.7434441,32.32290770000001],[-64.743987,32.3227511],[-64.74420050000002,32.32278829999999],[-64.7443301,32.3229213],[-64.7441968,32.323458],[-64.7440467,32.323535899999996],[-64.7438579,32.32356540000001],[-64.7437949,32.3234974],[-64.7433194,32.323391099999995],[-64.7431796,32.3232995],[-64.7431341,32.323198999999995]]]}},{"type":"Feature","properties":{"area_m2":1220.86,"protected":true,"render":true},"geometry":{"type":"Polygon","coordinates":[[[-64.7428254,32.3225455],[-64.7427761,32.3223734],[-64.7429107,32.32222079999999],[-64.7431365,32.3222512],[-64.7432197,32.3223421],[-64.7431241,32.3224501],[-64.7431577,32.32255919999999],[-64.7429666,32.3225982],[-64.7428254,32.3225455]]]}},{"type":"Feature","properties":{"area_m2":1097.57,"protected":true,"render":true},"geometry":{"type":"Polygon","coordinates":[[[-64.7154173,32.3226965],[-64.715243,32.32263759999999],[-64.7151786,32.32256389999999],[-64.7151223,32.3224245],[-64.7152054,32.3223633],[-64.7153342,32.322353099999994],[-64.7154294,32.322367799999995],[-64.7154965,32.322426799999995],[-64.7155515,32.322573],[-64.7155421,32.322629600000006],[-64.7155045,32.32267039999999],[-64.7154173,32.3226965]]]}},{"type":"Feature","properties":{"area_m2":52.76,"protected":true,"render":true},"geometry":{"type":"Polygon","coordinates":[[[-64.7371693,32.32723579999999],[-64.7371423,32.3272063],[-64.7371816,32.3271893],[-64.737215,32.3271952],[-64.7372061,32.3271776],[-64.7372409,32.3271624],[-64.7372908,32.327178],[-64.7372472,32.32722389999999],[-64.7372345,32.32720950000001],[-64.7371693,32.32723579999999]]]}},{"type":"Feature","properties":{"area_m2":130.53,"protected":true,"render":true},"geometry":{"type":"Polygon","coordinates":[[[-64.7284251,32.3326406],[-64.7283541,32.3325994],[-64.7284089,32.3325787],[-64.7284599,32.3325935],[-64.7284664,32.33254519999999],[-64.7285002,32.3325367],[-64.7285251,32.3325603],[-64.7285229,32.3326001],[-64.728563,32.3326407],[-64.7285281,32.3326632],[-64.7284251,32.3326406]]]}},{"type":"Feature","properties":{"area_m2":3008.41,"protected":true,"render":true},"geometry":{"type":"Polygon","coordinates":[[[-64.7303246,32.33298329999999],[-64.7301715,32.3329096],[-64.7301084,32.332808],[-64.7300314,32.33279430000001],[-64.7298197,32.33259209999999],[-64.7297279,32.33268730000001],[-64.7294951,32.3326712],[-64.7295222,32.33247539999999],[-64.7297261,32.3324215],[-64.7299063,32.332495],[-64.7301025,32.33261240000001],[-64.7301341,32.332508],[-64.7302484,32.3325195],[-64.7304937,32.332619099999995],[-64.7305108,32.3327229],[-64.7306575,32.33284739999999],[-64.7303246,32.33298329999999]]]}},{"type":"Feature","properties":{"area_m2":27287.92,"protected":true,"render":true},"geometry":{"type":"Polygon","coordinates":[[[-64.7273826,32.333084199999995],[-64.7278391,32.33336289999999],[-64.7282081,32.3337815],[-64.7282942,32.3340853],[-64.7280684,32.3341654],[-64.7278276,32.33418509999999],[-64.7274627,32.334050500000004],[-64.7272375,32.3340505],[-64.72719480000002,32.334309700000006],[-64.7272069,32.33458159999999],[-64.7270201,32.3347657],[-64.7268337,32.334713199999996],[-64.7266956,32.33474809999999],[-64.7265244,32.3349451],[-64.7262241,32.33475589999999],[-64.72616160000001,32.33462359999999],[-64.7263116,32.33461049999999],[-64.7263786,32.33471479999999],[-64.7264859,32.3347034],[-64.7265231,32.3345754],[-64.72678530000002,32.33450570000001],[-64.727017,32.3343522],[-64.7269943,32.3341679],[-64.7268245,32.3339734],[-64.7261737,32.3334639],[-64.7259857,32.333266599999995],[-64.7260658,32.3331663],[-64.7261265,32.33312149999999],[-64.726148,32.333006],[-64.7262941,32.332983299999995],[-64.7263062,32.332913],[-64.7262003,32.3329142],[-64.7261271,32.332895799999996],[-64.7260836,32.3328496],[-64.7260999,32.3326563],[-64.7266103,32.3325167],[-64.7268842,32.3324103],[-64.7272195,32.3324133],[-64.7273858,32.3323136],[-64.7276589,32.3323771],[-64.7279224,32.3324675],[-64.7279477,32.332523200000004],[-64.727451,32.33253820000001],[-64.7271176,32.332484699999995],[-64.7269982,32.3324974],[-64.7269541,32.3326989],[-64.7270814,32.33284510000001],[-64.7273826,32.333084199999995]]]}},{"type":"Feature","properties":{"area_m2":1765.35,"protected":true,"render":true},"geometry":{"type":"Polygon","coordinates":[[[-64.7249972,32.33391879999999],[-64.7251382,32.333834499999995],[-64.7251525,32.3337062],[-64.7253537,32.333716900000006],[-64.7254572,32.3338972],[-64.7254525,32.333990699999994],[-64.7253694,32.3341089],[-64.7254064,32.334236800000006],[-64.7252088,32.3342515],[-64.7250651,32.33415639999999],[-64.72509,32.334032799999996],[-64.7249972,32.33391879999999]]]}},{"type":"Feature","properties":{"area_m2":99.54,"protected":true,"render":true},"geometry":{"type":"Polygon","coordinates":[[[-64.7331694,32.33397289999999],[-64.7333499,32.3339424],[-64.733348,32.3339957],[-64.7331581,32.3340247],[-64.7331694,32.33397289999999]]]}},{"type":"Feature","properties":{"area_m2":161.96,"protected":true,"render":true},"geometry":{"type":"Polygon","coordinates":[[[-64.7110802,32.3377216],[-64.7111088,32.3377453],[-64.7111578,32.33767939999999],[-64.7111941,32.3376864],[-64.7112224,32.33771819999999],[-64.71112860000001,32.33781189999999],[-64.711095,32.3377815],[-64.711049,32.33781309999999],[-64.7110339,32.33780139999999],[-64.7110072,32.337835199999994],[-64.710973,32.3378017],[-64.7110238,32.3377446],[-64.7110501,32.3377534],[-64.7110802,32.3377216]]]}},{"type":"Feature","properties":{"area_m2":70.58,"protected":true,"render":true},"geometry":{"type":"Polygon","coordinates":[[[-64.71014,32.33821019999999],[-64.7101369,32.3381828],[-64.7102088,32.3381644],[-64.7103128,32.3381788],[-64.7102858,32.338221999999995],[-64.7102187,32.3382011],[-64.7102009,32.338220699999994],[-64.71014,32.33821019999999]]]}},{"type":"Feature","properties":{"area_m2":5129.47,"protected":true,"render":true},"geometry":{"type":"Polygon","coordinates":[[[-64.7123279,32.3391909],[-64.7123104,32.33887479999999],[-64.7123314,32.3387153],[-64.7123663,32.33864440000001],[-64.7124607,32.338552799999995],[-64.71253070000002,32.338588300000005],[-64.7126006,32.3388039],[-64.7126705,32.3388512],[-64.7127334,32.3389457],[-64.7127334,32.3390196],[-64.7129292,32.3390786],[-64.7129747,32.3391466],[-64.7129817,32.3392234],[-64.7130411,32.3393268],[-64.7129712,32.33935929999999],[-64.7128383,32.33945679999999],[-64.7128348,32.33961329999999],[-64.7128139,32.3397079],[-64.71268100000002,32.339731500000006],[-64.7125936,32.33973149999999],[-64.7124992,32.339678299999996],[-64.7123733,32.33938590000001],[-64.7123279,32.3391909]]]}},{"type":"Feature","properties":{"area_m2":16.0,"protected":false,"render":false},"geometry":{"type":"Polygon","coordinates":[[[-64.7247341,32.340035400000005],[-64.7246602,32.34003500000001],[-64.724676,32.33999360000001],[-64.7247341,32.340035400000005]]]}},{"type":"Feature","properties":{"area_m2":9.91,"protected":false,"render":false},"geometry":{"type":"Polygon","coordinates":[[[-64.72452,32.34001],[-64.7245226,32.3400529],[-64.7244789,32.34006209999999],[-64.72452,32.34001]]]}},{"type":"Feature","properties":{"area_m2":54.26,"protected":false,"render":false},"geometry":{"type":"Polygon","coordinates":[[[-64.7243148,32.3401019],[-64.7244401,32.3399908],[-64.7244341,32.34007909999999],[-64.7243148,32.3401019]]]}},{"type":"Feature","properties":{"area_m2":22.89,"protected":true,"render":true},"geometry":{"type":"Polygon","coordinates":[[[-64.7226797,32.3400693],[-64.7226468,32.340090599999996],[-64.7226185,32.340079],[-64.7226213,32.340056000000004],[-64.7226519,32.3400393],[-64.722682,32.3400488],[-64.7226797,32.3400693]]]}},{"type":"Feature","properties":{"area_m2":34.05,"protected":false,"render":false},"geometry":{"type":"Polygon","coordinates":[[[-64.7250341,32.340146000000004],[-64.7250659,32.3401618],[-64.7249703,32.3402085],[-64.7249568,32.34016289999999],[-64.7249907,32.3401467],[-64.7250174,32.340167099999995],[-64.7250341,32.340146000000004]]]}},{"type":"Feature","properties":{"area_m2":655.09,"protected":true,"render":true},"geometry":{"type":"Polygon","coordinates":[[[-64.7244074,32.3401755],[-64.7245111,32.340151500000005],[-64.7246831,32.340198799999996],[-64.724759,32.3401523],[-64.7248466,32.3401656],[-64.7248205,32.3402225],[-64.724739,32.34023409999999],[-64.7247435,32.34026979999999],[-64.724684,32.340359899999996],[-64.7245765,32.3403183],[-64.7245282,32.3403915],[-64.7244635,32.340377100000005],[-64.7244501,32.3403108],[-64.7243975,32.34025499999999],[-64.7244074,32.3401755]]]}},{"type":"Feature","properties":{"area_m2":307.4,"protected":true,"render":true},"geometry":{"type":"Polygon","coordinates":[[[-64.7130434,32.344389],[-64.7131254,32.34420159999999],[-64.7132892,32.3442925],[-64.7131046,32.3444494],[-64.7130434,32.344389]]]}},{"type":"Feature","properties":{"area_m2":6717.04,"protected":true,"render":true},"geometry":{"type":"Polygon","coordinates":[[[-64.7249662,32.3511236],[-64.7248489,32.3511224],[-64.7248423,32.351031299999995],[-64.7251731,32.350733700000006],[-64.7252373,32.3503942],[-64.7252558,32.350183699999995],[-64.72536070000001,32.350042099999996],[-64.7257226,32.35013759999999],[-64.7258301,32.35026169999999],[-64.7259345,32.3502437],[-64.7259833,32.35033179999999],[-64.7261253,32.35042899999999],[-64.7262557,32.3504952],[-64.7255691,32.3508531],[-64.7249662,32.3511236]]]}},{"type":"Feature","properties":{"area_m2":822.16,"protected":false,"render":true},"geometry":{"type":"Polygon","coordinates":[[[-64.7084871,32.35446820000001],[-64.7086205,32.35444179999999],[-64.7087048,32.354504600000006],[-64.7087335,32.354628299999995],[-64.7087131,32.3546977],[-64.7085495,32.354775],[-64.7085026,32.35477290000001],[-64.7083967,32.354718699999985],[-64.7084871,32.35446820000001]]]}},{"type":"Feature","properties":{"area_m2":4184.79,"protected":false,"render":true},"geometry":{"type":"Polygon","coordinates":[[[-64.7063037,32.35853229999999],[-64.7062367,32.3585935],[-64.7061964,32.3585913],[-64.7060489,32.3585165],[-64.7060301,32.35844169999999],[-64.7059152,32.358337],[-64.7059233,32.3582985],[-64.7069066,32.3569893],[-64.7069778,32.356967700000006],[-64.7070285,32.356993700000004],[-64.7070467,32.3570279],[-64.7070417,32.3570592],[-64.7064486,32.357891099999996],[-64.7064083,32.35799080000001],[-64.7063386,32.358448499999994],[-64.7063037,32.35853229999999]]]}},{"type":"Feature","properties":{"area_m2":52382.88,"protected":true,"render":true},"geometry":{"type":"Polygon","coordinates":[[[-64.7170284,32.3578717],[-64.7170271,32.3579062],[-64.7169406,32.3579397],[-64.716832,32.3580779],[-64.7167791,32.358109],[-64.7165865,32.3580926],[-64.716435,32.3579561],[-64.7163626,32.35792949999998],[-64.71626,32.357957199999994],[-64.7160427,32.3581475],[-64.7160199,32.3581968],[-64.7160159,32.3582614],[-64.7160548,32.358322599999994],[-64.716144,32.3583775],[-64.7162761,32.3583877],[-64.7163854,32.3583605],[-64.7164638,32.35830899999999],[-64.7165383,32.3581849],[-64.7165973,32.358146399999995],[-64.7166382,32.3581453],[-64.7167435,32.358194],[-64.7167793,32.358278399999996],[-64.7167696,32.35834979999999],[-64.7167297,32.35842589999999],[-64.7166335,32.358514],[-64.71662480000002,32.3585486],[-64.7166844,32.3587213],[-64.7166791,32.3587836],[-64.7165379,32.3590255],[-64.7164907,32.3590578],[-64.7163552,32.3590997],[-64.7161695,32.3591294],[-64.7160449,32.359115599999996],[-64.7159951,32.359165399999995],[-64.7158737,32.3591586],[-64.7158369,32.3591813],[-64.7158672,32.359321499999986],[-64.7157906,32.359434499999985],[-64.7157886,32.35969529999999],[-64.7156997,32.35985979999999],[-64.71569810000001,32.359980799999995],[-64.7156796,32.3599963],[-64.7156565,32.36000139999999],[-64.7155925,32.3599729],[-64.7153977,32.3598445],[-64.7152026,32.35967629999999],[-64.71477,32.35937440000001],[-64.7146922,32.35934550000001],[-64.7145863,32.35935739999999],[-64.7145199,32.359375],[-64.7144911,32.359401600000005],[-64.714367,32.3595874],[-64.7143145,32.3600032],[-64.7143145,32.3602238],[-64.7141767,32.3602065],[-64.7142752,32.35974370000001],[-64.7142168,32.359619099999996],[-64.7138527,32.35938459999999],[-64.7136852,32.3591919],[-64.7135966,32.359016399999994],[-64.71361,32.3589043],[-64.7136663,32.3587264],[-64.7138447,32.3584919],[-64.7140814,32.3583158],[-64.7141082,32.358271],[-64.7141062,32.3581147],[-64.7140626,32.3578853],[-64.7140693,32.357841699999994],[-64.7140995,32.3578139],[-64.7143563,32.357740299999996],[-64.7146151,32.3576338],[-64.7150369,32.3573183],[-64.715175,32.357244699999995],[-64.7153091,32.357231600000006],[-64.7154548,32.35726890000001],[-64.71550080000002,32.35723260000001],[-64.7155457,32.35722160000001],[-64.7156069,32.3572515],[-64.715682,32.35731429999999],[-64.715688,32.35733729999998],[-64.7156211,32.3574614],[-64.715629,32.357538600000005],[-64.7157549,32.35760140000001],[-64.7158999,32.3576089],[-64.7159623,32.3575647],[-64.7161487,32.357194799999995],[-64.7161872,32.357188900000004],[-64.7162446,32.35721589999999],[-64.716262,32.35724129999999],[-64.716315,32.3573642],[-64.7165896,32.3577867],[-64.7167233,32.3578275],[-64.716956,32.3578468],[-64.7170284,32.3578717]],[[-64.7148478,32.358125599999994],[-64.7148123,32.35812339999999],[-64.7147751,32.35814580000001],[-64.71479070000001,32.358169],[-64.7148585,32.3581573],[-64.7148478,32.358125599999994]],[[-64.7150885,32.3585423],[-64.7152654,32.3585442],[-64.71547950000001,32.35852140000001],[-64.71565110000002,32.35848969999999],[-64.7157068,32.358437],[-64.7157487,32.35835999999999],[-64.7157549,32.3582732],[-64.7157323,32.3581932],[-64.7154258,32.3579278],[-64.7153045,32.357925699999996],[-64.7150988,32.3579917],[-64.7149837,32.3580855],[-64.7149487,32.35819849999999],[-64.7149799,32.3584155],[-64.7149973,32.35847829999999],[-64.7150349,32.35852539999999],[-64.7150885,32.3585423]]]}},{"type":"Feature","properties":{"area_m2":5371028.39,"protected":true,"render":true},"geometry":{"type":"Polygon","coordinates":[[[-64.70709440000002,32.363470299999996],[-64.707041,32.3636694],[-64.7068548,32.36394880000001],[-64.7067091,32.3640782],[-64.7063649,32.36424399999999],[-64.7044159,32.3649587],[-64.7041699,32.365012400000005],[-64.7035477,32.3652639],[-64.7031131,32.365461],[-64.7009459,32.36600920000001],[-64.7002029,32.3662879],[-64.6998925,32.3664431],[-64.699105,32.366749000000006],[-64.6980196,32.367271099999996],[-64.6978909,32.367357199999994],[-64.6977031,32.36740480000001],[-64.6974966,32.367477300000004],[-64.69716940000002,32.3676404],[-64.6968582,32.3676857],[-64.6964639,32.3678896],[-64.6962386,32.367944],[-64.6959946,32.36805720000001],[-64.6958068,32.36827699999999],[-64.69567,32.36832909999999],[-64.6954769,32.3683744],[-64.6952838,32.36850349999999],[-64.6951175,32.368686999999994],[-64.6948707,32.3690178],[-64.69461320000002,32.369269200000005],[-64.6941465,32.3695944],[-64.6925935,32.37017650000001],[-64.6925278,32.37022189999999],[-64.6924559,32.3703256],[-64.6923733,32.3703537],[-64.6921965,32.3703147],[-64.6920195,32.3702513],[-64.691691,32.37020600000001],[-64.6908287,32.37019179999999],[-64.6906634,32.370171299999996],[-64.6901093,32.36993110000001],[-64.6896936,32.36979970000001],[-64.6889601,32.3696401],[-64.6883641,32.369575899999994],[-64.6879144,32.36958409999999],[-64.687489,32.369707299999995],[-64.6870953,32.3699372],[-64.6860865,32.3709434],[-64.6860462,32.371163100000004],[-64.6860945,32.3713602],[-64.6861723,32.371554999999994],[-64.68647,32.3717476],[-64.6866556,32.3717755],[-64.6869689,32.3719311],[-64.6870051,32.37198089999999],[-64.6870595,32.3719938],[-64.687005,32.372079],[-64.686812,32.3720783],[-64.6865787,32.372037600000006],[-64.6864633,32.371942399999995],[-64.686403,32.3718654],[-64.68610790000001,32.3716898],[-64.6858357,32.371625300000005],[-64.6855702,32.37159919999999],[-64.6854481,32.37156980000001],[-64.6848694,32.371332400000014],[-64.6839184,32.371173799999994],[-64.6839086,32.371205599999996],[-64.6822838,32.370950199999996],[-64.6822896,32.37090849999999],[-64.6821164,32.37089399999999],[-64.6821233,32.37096739999999],[-64.6817328,32.37100280000001],[-64.6816932,32.3709738],[-64.6812,32.3709738],[-64.6807308,32.370928799999994],[-64.6806311,32.37090119999999],[-64.6797288,32.3709216],[-64.6792613,32.370740100000006],[-64.6786082,32.3707532],[-64.6780633,32.37072119999999],[-64.6779293,32.3706951],[-64.6777969,32.3705993],[-64.67774530000001,32.370525699999995],[-64.6777526,32.370506199999994],[-64.6782983,32.3705042],[-64.6782023,32.3702558],[-64.6780455,32.3701459],[-64.6775521,32.370147],[-64.6772033,32.3703266],[-64.6769846,32.370363499999996],[-64.6763935,32.3702429],[-64.675922,32.3706781],[-64.6755792,32.370808499999995],[-64.6749662,32.3708642],[-64.6748493,32.3710035],[-64.6747393,32.371011100000004],[-64.6740203,32.3708185],[-64.6737872,32.370737899999995],[-64.67358090000002,32.370763999999994],[-64.6731598,32.3707698],[-64.6731134,32.3708337],[-64.6727301,32.370836600000004],[-64.672572,32.37074509999999],[-64.6725428,32.37058689999999],[-64.6725892,32.3703909],[-64.6726356,32.3702879],[-64.6725634,32.3700948],[-64.6723795,32.3698858],[-64.6721097,32.369525700000004],[-64.6718949,32.3694445],[-64.6716577,32.3695504],[-64.6714207,32.3697232],[-64.671367,32.3697314],[-64.6712957,32.369728200000004],[-64.6704855,32.3695141],[-64.67037770000002,32.369598700000004],[-64.6701469,32.369713000000004],[-64.6700215,32.3698582],[-64.669963,32.3702124],[-64.6693254,32.37012379999999],[-64.6693391,32.3700658],[-64.6691982,32.3700106],[-64.669126,32.3700643],[-64.6690555,32.37008749999999],[-64.66894550000002,32.3700861],[-64.6689232,32.3700687],[-64.6688596,32.3701035],[-64.6687376,32.3700222],[-64.668509,32.370022199999994],[-64.668332,32.37000189999999],[-64.6669914,32.3697319],[-64.6662025,32.36924990000001],[-64.665943,32.3691469],[-64.6656783,32.369255700000004],[-64.6655803,32.369488],[-64.66510940000002,32.369547499999996],[-64.6646844,32.369943500000005],[-64.6644185,32.36982619999999],[-64.6640163,32.368962499999995],[-64.6639149,32.3686228],[-64.663975,32.36798700000001],[-64.6641194,32.367750400000006],[-64.6644305,32.3675631],[-64.6645096,32.367267000000005],[-64.6646608,32.367139200000004],[-64.6649685,32.3670057],[-64.6652211,32.3669984],[-64.6657058,32.3671392],[-64.6659997,32.3670376],[-64.6661509,32.36640469999999],[-64.66648090000001,32.36621010000001],[-64.6665806,32.36597499999999],[-64.6665617,32.3659285],[-64.6664637,32.3659024],[-64.66606500000002,32.365857399999996],[-64.6658553,32.3659067],[-64.6652761,32.365718],[-64.664977,32.36550749999999],[-64.66491,32.3655104],[-64.6647216,32.3657095],[-64.6645587,32.36577309999999],[-64.6643715,32.3657772],[-64.6641965,32.36568689999999],[-64.6640489,32.3657236],[-64.6639191,32.365561],[-64.663767,32.36561330000001],[-64.6637507,32.3657962],[-64.6636157,32.3659748],[-64.6634104,32.3660444],[-64.6632359,32.36586809999999],[-64.6631517,32.36562489999999],[-64.6629652,32.36563139999999],[-64.6627865,32.36544419999999],[-64.6623705,32.36548989999999],[-64.6622992,32.3656205],[-64.6620148,32.3656924],[-64.6618558,32.3656605],[-64.6617613,32.3657759],[-64.6614261,32.365775100000015],[-64.6613436,32.365502199999995],[-64.6609303,32.36521990000001],[-64.6607039,32.36502740000001],[-64.6604134,32.364875],[-64.6600663,32.3648387],[-64.6597947,32.3649229],[-64.6599666,32.3653076],[-64.6600474,32.3659638],[-64.6603302,32.366574599999986],[-64.6602347,32.3667709],[-64.6599494,32.36701920000001],[-64.6593994,32.3669466],[-64.6584558,32.3671629],[-64.6578079,32.367100499999985],[-64.6575913,32.36723109999999],[-64.6575054,32.3674561],[-64.6571701,32.3677719],[-64.6570723,32.367737700000006],[-64.6573301,32.3671832],[-64.6571943,32.3670671],[-64.6569812,32.3671426],[-64.656701,32.3670409],[-64.6562782,32.367171600000006],[-64.656206,32.3671077],[-64.6552092,32.3672993],[-64.6546008,32.3676477],[-64.6541161,32.36802229999999],[-64.6541058,32.3680978],[-64.6536727,32.3680208],[-64.6533341,32.36830969999999],[-64.6523338,32.3686291],[-64.6522822,32.3691734],[-64.6524197,32.36940279999999],[-64.6525194,32.369309900000005],[-64.6528168,32.3693375],[-64.6534286,32.369203899999995],[-64.6538686,32.3690167],[-64.6541144,32.369008],[-64.6544495,32.3689223],[-64.6547417,32.368877299999994],[-64.6551336,32.3687815],[-64.655498,32.3685217],[-64.6554771,32.3683608],[-64.6554154,32.36827050000001],[-64.6554825,32.36808320000001],[-64.65562,32.36799760000001],[-64.6557832,32.36795550000001],[-64.6560136,32.36796569999999],[-64.6562112,32.368051300000005],[-64.6564346,32.368502799999995],[-64.6567182,32.3686944],[-64.6568523,32.3686436],[-64.6571479,32.3687583],[-64.6573593,32.36871180000001],[-64.65744,32.36877009999999],[-64.6572596,32.369351999999985],[-64.656457,32.3694043],[-64.6555203,32.3698557],[-64.6552642,32.37008509999999],[-64.6553226,32.370227299999996],[-64.6557884,32.370191000000005],[-64.655964,32.37024809999998],[-64.6560698,32.370212],[-64.6562318,32.3702056],[-64.6561971,32.3703791],[-64.6564363,32.37054199999999],[-64.6564406,32.3705926],[-64.6563454,32.3707154],[-64.6563945,32.3707521],[-64.6564422,32.3708302],[-64.6564606,32.370932899999985],[-64.6564289,32.3710448],[-64.65653900000001,32.371158599999994],[-64.6564811,32.37125369999999],[-64.6561611,32.37141239999998],[-64.6557276,32.371374399999986],[-64.6557262,32.371496],[-64.6557832,32.3715744],[-64.6558675,32.3716238],[-64.6559843,32.37162670000001],[-64.6560909,32.37167459999999],[-64.6561665,32.3717559],[-64.6561892,32.37182359999999],[-64.6561235,32.37189519999999],[-64.6558932,32.371940200000004],[-64.6557111,32.371994],[-64.6555994,32.3719228],[-64.655571,32.371795199999994],[-64.655522,32.371769],[-64.6553364,32.37175299999999],[-64.6552625,32.37180519999999],[-64.6550579,32.3718227],[-64.6549651,32.37185749999999],[-64.6548276,32.37185170000001],[-64.6545251,32.371995399999996],[-64.6538995,32.3721246],[-64.6537569,32.3722277],[-64.6536985,32.3722465],[-64.6534097,32.37211009999999],[-64.653133,32.372080999999994],[-64.6527961,32.3719693],[-64.6525366,32.37203019999999],[-64.652351,32.3721377],[-64.6520588,32.3721333],[-64.6518233,32.37204479999999],[-64.6516051,32.3720331],[-64.6514933,32.372139100000005],[-64.6513507,32.3721986],[-64.6512132,32.3721986],[-64.6510723,32.3721072],[-64.6509159,32.37197069999999],[-64.6507491,32.3719286],[-64.650457,32.3719896],[-64.6501596,32.3719765],[-64.6498693,32.37202490000001],[-64.6498331,32.37205490000001],[-64.6497506,32.37205199999999],[-64.6497454,32.3719707],[-64.6496371,32.37189519999999],[-64.6495203,32.3717573],[-64.6491697,32.3716427],[-64.6490012,32.371467],[-64.6490854,32.3713596],[-64.6490614,32.3712812],[-64.6489789,32.371260899999996],[-64.6489531,32.37121590000001],[-64.6491284,32.371061999999995],[-64.6492264,32.37090959999999],[-64.649235,32.3707702],[-64.6493037,32.37062939999999],[-64.6497196,32.3704727],[-64.6499345,32.3702767],[-64.6501081,32.370090899999994],[-64.6501648,32.3698441],[-64.6500995,32.36969890000001],[-64.6498124,32.369443399999994],[-64.6495581,32.369459400000004],[-64.6495048,32.3695654],[-64.6492693,32.3696147],[-64.6491439,32.3699399],[-64.6487898,32.3698731],[-64.6483687,32.36953340000001],[-64.6482312,32.3692417],[-64.6483773,32.36855359999999],[-64.6480542,32.36838660000001],[-64.6474973,32.3683213],[-64.6474527,32.368173199999994],[-64.6475248,32.3680658],[-64.6474647,32.3679671],[-64.6473255,32.36796569999999],[-64.6472395,32.3678757],[-64.6473616,32.3673966],[-64.6486386,32.3671266],[-64.6489342,32.36698869999999],[-64.6489909,32.36675060000001],[-64.6488603,32.36662869999999],[-64.6492298,32.36642830000001],[-64.6493071,32.3660727],[-64.6495031,32.366013099999996],[-64.64973000000002,32.365667599999995],[-64.6496096,32.3653468],[-64.6494498,32.36524949999999],[-64.6492161,32.36489389999999],[-64.6491928,32.3644738],[-64.6493647,32.3638235],[-64.649344,32.3635767],[-64.6495915,32.3629379],[-64.6499559,32.36282469999998],[-64.6500384,32.3626504],[-64.64998,32.3624733],[-64.6500246,32.36205230000001],[-64.6504406,32.3615703],[-64.6506606,32.3615152],[-64.6512999,32.360678899999996],[-64.6516746,32.3601563],[-64.6517468,32.35999079999999],[-64.6519118,32.35984269999999],[-64.6520665,32.35985430000001],[-64.6521593,32.359944299999995],[-64.6521765,32.3600692],[-64.6521593,32.3601766],[-64.6522796,32.3602086],[-64.6525821,32.36072829999999],[-64.6530186,32.3610941],[-64.6533967,32.3613468],[-64.6538952,32.3614774],[-64.6541461,32.3616632],[-64.6544589,32.3616429],[-64.6547098,32.361558699999996],[-64.6549608,32.3616371],[-64.6553526,32.36144839999999],[-64.6556551,32.3612277],[-64.6559164,32.3611696],[-64.6561604,32.3611842],[-64.6564285,32.3610593],[-64.6566967,32.36101870000001],[-64.6569029,32.3610361],[-64.6571813,32.3609577],[-64.657422,32.360859],[-64.6575086,32.3608701],[-64.6575216,32.361288699999996],[-64.6577382,32.3614426],[-64.6580441,32.3614397],[-64.6582607,32.3613322],[-64.6582366,32.3611174],[-64.6583982,32.3610564],[-64.6584429,32.3612771],[-64.6587626,32.36125669999999],[-64.6589241,32.3611958],[-64.6592188,32.3612001],[-64.6593661,32.361103699999994],[-64.6594944,32.3609951],[-64.659615,32.360796],[-64.6595143,32.36078349999998],[-64.6595192,32.360721],[-64.659625,32.3607265],[-64.6597491,32.3604205],[-64.6601969,32.35852570000001],[-64.6604156,32.35799589999999],[-64.6606071,32.35698329999999],[-64.6605114,32.35674040000001],[-64.6603498,32.356421],[-64.6596142,32.3555877],[-64.6589714,32.3551347],[-64.658583,32.354913999999994],[-64.6584592,32.3547978],[-64.6582839,32.3549024],[-64.6581499,32.3550331],[-64.658033,32.35505630000001],[-64.6579314,32.35500720000001],[-64.6578164,32.3548704],[-64.6578132,32.35466890000001],[-64.6577585,32.3543905],[-64.6573091,32.35399439999998],[-64.6568156,32.35361399999999],[-64.6567233,32.3538744],[-64.6563177,32.3541155],[-64.6561252,32.3542026],[-64.6559396,32.354188099999995],[-64.6557674,32.354137900000005],[-64.655589,32.353973199999984],[-64.6555477,32.35378729999999],[-64.655589,32.353648],[-64.6560015,32.35337789999999],[-64.6560541,32.35330650000001],[-64.6561793,32.353226199999995],[-64.6563557,32.353180900000005],[-64.6565186,32.353035199999994],[-64.656495,32.35296120000001],[-64.6563885,32.35290999999999],[-64.6562284,32.353006199999996],[-64.6560324,32.3529568],[-64.6559237,32.352741400000006],[-64.6557723,32.3526536],[-64.6557789,32.352496599999995],[-64.6558949,32.352410899999995],[-64.6561974,32.35242540000001],[-64.6564071,32.35245739999999],[-64.6565768,32.352406],[-64.6566758,32.35228],[-64.65668930000001,32.35208519999999],[-64.6566812,32.3518591],[-64.6565612,32.351671],[-64.6563521,32.351719799999984],[-64.6562284,32.35160659999999],[-64.6561012,32.3513336],[-64.65612870000001,32.3511448],[-64.6564862,32.3508138],[-64.6561999,32.3505499],[-64.6552384,32.34982350000001],[-64.6542558,32.3494663],[-64.6538433,32.3493825],[-64.6537872,32.3493256],[-64.6538358,32.349122300000005],[-64.6536783,32.3489178],[-64.6533895,32.34865649999999],[-64.6532127,32.348624699999995],[-64.6531258,32.3487073],[-64.6530389,32.34864480000001],[-64.653039,32.348443],[-64.6530612,32.3483717],[-64.6529424,32.34825940000001],[-64.6529532,32.3481235],[-64.6530285,32.3480728],[-64.6530336,32.3479411],[-64.6529585,32.3478402],[-64.6524614,32.3477127],[-64.6523297,32.3473787],[-64.6525164,32.34724799999999],[-64.6525714,32.3469605],[-64.6524924,32.3468589],[-64.6526031,32.3466369],[-64.6527158,32.3466237],[-64.6527124,32.346493],[-64.6529323,32.34622869999998],[-64.6529495,32.3463565],[-64.6528533,32.34655690000001],[-64.653008,32.346461],[-64.6531661,32.3466121],[-64.6531248,32.3467689],[-64.6533242,32.346867599999996],[-64.6532555,32.34692569999999],[-64.6531489,32.3469634],[-64.6531145,32.3471319],[-64.6533002,32.347140599999996],[-64.6534617,32.3472132],[-64.6536576,32.3471406],[-64.6536955,32.3469925],[-64.6538433,32.347097],[-64.6538192,32.347309],[-64.6536851,32.34741650000001],[-64.6535923,32.3474252],[-64.6535379,32.347771800000004],[-64.6536083,32.347878599999994],[-64.6537445,32.3479156],[-64.6538514,32.347893],[-64.65393500000002,32.34789959999999],[-64.6540191,32.34798130000001],[-64.6539948,32.3480572],[-64.6538684,32.34814959999999],[-64.6538101,32.3483386],[-64.6538933,32.348455],[-64.654377,32.3486542],[-64.6544901,32.3485053],[-64.6545672,32.3485472],[-64.6545866,32.348696700000005],[-64.654757,32.3486565],[-64.6547797,32.3483954],[-64.6548418,32.3483951],[-64.6549262,32.3485213],[-64.6550144,32.348429900000006],[-64.6551123,32.34844180000001],[-64.6553027,32.3483789],[-64.6552415,32.348223],[-64.6555649,32.348162],[-64.6556635,32.34832659999999],[-64.6557302,32.34832],[-64.6557802,32.3479263],[-64.6559512,32.3479105],[-64.6560461,32.3479597],[-64.6560135,32.348134800000004],[-64.6560447,32.3482019],[-64.6560886,32.348186899999995],[-64.6561141,32.3481025],[-64.656143,32.3480753],[-64.6562764,32.348034500000004],[-64.6564668,32.3477972],[-64.6566942,32.3477156],[-64.6568306,32.3477533],[-64.6568336,32.3476482],[-64.6570019,32.3475468],[-64.6570972,32.347648199999995],[-64.6571834,32.347639699999995],[-64.6572132,32.3477258],[-64.6571682,32.347803400000004],[-64.6572031,32.347856099999994],[-64.6572534,32.347860600000004],[-64.6573707,32.34782489999999],[-64.6573922,32.3478612],[-64.6572413,32.3479903],[-64.6570683,32.3479456],[-64.6569825,32.3479966],[-64.6569148,32.3480827],[-64.6568336,32.34840370000001],[-64.6567337,32.34855629999999],[-64.6565711,32.3487446],[-64.6562482,32.3489596],[-64.6562362,32.3490287],[-64.6562389,32.34910459999998],[-64.6562777,32.34921],[-64.6564803,32.349508],[-64.6567807,32.3497051],[-64.6570838,32.349866000000006],[-64.65771000000001,32.3500643],[-64.6580037,32.3501096],[-64.658398,32.350113],[-64.65846510000002,32.3500677],[-64.6584886,32.350004199999994],[-64.6585006,32.3498008],[-64.6585207,32.34974189999999],[-64.65855230000001,32.3497051],[-64.6588024,32.349595799999996],[-64.658913,32.3495216],[-64.6589264,32.349476800000005],[-64.6588701,32.34933349999999],[-64.6586609,32.34908420000001],[-64.6583779,32.34895389999999],[-64.6583685,32.34890689999999],[-64.6584074,32.34887580000001],[-64.6585241,32.34886329999999],[-64.659365,32.348913200000005],[-64.6594733,32.34893350000001],[-64.6595474,32.34899810000001],[-64.6595688,32.3490469],[-64.6595688,32.3491103],[-64.6594602,32.34956240000001],[-64.65944280000001,32.3498099],[-64.659481,32.3498932],[-64.6595688,32.3499866],[-64.6595846,32.3500631],[-64.6596634,32.3501492],[-64.6596513,32.350305000000006],[-64.659662,32.3503486],[-64.6596862,32.35038260000001],[-64.6598203,32.35048629999999],[-64.6598401,32.350519099999985],[-64.6598766,32.3507497],[-64.6601522,32.3512505],[-64.6602032,32.351417],[-64.6602917,32.351565400000005],[-64.6605384,32.3518849],[-64.6612573,32.35261219999999],[-64.6613632,32.35276289999999],[-64.6614195,32.353021299999995],[-64.6613967,32.35312660000001],[-64.6614343,32.3532376],[-64.6617052,32.3535152],[-64.6617925,32.3536934],[-64.6617736,32.3538415],[-64.6618004,32.3539921],[-64.6618956,32.35410429999999],[-64.6619372,32.354248199999994],[-64.6620499,32.3543988],[-64.66232090000001,32.3545634],[-64.6623637,32.3546243],[-64.662369,32.35468209999999],[-64.6623362,32.3548248],[-64.6623416,32.354903],[-64.6623791,32.35495740000001],[-64.6624173,32.3549874],[-64.6626158,32.355050300000016],[-64.662856,32.3551973],[-64.6630916,32.35519730000001],[-64.6632498,32.3551035],[-64.6631589,32.35495569999999],[-64.6631522,32.354697],[-64.6632767,32.3546515],[-64.6633238,32.3547197],[-64.6635399,32.35482],[-64.6635661,32.35494150000001],[-64.6635123,32.35504949999999],[-64.66364020000002,32.35527979999999],[-64.66353250000002,32.355475999999996],[-64.6634594,32.3557199],[-64.66353450000001,32.35586030000001],[-64.66364020000002,32.355939400000004],[-64.6636136,32.356075499999996],[-64.66357,32.356071099999994],[-64.6635814,32.3562137],[-64.6634504,32.3564559],[-64.6634392,32.356664499999994],[-64.6639498,32.357440499999996],[-64.6641849,32.35774419999999],[-64.6644433,32.3579783],[-64.6647964,32.358180399999995],[-64.6656864,32.35859469999999],[-64.6659388,32.358824999999996],[-64.6673086,32.3594845],[-64.6677798,32.35963519999999],[-64.668399,32.3597489],[-64.6688674,32.3597279],[-64.6688124,32.3599649],[-64.6687272,32.3599669],[-64.6687165,32.35981509999999],[-64.6683232,32.359805499999986],[-64.6679036,32.3597354],[-64.6679816,32.35984],[-64.66851670000001,32.3601221],[-64.6689611,32.3604482],[-64.6694322,32.36073249999999],[-64.6699001,32.3609685],[-64.6700885,32.36095710000001],[-64.6702602,32.360886],[-64.6703847,32.3609514],[-64.6704385,32.361144700000004],[-64.6705294,32.3612585],[-64.6715121,32.361676300000006],[-64.6717309,32.3617019],[-64.6718891,32.3616792],[-64.6719968,32.3616337],[-64.6721415,32.36168769999998],[-64.6721819,32.3618242],[-64.6722492,32.361946399999994],[-64.6734991,32.3622912],[-64.6735552,32.3621442],[-64.6737081,32.362169099999996],[-64.673672,32.362330100000015],[-64.6744636,32.3623034],[-64.6753017,32.3624496],[-64.6754296,32.3623899],[-64.6755407,32.362304599999995],[-64.6756787,32.3623245],[-64.6757123,32.36238420000001],[-64.6756989,32.3625008],[-64.6757763,32.36255760000001],[-64.6779571,32.36306999999999],[-64.679761,32.3632313],[-64.6803063,32.36326110000001],[-64.6818861,32.3631931],[-64.6826854,32.36303910000001],[-64.6835679,32.36274459999999],[-64.6838012,32.362574599999995],[-64.6841204,32.3621102],[-64.6843843,32.3616315],[-64.6844485,32.361472699999986],[-64.6844699,32.36131999999999],[-64.6843725,32.360383799999994],[-64.6844604,32.35832270000001],[-64.684385,32.356911100000005],[-64.6843008,32.356913999999996],[-64.6842974,32.35683289999999],[-64.6843765,32.3568273],[-64.6843594,32.356533],[-64.6842119,32.3554193],[-64.6841072,32.3548966],[-64.6843256,32.35453199999999],[-64.6845796,32.3542124],[-64.6847416,32.35396599999999],[-64.6849584,32.3538218],[-64.6853962,32.3537216],[-64.6859566,32.353707],[-64.6862707,32.35378899999999],[-64.6864004,32.353992700000006],[-64.6864246,32.354463900000006],[-64.6867079,32.355166600000004],[-64.6867543,32.35586370000001],[-64.68688190000002,32.35660559999999],[-64.6868066,32.35710869999998],[-64.6869609,32.35839449999999],[-64.68732,32.3606748],[-64.6873927,32.3610363],[-64.6872224,32.36150489999999],[-64.687157,32.361838000000006],[-64.6872793,32.36215609999999],[-64.6874507,32.362473099999995],[-64.687749,32.362864],[-64.6880556,32.36318769999999],[-64.6883949,32.3634712],[-64.688758,32.3637482],[-64.6893698,32.3639936],[-64.6899274,32.3641651],[-64.6903244,32.3642557],[-64.6908662,32.364355399999994],[-64.6913222,32.364378],[-64.6920115,32.36445510000001],[-64.6929127,32.364455099999994],[-64.6931541,32.364441500000005],[-64.6936557,32.3643871],[-64.694109,32.36420590000001],[-64.6946964,32.364002000000006],[-64.6949031,32.36388839999999],[-64.6949371,32.3636808],[-64.6950608,32.3635869],[-64.6951921,32.3635841],[-64.6953671,32.36363099999999],[-64.6955522,32.3636267],[-64.6959123,32.36350019999999],[-64.6963565,32.3632685],[-64.6965601,32.3631136],[-64.6966291,32.36309369999999],[-64.6967318,32.36313489999999],[-64.6968008,32.363200299999995],[-64.6969203,32.36320599999999],[-64.6970885,32.363130600000005],[-64.6973223,32.3629258],[-64.6977474,32.362737800000005],[-64.6978694,32.362714],[-64.6979754,32.36271850000001],[-64.6980853,32.3627004],[-64.6982329,32.362646],[-64.6988082,32.36234350000001],[-64.6989799,32.362213299999986],[-64.6990724,32.36208640000001],[-64.699155,32.3620063],[-64.6994224,32.361797499999994],[-64.6995571,32.36157279999999],[-64.6993384,32.3613113],[-64.6993367,32.3610639],[-64.6992391,32.3611094],[-64.6989076,32.36213],[-64.6984936,32.36242419999999],[-64.6983607,32.36242990000001],[-64.6982429,32.362307699999995],[-64.6978693,32.362370199999994],[-64.6965699,32.36288189999999],[-64.6959994,32.36316670000001],[-64.6956099,32.36325389999998],[-64.6949379,32.36315110000001],[-64.6944955,32.3632432],[-64.6942059,32.36324589999999],[-64.6938995,32.363297],[-64.6937827,32.3632519],[-64.6935758,32.3630844],[-64.6934856,32.362942499999996],[-64.69333,32.36287179999999],[-64.6932701,32.36273789999999],[-64.6932993,32.3625942],[-64.6934412,32.3624895],[-64.6936609,32.3625189],[-64.6938859,32.3624854],[-64.6941397,32.3623812],[-64.694977,32.36165489999999],[-64.6952106,32.361640599999994],[-64.69555390000001,32.36122890000001],[-64.6966248,32.3603546],[-64.6972639,32.3596878],[-64.6973603,32.359545999999995],[-64.6974908,32.3592735],[-64.6976627,32.3590558],[-64.6979663,32.3588355],[-64.6983215,32.358719099999995],[-64.6986857,32.35876499999999],[-64.6991556,32.358921699999996],[-64.6996975,32.3591748],[-64.7002158,32.359604000000004],[-64.7008148,32.3593368],[-64.7009461,32.359123600000004],[-64.7018392,32.3586699],[-64.702671,32.3583896],[-64.7032734,32.35839820000001],[-64.7037362,32.35850069999999],[-64.7042491,32.3584432],[-64.7048494,32.35847609999999],[-64.7048883,32.35854590000001],[-64.704706,32.35875739999999],[-64.7054367,32.359003],[-64.7056316,32.3587478],[-64.7057283,32.358745600000006],[-64.7059906,32.3589512],[-64.7057724,32.35923970000001],[-64.70577430000002,32.359437],[-64.7069365,32.36190989999999],[-64.7070168,32.36282659999999],[-64.7070969,32.3632136],[-64.70709440000002,32.363470299999996]],[[-64.6598893,32.35418020000001],[-64.6598411,32.35423459999999],[-64.6598196,32.3543229],[-64.6598706,32.35437509999999],[-64.6601254,32.35445210000001],[-64.6601146,32.3541303],[-64.6599939,32.354134900000005],[-64.6598893,32.35418020000001]],[[-64.7035792,32.359059699999996],[-64.7035139,32.359195799999995],[-64.7035384,32.3592227],[-64.7035729,32.35923050000001],[-64.7036542,32.3592013],[-64.7037544,32.35906769999999],[-64.7037531,32.3590252],[-64.7037302,32.358998299999996],[-64.703654,32.358989400000006],[-64.7035792,32.359059699999996]],[[-64.7051972,32.3609547],[-64.7049934,32.360995499999994],[-64.70501480000001,32.36120389999999],[-64.7052294,32.36133989999998],[-64.7058141,32.3625089],[-64.7059482,32.36252249999998],[-64.7060394,32.3624274],[-64.705326,32.36096379999999],[-64.7051972,32.3609547]],[[-64.651746,32.36370899999999],[-64.6517475,32.36368079999999],[-64.6516935,32.363677200000005],[-64.6516917,32.3637231],[-64.6517325,32.3638314],[-64.6518208,32.363802699999994],[-64.651746,32.36370899999999]],[[-64.6489059,32.368697499999996],[-64.6490494,32.36883129999999],[-64.6492631,32.368861],[-64.6493524,32.3689014],[-64.6494094,32.368790099999984],[-64.6491541,32.3687223],[-64.6490075,32.368552199999996],[-64.6488764,32.3684305],[-64.6487805,32.3684662],[-64.6488171,32.368677399999996],[-64.6489059,32.368697499999996]]]}},{"type":"Feature","properties":{"area_m2":5329.86,"protected":true,"render":true},"geometry":{"type":"Polygon","coordinates":[[[-64.7136944,32.3614939],[-64.7137034,32.36151819999999],[-64.7139023,32.36156059999998],[-64.7139991,32.3616438],[-64.7141067,32.361698299999986],[-64.7141819,32.3617592],[-64.7142142,32.3618458],[-64.7142053,32.3619588],[-64.714173,32.3620723],[-64.7141264,32.36216470000001],[-64.7140404,32.3622495],[-64.7139812,32.3622616],[-64.7138826,32.36232819999999],[-64.7138199,32.36233429999999],[-64.7136944,32.36227219999999],[-64.7135689,32.3621829],[-64.713456,32.36203750000001],[-64.7134094,32.361939099999994],[-64.7133787,32.3616645],[-64.7134452,32.3615666],[-64.7135187,32.361528799999995],[-64.7136119,32.3615166],[-64.7136639,32.3613834],[-64.7137052,32.361369800000006],[-64.7137231,32.361391000000005],[-64.7137267,32.3614409],[-64.7136944,32.3614939]]]}},{"type":"Feature","properties":{"area_m2":1234.0,"protected":true,"render":true},"geometry":{"type":"Polygon","coordinates":[[[-64.7081325,32.364803300000005],[-64.7081552,32.36462900000001],[-64.7082112,32.364544800000004],[-64.7083328,32.3644475],[-64.7084542,32.3643957],[-64.7085578,32.364415399999984],[-64.7086063,32.36446949999999],[-64.7086063,32.36452859999999],[-64.7084966,32.36466829999999],[-64.7083772,32.36473389999999],[-64.7082881,32.364760399999994],[-64.70824610000001,32.3648151],[-64.7081902,32.36483429999999],[-64.7081325,32.364803300000005]]]}},{"type":"Feature","properties":{"area_m2":4364.54,"protected":true,"render":true},"geometry":{"type":"Polygon","coordinates":[[[-64.6931172,32.376279399999994],[-64.6930186,32.37630360000001],[-64.6929406,32.3762953],[-64.692885,32.37626429999999],[-64.6928617,32.376211299999994],[-64.692859,32.3760523],[-64.6928886,32.3759509],[-64.6929684,32.375904699999985],[-64.6930401,32.37576849999999],[-64.6931172,32.37567010000001],[-64.6932686,32.375592100000006],[-64.6934326,32.3755649],[-64.693697,32.37560799999999],[-64.6937526,32.37565949999999],[-64.693775,32.375724600000005],[-64.6936388,32.3759411],[-64.6933771,32.3761545],[-64.6932391,32.3762052],[-64.6931172,32.376279399999994]]]}},{"type":"Feature","properties":{"area_m2":2890814.52,"protected":true,"render":true},"geometry":{"type":"Polygon","coordinates":[[[-64.6921288,32.3780867],[-64.6922517,32.37803739999999],[-64.692324,32.3778405],[-64.6922999,32.377734499999995],[-64.6919995,32.3773192],[-64.6919349,32.3771811],[-64.6919488,32.37706969999999],[-64.6920223,32.3769745],[-64.6921351,32.3768813],[-64.6922948,32.3768096],[-64.6924229,32.3768118],[-64.6926371,32.3768813],[-64.69303630000002,32.3770847],[-64.6932607,32.3771072],[-64.6935522,32.3771885],[-64.6936523,32.377077199999995],[-64.6938843,32.3767015],[-64.6940124,32.376550200000004],[-64.6943761,32.3763493],[-64.6949579,32.376224099999995],[-64.69535900000001,32.37604240000001],[-64.6955054,32.3756674],[-64.695688,32.3752778],[-64.6957691,32.375222099999995],[-64.6957856,32.37516],[-64.6958502,32.37509359999999],[-64.6958388,32.3749705],[-64.6956525,32.37485709999999],[-64.6956056,32.374795],[-64.6955118,32.37479930000001],[-64.695385,32.374658999999994],[-64.6952709,32.374742499999996],[-64.695181,32.3747564],[-64.695077,32.3746911],[-64.6949832,32.374663299999995],[-64.6948653,32.374650499999994],[-64.6946625,32.37449519999999],[-64.6946575,32.37443100000001],[-64.6945282,32.3744289],[-64.6944737,32.3744985],[-64.6943723,32.37452090000001],[-64.6942772,32.374444899999986],[-64.6942138,32.37443209999999],[-64.6939464,32.37424800000001],[-64.6937499,32.3741388],[-64.6935763,32.3741131],[-64.6934191,32.3741495],[-64.6933139,32.374135599999995],[-64.69323240000001,32.3740194],[-64.693154,32.373986399999986],[-64.6930526,32.3739994],[-64.6929159,32.3739311],[-64.6928602,32.37395360000001],[-64.6928373,32.3738893],[-64.6926548,32.3738508],[-64.692376,32.37372980000001],[-64.6922644,32.3737288],[-64.6922226,32.37369669999999],[-64.6921871,32.373623899999984],[-64.6921415,32.37362809999999],[-64.69214780000001,32.373773699999994],[-64.6921123,32.37387329999999],[-64.6920591,32.3739429],[-64.6919475,32.37397390000001],[-64.6918436,32.3739825],[-64.69167120000002,32.37387009999999],[-64.6915774,32.37376619999999],[-64.6914862,32.3737737],[-64.6913379,32.37387759999999],[-64.6912137,32.3739985],[-64.6911782,32.3741409],[-64.6911832,32.3742148],[-64.6911186,32.374229799999995],[-64.6911085,32.37419340000001],[-64.6909069,32.374358199999996],[-64.6906724,32.3744503],[-64.6905216,32.3745627],[-64.6904264,32.37458230000001],[-64.6903961,32.37455839999999],[-64.690353,32.37456160000001],[-64.6900767,32.374324],[-64.6899639,32.374317500000004],[-64.6897763,32.37433359999999],[-64.6894062,32.37442029999999],[-64.68924520000002,32.374401000000006],[-64.6890247,32.37429079999999],[-64.6888434,32.37414299999998],[-64.6888143,32.3740424],[-64.6886989,32.3739943],[-64.688647,32.37390649999999],[-64.6886647,32.3737598],[-64.6887255,32.3736153],[-64.6886761,32.3735875],[-64.6887332,32.37348469999998],[-64.6886989,32.37325880000001],[-64.6886558,32.37318500000001],[-64.6886787,32.3731785],[-64.688723,32.373035099999996],[-64.6886926,32.3729751],[-64.688538,32.3729462],[-64.6883161,32.37278669999999],[-64.6882769,32.3727321],[-64.6882756,32.37251909999999],[-64.688235,32.3724913],[-64.6883706,32.372292099999996],[-64.6884416,32.37226319999999],[-64.68876860000002,32.3719721],[-64.6887851,32.371884300000005],[-64.6890247,32.371759000000004],[-64.6894113,32.37166479999999],[-64.6896242,32.37167339999999],[-64.6898397,32.3717333],[-64.6899829,32.3718532],[-64.6900438,32.3719731],[-64.6900767,32.37212300000001],[-64.6900868,32.372319999999995],[-64.69034670000002,32.3724784],[-64.6905001,32.372622899999996],[-64.690988,32.37283699999999],[-64.691059,32.37277279999999],[-64.6911528,32.3727664],[-64.6914399,32.37295999999999],[-64.6916607,32.3730223],[-64.6917096,32.373001],[-64.6917131,32.372648600000005],[-64.6917093,32.3725277],[-64.6916484,32.3723949],[-64.6916649,32.3720823],[-64.6917787,32.371957],[-64.691945,32.37184469999999],[-64.6921237,32.37183069999999],[-64.6924893,32.3718662],[-64.6927168,32.37162759999999],[-64.6928194,32.371447700000004],[-64.6927473,32.371227],[-64.69285,32.3711838],[-64.6928644,32.3712097],[-64.6928985,32.3711956],[-64.6928682,32.3711351],[-64.6929547,32.371107800000004],[-64.6929881,32.37116989999999],[-64.6930769,32.371129599999996],[-64.693376,32.37107819999999],[-64.6935763,32.3710642],[-64.6936866,32.37114349999999],[-64.6938184,32.37120980000001],[-64.6939844,32.371360800000005],[-64.69414,32.371379999999995],[-64.6943431,32.37144109999999],[-64.6944534,32.3713404],[-64.6946182,32.3712858],[-64.694532,32.371151],[-64.6944851,32.3711831],[-64.6943685,32.3711777],[-64.6942798,32.371049299999996],[-64.6942709,32.3709765],[-64.6942189,32.3708972],[-64.6941809,32.3707741],[-64.6942126,32.370679899999985],[-64.694276,32.370629599999994],[-64.6944065,32.3706007],[-64.6945206,32.3706146],[-64.6948203,32.3705338],[-64.6949678,32.37045],[-64.6950504,32.3703481],[-64.6951391,32.3702924],[-64.6953656,32.370301100000006],[-64.6955286,32.3702388],[-64.6954963,32.37016690000001],[-64.6957894,32.3700888],[-64.6958155,32.370175999999994],[-64.6963044,32.37007119999999],[-64.6965149,32.3699976],[-64.6966715,32.369883400000006],[-64.6967965,32.3697399],[-64.6968837,32.369665100000006],[-64.69713000000002,32.369540099999995],[-64.6972419,32.36952589999999],[-64.6973123,32.369554799999996],[-64.6973424,32.369611299999995],[-64.6973762,32.3698079],[-64.6974587,32.3699627],[-64.6977548,32.370223],[-64.6979143,32.3703232],[-64.697966,32.3704042],[-64.6982298,32.37108580000001],[-64.6982516,32.371124599999995],[-64.6983111,32.37117409999999],[-64.69843000000002,32.3710669],[-64.6983529,32.37078880000001],[-64.6983301,32.3705923],[-64.6982737,32.3704553],[-64.6982914,32.3703504],[-64.6982445,32.3702948],[-64.6983067,32.3702284],[-64.6983776,32.370269099999994],[-64.6984689,32.37020160000001],[-64.6984854,32.3700667],[-64.698588,32.3700282],[-64.6986007,32.369934],[-64.6985576,32.369936200000005],[-64.6985018,32.36972630000001],[-64.6984626,32.36946189999998],[-64.6984866,32.3693216],[-64.6985513,32.369190999999994],[-64.6987592,32.3691525],[-64.6989062,32.3690154],[-64.6992028,32.3689255],[-64.6994639,32.368812],[-64.700161,32.3687714],[-64.7002751,32.36866],[-64.7004196,32.3686172],[-64.7005666,32.3685273],[-64.7008227,32.3684737],[-64.7009621,32.36832389999999],[-64.7012866,32.36823609999999],[-64.7015451,32.3680477],[-64.7017834,32.3680134],[-64.7031011,32.3679859],[-64.7036187,32.36794509999999],[-64.7037703,32.3679756],[-64.7038735,32.3681002],[-64.7040845,32.3679985],[-64.7042075,32.3678919],[-64.7044945,32.36755540000001],[-64.7047337,32.3673087],[-64.7049036,32.3670682],[-64.70501720000001,32.36698229999999],[-64.7051607,32.36699229999999],[-64.7053047,32.3670242],[-64.7054672,32.3670957],[-64.7057185,32.36705820000001],[-64.7059456,32.3670582],[-64.7061051,32.3670083],[-64.70625,32.366929],[-64.7063251,32.3668044],[-64.7063251,32.36668999999999],[-64.7062772,32.36660489999999],[-64.7062527,32.366454399999995],[-64.7063023,32.3662437],[-64.7063559,32.3661588],[-64.7064015,32.366118],[-64.7066121,32.3659979],[-64.7067113,32.3659209],[-64.7067985,32.36588119999999],[-64.7068656,32.3658744],[-64.7069192,32.36588689999999],[-64.7070251,32.365962799999984],[-64.7072146,32.366065899999995],[-64.7073473,32.3661189],[-64.7074064,32.3662006],[-64.7075427,32.366237],[-64.707756,32.366197299999996],[-64.7081091,32.3661688],[-64.7086702,32.3662915],[-64.7087544,32.3663354],[-64.7088924,32.3662582],[-64.7089874,32.36610069999999],[-64.7090945,32.3659786],[-64.7091575,32.3656411],[-64.7092755,32.3655255],[-64.7094512,32.365446199999994],[-64.7100064,32.3653862],[-64.7102545,32.36532619999999],[-64.7105066,32.36529560000001],[-64.7111101,32.365390700000006],[-64.7111705,32.3653556],[-64.7111953,32.3652973],[-64.7111926,32.3652418],[-64.7109962,32.3647133],[-64.7109787,32.3646216],[-64.7109962,32.36455019999999],[-64.7110578,32.3644732],[-64.7111598,32.364383700000005],[-64.7115152,32.3641492],[-64.71181420000002,32.364062],[-64.7119081,32.36401099999999],[-64.7120878,32.363799199999995],[-64.7122058,32.3636066],[-64.7121938,32.36356919999999],[-64.7121549,32.36354540000001],[-64.711641,32.36362100000001],[-64.7112771,32.36360429999999],[-64.7107574,32.363674599999996],[-64.7107226,32.3636417],[-64.7107252,32.3636032],[-64.7107601,32.3635579],[-64.7112966,32.3634072],[-64.7113757,32.363348300000006],[-64.7115178,32.36329059999999],[-64.7116372,32.363282600000005],[-64.7119014,32.3631988],[-64.7120449,32.363175],[-64.7120583,32.363219199999996],[-64.712175,32.36322830000001],[-64.712242,32.3631252],[-64.7124043,32.3626834],[-64.7124647,32.3626052],[-64.7125465,32.362586],[-64.7126524,32.362603],[-64.7127315,32.362632399999995],[-64.7128174,32.362705999999996],[-64.7129636,32.3627695],[-64.71312180000001,32.36278759999999],[-64.7134772,32.362761600000006],[-64.7136207,32.362725299999994],[-64.7139989,32.36250210000001],[-64.7141263,32.362495300000006],[-64.7143395,32.3625146],[-64.7149551,32.3624047],[-64.7150785,32.3623254],[-64.715108,32.3622291],[-64.715175,32.3622099],[-64.7152542,32.362214400000006],[-64.7153494,32.3621816],[-64.7154312,32.3621408],[-64.7154969,32.3620728],[-64.7155103,32.3619878],[-64.71549960000002,32.3618259],[-64.7155358,32.361793],[-64.7156256,32.36178389999999],[-64.7157396,32.3618338],[-64.7158695,32.3618434],[-64.7158982,32.36181919999999],[-64.7161653,32.3618797],[-64.7161707,32.36193120000001],[-64.7162083,32.3619343],[-64.7162334,32.361959999999996],[-64.7162316,32.3620175],[-64.7162657,32.362055399999996],[-64.7162054,32.3621218],[-64.7161122,32.3621461],[-64.716071,32.362193],[-64.7159903,32.3621763],[-64.7159383,32.3622732],[-64.7157877,32.362314100000006],[-64.7156659,32.36252309999999],[-64.715639,32.36265329999999],[-64.7155063,32.362769899999996],[-64.7155099,32.3629046],[-64.7154346,32.36303180000001],[-64.7153002,32.36311810000001],[-64.7151245,32.36343299999999],[-64.7150654,32.363466300000006],[-64.7150295,32.3635723],[-64.7148538,32.3637116],[-64.7148646,32.3638751],[-64.7148395,32.36397960000001],[-64.7147302,32.364041699999994],[-64.7146352,32.364022],[-64.7144882,32.364019],[-64.7143824,32.3639645],[-64.71435550000001,32.363881199999994],[-64.7142408,32.3638237],[-64.7140848,32.3638252],[-64.7139558,32.36374339999999],[-64.7138657,32.3637219],[-64.7137945,32.3637692],[-64.7136977,32.3638994],[-64.7134838,32.36401999999999],[-64.713332,32.364047799999994],[-64.7131527,32.36403260000001],[-64.7130344,32.36397660000001],[-64.7128946,32.363955399999995],[-64.7127172,32.363988699999986],[-64.7125791,32.3641083],[-64.712502,32.3643021],[-64.7124554,32.364509500000004],[-64.71246800000002,32.3647079],[-64.7125379,32.3648411],[-64.7128509,32.3650475],[-64.7130769,32.36528479999999],[-64.7131599,32.36534989999999],[-64.7133163,32.3654168],[-64.71342440000001,32.3654132],[-64.7139773,32.3652999],[-64.7140651,32.36536050000001],[-64.7141458,32.3654619],[-64.714153,32.36551339999999],[-64.7138805,32.36573750000001],[-64.7136815,32.365878300000006],[-64.7136134,32.3658737],[-64.713531,32.366022099999995],[-64.7136027,32.3662659],[-64.7135865,32.3663204],[-64.7136421,32.3663567],[-64.7136475,32.366417299999995],[-64.7135327,32.366608],[-64.713384,32.366685200000006],[-64.7132442,32.3666762],[-64.7131043,32.366783700000006],[-64.7130703,32.3668745],[-64.7127387,32.36699259999999],[-64.7127118,32.36720760000001],[-64.7123479,32.367390799999995],[-64.7120629,32.36749520000001],[-64.7119338,32.36764059999999],[-64.7118281,32.36768599999999],[-64.7117546,32.3677496],[-64.7116165,32.36776629999999],[-64.7113602,32.3679964],[-64.7110429,32.3680872],[-64.711077,32.36816749999999],[-64.7109515,32.3681932],[-64.7108332,32.3683386],[-64.710749,32.3683037],[-64.7106265,32.368381199999995],[-64.7104855,32.36844609999999],[-64.7104335,32.368535399999985],[-64.709867,32.36873520000001],[-64.7097738,32.3688276],[-64.7095892,32.3689366],[-64.7094512,32.36893659999999],[-64.709245,32.36905469999999],[-64.7090263,32.36905920000001],[-64.7089098,32.36919549999998],[-64.7087109,32.3692061],[-64.7085477,32.36925759999999],[-64.7080889,32.369587599999996],[-64.7079383,32.3696285],[-64.7078899,32.36973599999999],[-64.7077339,32.3697451],[-64.7076282,32.3698223],[-64.7074758,32.369813199999996],[-64.7071496,32.36992670000001],[-64.7066728,32.3701039],[-64.7065473,32.3702023],[-64.7062856,32.3703219],[-64.7062121,32.37031129999999],[-64.7056044,32.370585299999995],[-64.7053714,32.3706519],[-64.7053517,32.3707291],[-64.7051186,32.370909299999994],[-64.70475480000002,32.371153099999994],[-64.7045952,32.3711758],[-64.7045415,32.3712318],[-64.7043246,32.3712651],[-64.7042403,32.37131500000001],[-64.704079,32.371327199999996],[-64.703859,32.3715824],[-64.703418,32.3718004],[-64.703332,32.37192149999999],[-64.7031886,32.371973],[-64.7031025,32.37213049999999],[-64.7029197,32.3723061],[-64.7027369,32.37235760000001],[-64.7026687,32.37231210000001],[-64.7024608,32.37238479999999],[-64.7024787,32.37248470000001],[-64.7022385,32.3725968],[-64.7021955,32.3727482],[-64.7021131,32.37276930000001],[-64.7020808,32.37296920000001],[-64.70188,32.37310850000001],[-64.7016757,32.3731781],[-64.7014928,32.3731872],[-64.7013773,32.373462],[-64.7010613,32.373512299999994],[-64.7009374,32.37361899999999],[-64.7008798,32.37377759999999],[-64.7005428,32.373983499999994],[-64.7000911,32.3743559],[-64.6996716,32.37450429999999],[-64.6995836,32.3744031],[-64.6995037,32.3743956],[-64.6994771,32.37446740000001],[-64.6994543,32.37463650000001],[-64.6993056,32.374828],[-64.6988718,32.3751838],[-64.6986044,32.37528599999999],[-64.698422,32.3754446],[-64.6979928,32.37566209999999],[-64.6978211,32.37572099999999],[-64.6976388,32.37581159999999],[-64.6971613,32.376165],[-64.6969843,32.37620569999999],[-64.6967996,32.3762162],[-64.6964639,32.3763077],[-64.6961501,32.3764255],[-64.6958873,32.3766067],[-64.6957102,32.376769799999984],[-64.6956083,32.37698949999999],[-64.6954796,32.377039399999994],[-64.6953012,32.37702960000001],[-64.6951202,32.37710279999999],[-64.6950236,32.37720019999998],[-64.6949431,32.37724099999999],[-64.6948332,32.3772426],[-64.6947113,32.37730169999999],[-64.694611,32.3774712],[-64.6945948,32.3775999],[-64.694498,32.37772709999999],[-64.69418,32.37784919999999],[-64.694062,32.377851400000004],[-64.6937871,32.3777246],[-64.6937227,32.3777336],[-64.6936852,32.37777899999999],[-64.6936731,32.37790470000001],[-64.6937004,32.378101],[-64.6936824,32.378182699999996],[-64.6936269,32.3782206],[-64.6934827,32.37821949999999],[-64.6934136,32.378166099999994],[-64.6931895,32.37810100000001],[-64.6930388,32.37810289999999],[-64.6929332,32.37813279999999],[-64.6928561,32.37819789999999],[-64.6928525,32.3783644],[-64.6929234,32.3784529],[-64.6928711,32.37860460000001],[-64.6926954,32.3787213],[-64.6923669,32.3787439],[-64.6922515,32.3788119],[-64.6922046,32.3789014],[-64.6921322,32.3789523],[-64.692041,32.37894669999999],[-64.6920048,32.3788912],[-64.6919954,32.3788277],[-64.6918747,32.37878239999999],[-64.691758,32.3788085],[-64.69161050000001,32.3789603],[-64.6914187,32.3790735],[-64.6913208,32.3791924],[-64.6913543,32.3792513],[-64.6914603,32.3793102],[-64.6914885,32.37935829999999],[-64.6914589,32.379416],[-64.6912967,32.3795379],[-64.6911532,32.379596799999995],[-64.6908809,32.37956390000001],[-64.6906663,32.3796126],[-64.690551,32.379686199999995],[-64.6903271,32.3799071],[-64.6901098,32.3799977],[-64.690032,32.3800498],[-64.6893476,32.3803957],[-64.6890834,32.380621899999994],[-64.6886807,32.3808294],[-64.6885005,32.38095130000001],[-64.68821080000001,32.3810963],[-64.6878822,32.38123329999999],[-64.6877763,32.381324],[-64.6876722,32.381444],[-64.68735650000002,32.38162750000001],[-64.6872103,32.3817668],[-64.6871164,32.381773599999995],[-64.68708160000001,32.3817996],[-64.6869917,32.3818846],[-64.6866886,32.38228550000001],[-64.6865331,32.3824214],[-64.6863869,32.3825211],[-64.6862382,32.382572999999994],[-64.6860359,32.38273599999999],[-64.6858699,32.382799899999995],[-64.68566,32.3829255],[-64.6856117,32.3829843],[-64.6853864,32.383393100000006],[-64.6852139,32.383523800000006],[-64.6849646,32.38362670000001],[-64.684863,32.3838202],[-64.6847494,32.38388569999999],[-64.6846598,32.383895800000005],[-64.6844396,32.38396170000001],[-64.68433,32.384026799999994],[-64.6843323,32.38407490000001],[-64.6844178,32.38415630000001],[-64.6843947,32.384192199999994],[-64.6843328,32.38421319999999],[-64.6842679,32.384210800000005],[-64.6841526,32.3842652],[-64.6841043,32.3843807],[-64.6841423,32.3845457],[-64.6839635,32.38470569999999],[-64.6836108,32.38488920000001],[-64.68345,32.38501999999998],[-64.6833627,32.3851474],[-64.6833104,32.385308200000004],[-64.683246,32.38536369999999],[-64.6830373,32.38546010000001],[-64.6828558,32.3856333],[-64.682723,32.3856978],[-64.6826667,32.3858201],[-64.6826023,32.38590730000001],[-64.682503,32.3859889],[-64.6824038,32.386108699999994],[-64.6823006,32.3861803],[-64.6822457,32.386172600000016],[-64.6822209,32.3861859],[-64.6822627,32.38627519999999],[-64.682217,32.386337],[-64.682042,32.3864362],[-64.6818696,32.3865851],[-64.681752,32.3867462],[-64.6813782,32.386960699999996],[-64.6812304,32.3871791],[-64.680957,32.3872664],[-64.6809792,32.3873428],[-64.6809145,32.38736779999999],[-64.6808591,32.3873335],[-64.6806208,32.387464499999986],[-64.6804324,32.387516000000005],[-64.6804269,32.3875815],[-64.6802163,32.38769069999999],[-64.6799485,32.38774999999999],[-64.679893,32.38781389999999],[-64.6798339,32.387807699999996],[-64.6791893,32.388005799999995],[-64.679036,32.387966799999994],[-64.6789177,32.387966799999994],[-64.6788254,32.38804629999999],[-64.678842,32.3881103],[-64.6788124,32.388163299999995],[-64.678709,32.3881836],[-64.6787459,32.388256899999995],[-64.6786702,32.3883146],[-64.6787016,32.3883536],[-64.6787053,32.388397299999994],[-64.6786443,32.3885346],[-64.6787367,32.3887093],[-64.678842,32.388833999999996],[-64.67889,32.388859000000004],[-64.6788457,32.3891117],[-64.6788919,32.3893581],[-64.6787773,32.38951409999999],[-64.678576,32.38955779999999],[-64.678419,32.389507900000005],[-64.6782749,32.38952189999999],[-64.678129,32.3895843],[-64.6779443,32.3896124],[-64.6778168,32.38967319999999],[-64.6777023,32.38977620000001],[-64.677863,32.389975799999995],[-64.6778593,32.3900195],[-64.6777466,32.3900897],[-64.677682,32.3900678],[-64.6776339,32.3900055],[-64.6776967,32.3899477],[-64.677658,32.389889999999994],[-64.6775674,32.3898651],[-64.6774899,32.38980420000001],[-64.6774363,32.3897107],[-64.6774308,32.389651400000005],[-64.6774945,32.38959289999999],[-64.6775,32.3895695],[-64.6774677,32.3894798],[-64.6774815,32.3894455],[-64.6775905,32.38932539999999],[-64.6777937,32.3892379],[-64.6779347,32.38922579999999],[-64.6779831,32.3891089],[-64.678034,32.38908790000001],[-64.6781045,32.388875],[-64.6780431,32.3887989],[-64.6779609,32.3887383],[-64.6778681,32.3887526],[-64.6777754,32.3886975],[-64.6776239,32.388704100000005],[-64.6775416,32.3886556],[-64.6771406,32.3886489],[-64.6770792,32.388687499999996],[-64.6769603,32.3886423],[-64.6768767,32.3886644],[-64.6768141,32.388633500000005],[-64.6766377,32.38865779999999],[-64.6766234,32.3887173],[-64.6763438,32.3887317],[-64.6763086,32.3888232],[-64.6763491,32.38892359999999],[-64.6763256,32.38898640000001],[-64.6765241,32.389203699999996],[-64.6769081,32.3894938],[-64.6769786,32.389513699999995],[-64.6771145,32.38968680000001],[-64.6771452,32.3897648],[-64.6771314,32.389840099999994],[-64.677057,32.3899681],[-64.6770074,32.39002320000001],[-64.6770309,32.3900872],[-64.6770113,32.390129099999996],[-64.6768859,32.39009599999999],[-64.6768062,32.390146699999995],[-64.6767814,32.3902394],[-64.6767383,32.3902659],[-64.6766482,32.390250400000006],[-64.6765371,32.3903365],[-64.6763882,32.39038610000001],[-64.6762629,32.3903585],[-64.6760656,32.390396],[-64.6760591,32.3903276],[-64.6758762,32.390257000000005],[-64.6758645,32.3902063],[-64.6758175,32.3902339],[-64.6757156,32.39020959999999],[-64.6755641,32.3902615],[-64.675389,32.3903596],[-64.6752401,32.390471000000005],[-64.6751996,32.39080519999999],[-64.6750756,32.39095960000001],[-64.674928,32.390989399999995],[-64.6748391,32.39093200000001],[-64.6746811,32.390868099999985],[-64.6744747,32.39093869999999],[-64.6741351,32.3909751],[-64.6737448,32.3907887],[-64.6736598,32.39070439999999],[-64.6737041,32.390595299999994],[-64.6738076,32.390542199999985],[-64.6739277,32.3905188],[-64.6740419,32.3904163],[-64.67416960000001,32.3903319],[-64.6742447,32.3902154],[-64.6742677,32.389764],[-64.6742045,32.389434],[-64.6740766,32.388950599999994],[-64.6737141,32.388757299999995],[-64.6733359,32.3884874],[-64.6730985,32.38835559999999],[-64.6730108,32.3882121],[-64.6727245,32.3880717],[-64.6723343,32.38763780000001],[-64.6723814,32.3875573],[-64.6721815,32.38743039999999],[-64.6721946,32.38738740000001],[-64.67202610000001,32.38729589999999],[-64.6717609,32.387036699999996],[-64.67171910000002,32.3868083],[-64.6714906,32.386676],[-64.6714344,32.38642999999999],[-64.6715757,32.38631960000001],[-64.6714926,32.3862618],[-64.6714188,32.38629689999999],[-64.6713129,32.3863164],[-64.6710439,32.38633740000001],[-64.6702034,32.386029300000004],[-64.6700844,32.3857646],[-64.6699154,32.3856514],[-64.669768,32.3856093],[-64.6693549,32.38521199999999],[-64.669202,32.38501489999999],[-64.6690249,32.3849923],[-64.6680008,32.38407759999999],[-64.6678797,32.38365979999999],[-64.6679185,32.38360039999999],[-64.6680003,32.383568699999984],[-64.6679574,32.38350410000001],[-64.6673802,32.38337670000001],[-64.667138,32.38300579999999],[-64.6670995,32.382822],[-64.6671917,32.382796299999995],[-64.6672896,32.382697699999994],[-64.6672552,32.382622000000005],[-64.6672,32.38258499999999],[-64.6670197,32.38264],[-64.6669427,32.38263499999999],[-64.6668269,32.3825392],[-64.666788,32.3824678],[-64.6667732,32.3823648],[-64.6668403,32.38224929999999],[-64.6669462,32.3821269],[-64.6669221,32.3820284],[-64.6668003,32.3819762],[-64.6664284,32.3818647],[-64.6661353,32.3817193],[-64.6658499,32.381269999999994],[-64.6657469,32.3810105],[-64.6653743,32.3804492],[-64.6652679,32.38041719999999],[-64.6650748,32.3804764],[-64.6651425,32.38056099999999],[-64.6651955,32.38066700000001],[-64.6651994,32.3807585],[-64.6650118,32.3807891],[-64.6650197,32.38086739999999],[-64.6649295,32.3809358],[-64.6647375,32.380988699999996],[-64.6645664,32.3809887],[-64.6644162,32.3809402],[-64.6641406,32.3807472],[-64.6640192,32.3807781],[-64.6639186,32.380709700000004],[-64.6632942,32.38014600000001],[-64.6632368,32.380045599999995],[-64.6631297,32.380007],[-64.66302,32.3798592],[-64.6629546,32.3798206],[-64.662952,32.37978199999999],[-64.6630617,32.379714699999994],[-64.6631767,32.37955370000001],[-64.6631793,32.379480900000004],[-64.6630996,32.37941800000001],[-64.662969,32.3795228],[-64.6628684,32.3795217],[-64.6627666,32.379437799999984],[-64.662666,32.379239299999995],[-64.6626581,32.3791334],[-64.6627039,32.379076],[-64.6628279,32.3790032],[-64.6633491,32.37884879999999],[-64.6634,32.37877709999999],[-64.6635672,32.3787352],[-64.66459,32.37857989999999],[-64.6652768,32.3784504],[-64.6657423,32.378455100000004],[-64.6665661,32.3786376],[-64.6666936,32.378737499999986],[-64.6669626,32.378828799999994],[-64.6674341,32.3790935],[-64.6675729,32.37921920000001],[-64.6676062,32.3792021],[-64.6679136,32.3796258],[-64.6683936,32.37972519999999],[-64.6687335,32.3798149],[-64.6687686,32.379854699999996],[-64.6687917,32.3799147],[-64.6690222,32.3799835],[-64.6690623,32.38009100000001],[-64.6690494,32.3801784],[-64.6691501,32.3801971],[-64.6692249,32.38026959999999],[-64.6694428,32.380279],[-64.669682,32.380529399999986],[-64.6699563,32.3806386],[-64.6701346,32.3806261],[-64.6702993,32.3807479],[-64.6705764,32.3808446],[-64.6707186,32.380838399999995],[-64.6707075,32.3806918],[-64.670774,32.38066520000001],[-64.6709476,32.38073150000001],[-64.6711095,32.380725999999996],[-64.6711369,32.38067970000001],[-64.6711931,32.3806863],[-64.6712192,32.38064219999999],[-64.6717508,32.3809113],[-64.6717247,32.38095770000002],[-64.6718018,32.38100179999999],[-64.671724,32.38113779999999],[-64.6716674,32.38114259999999],[-64.6717,32.381204200000006],[-64.6719267,32.381350199999986],[-64.6721126,32.3814331],[-64.6723752,32.38110989999999],[-64.6726338,32.38124229999998],[-64.672785,32.3812913],[-64.6727819,32.3813928],[-64.6735445,32.38162269999999],[-64.6737152,32.3815712],[-64.6737253,32.3814984],[-64.6737564,32.3814467],[-64.6738359,32.38146279999999],[-64.6738282,32.3814853],[-64.67378380000001,32.3814905],[-64.6737515,32.381614],[-64.673785,32.38161819999999],[-64.6737539,32.381708499999995],[-64.6740121,32.3817658],[-64.6740445,32.3816761],[-64.6741685,32.381707],[-64.6741886,32.381595399999995],[-64.674226,32.381579],[-64.6745436,32.3818953],[-64.6747376,32.3817426],[-64.6746843,32.3816793],[-64.674705,32.3816675],[-64.6746775,32.38164989999999],[-64.6748044,32.3815778],[-64.6747709,32.381542],[-64.6747976,32.381536200000006],[-64.6747346,32.381439199999996],[-64.6749419,32.3812804],[-64.6749266,32.38126239999999],[-64.6749846,32.381227700000004],[-64.6750688,32.3813411],[-64.675144,32.381305700000006],[-64.675065,32.3811996],[-64.675414,32.38106410000001],[-64.6756996,32.3809801],[-64.675689,32.3809489],[-64.6757365,32.3809376],[-64.6757528,32.3809815],[-64.675924,32.38094589999999],[-64.6759161,32.380914999999995],[-64.67626490000002,32.3808444],[-64.676628,32.38075169999999],[-64.6766358,32.380767999999996],[-64.6769317,32.380687],[-64.6769088,32.38063329999999],[-64.6773538,32.380510799999996],[-64.6774289,32.3804684],[-64.6773982,32.380383999999985],[-64.6775334,32.380317299999994],[-64.6775458,32.3803355],[-64.6777045,32.380278100000005],[-64.6777136,32.38029629999999],[-64.6782332,32.3802641],[-64.6788219,32.3800752],[-64.6788368,32.37984810000001],[-64.6790237,32.3798837],[-64.6790426,32.3797982],[-64.67900150000001,32.37974590000001],[-64.6787776,32.379603100000004],[-64.6787341,32.37953459999999],[-64.6787614,32.37947449999999],[-64.6794703,32.3793072],[-64.679456,32.3792853],[-64.6797839,32.37911770000001],[-64.6797662,32.37907690000001],[-64.6803718,32.3788676],[-64.6819945,32.37824289999998],[-64.6820807,32.3784095],[-64.6822819,32.3783146],[-64.682293,32.37832840000001],[-64.6823243,32.3783119],[-64.6822858,32.378251199999994],[-64.6822878,32.3782209],[-64.6823302,32.3781701],[-64.6825888,32.37802729999999],[-64.6828309,32.377923800000005],[-64.6828205,32.3779098],[-64.6830596,32.377850300000006],[-64.6831039,32.37786499999999],[-64.6831371,32.37798589999999],[-64.6832925,32.3779959],[-64.683508,32.37795619999999],[-64.6835572,32.3778945],[-64.6835732,32.377748399999994],[-64.6835974,32.37772910000001],[-64.6836309,32.3777359],[-64.6837007,32.377838999999994],[-64.683761,32.3778594],[-64.6841325,32.3778605],[-64.68428870000001,32.3778715],[-64.6843785,32.37790150000001],[-64.6845763,32.3778214],[-64.6846528,32.37787519999999],[-64.6847436,32.3778345],[-64.6846661,32.37770359999999],[-64.6847186,32.377652100000006],[-64.6849977,32.37757719999999],[-64.6850457,32.37759749999999],[-64.6852508,32.3775756],[-64.6853339,32.3776833],[-64.6854336,32.3776724],[-64.6855996,32.3775771],[-64.6856928,32.3774438],[-64.6859294,32.37734389999999],[-64.6860702,32.3773597],[-64.686367,32.377426],[-64.6864164,32.3774856],[-64.6866308,32.377544799999995],[-64.6871238,32.3774534],[-64.6872935,32.3773334],[-64.6873294,32.37722279999999],[-64.6872684,32.3771274],[-64.687134,32.3770366],[-64.6869189,32.3769594],[-64.6867468,32.3769458],[-64.6866912,32.376861],[-64.6865442,32.3768413],[-64.6864403,32.3767899],[-64.6863829,32.3767081],[-64.6864008,32.376635399999984],[-64.68649050000002,32.376544599999995],[-64.6864958,32.376503699999994],[-64.6864707,32.37639779999999],[-64.6864833,32.3762751],[-64.686451,32.3762282],[-64.6862664,32.376063200000004],[-64.6862467,32.3759693],[-64.6862592,32.3759088],[-64.6864116,32.3758679],[-64.6864779,32.37587090000001],[-64.6865066,32.37591789999999],[-64.6864869,32.3760072],[-64.6865783,32.37607979999999],[-64.6867253,32.3761495],[-64.6868633,32.376366],[-64.6872774,32.3762312],[-64.6873132,32.376182799999995],[-64.6873562,32.3762388],[-64.687471,32.37621],[-64.6874835,32.3761692],[-64.6876251,32.376122200000005],[-64.6875749,32.375872400000006],[-64.6876735,32.375808899999996],[-64.6877685,32.37592539999999],[-64.6879281,32.37586489999999],[-64.688135,32.37574450000001],[-64.6888172,32.3754955],[-64.688851,32.3755679],[-64.6890334,32.375511200000005],[-64.6890496,32.3755353],[-64.6893758,32.37542229999999],[-64.6895963,32.3754052],[-64.6897814,32.3754266],[-64.689865,32.3755143],[-64.6899766,32.375555],[-64.690154,32.37552929999999],[-64.6905368,32.3755978],[-64.6910628,32.3756535],[-64.6913911,32.3756728],[-64.6915736,32.3757124],[-64.6917498,32.37572419999999],[-64.6918728,32.375699499999996],[-64.6920288,32.37569030000001],[-64.6921694,32.3757188],[-64.6922568,32.3757798],[-64.692343,32.375868699999984],[-64.692385,32.37594],[-64.6924089,32.375998200000005],[-64.6924038,32.3760485],[-64.692343,32.37611269999999],[-64.6920059,32.3764296],[-64.6918018,32.376580499999996],[-64.6914,32.3767101],[-64.6910818,32.376663999999984],[-64.6909918,32.3767218],[-64.6909044,32.376861],[-64.6909145,32.3768813],[-64.6907054,32.37714680000001],[-64.6903213,32.3774647],[-64.6902529,32.3776007],[-64.6901642,32.3776521],[-64.6903416,32.3778223],[-64.6905418,32.3777304],[-64.6907789,32.37770989999999],[-64.6909564,32.3777366],[-64.6915876,32.3780385],[-64.6916497,32.37810379999999],[-64.6917701,32.3781434],[-64.6921288,32.3780867]],[[-64.7130995,32.3629793],[-64.7131079,32.3631405],[-64.7135276,32.36312780000001],[-64.7135225,32.36298779999999],[-64.7130995,32.3629793]],[[-64.7096685,32.36796779999999],[-64.7098329,32.36788049999999],[-64.7099679,32.3678417],[-64.7100377,32.3677803],[-64.7101563,32.3677474],[-64.7102265,32.3677835],[-64.7102676,32.3677547],[-64.7102555,32.3676627],[-64.7101995,32.3676135],[-64.7100569,32.36757639999999],[-64.7097624,32.3674358],[-64.7096546,32.367447399999996],[-64.7095403,32.36749469999999],[-64.7094818,32.36760650000001],[-64.7093768,32.367659100000004],[-64.7093436,32.36775900000001],[-64.7092819,32.36782860000001],[-64.70911410000001,32.3678338],[-64.7090013,32.367868],[-64.7089578,32.36791600000001],[-64.7090168,32.3681183],[-64.7092413,32.36818970000001],[-64.7094089,32.36818889999999],[-64.70956420000002,32.368107],[-64.7096685,32.36796779999999]],[[-64.6945791,32.3735645],[-64.6946216,32.373645599999996],[-64.6948044,32.373721999999994],[-64.6948414,32.3736955],[-64.6949116,32.37332419999999],[-64.6948183,32.3730371],[-64.6947703,32.3730083],[-64.694701,32.3730278],[-64.6945015,32.37320559999999],[-64.694411,32.373380399999995],[-64.694411,32.37347549999999],[-64.6944756,32.373534799999995],[-64.6945791,32.3735645]],[[-64.683161,32.3807697],[-64.6830889,32.3808095],[-64.6830723,32.380882],[-64.6831111,32.3809452],[-64.6832386,32.38093349999999],[-64.6833827,32.3807978],[-64.6833633,32.380748600000004],[-64.6832996,32.3807369],[-64.683161,32.3807697]]]}},{"type":"Feature","properties":{"area_m2":7138.49,"protected":true,"render":true},"geometry":{"type":"Polygon","coordinates":[[[-64.6754313,32.38044549999999],[-64.6754392,32.3803356],[-64.6755389,32.380239],[-64.6756225,32.380186999999985],[-64.6760116,32.3801728],[-64.6761854,32.380112],[-64.6761468,32.380010999999996],[-64.6766869,32.37986810000001],[-64.6767248,32.3799695],[-64.676779,32.3799808],[-64.6768529,32.380062699999996],[-64.6770573,32.380076499999994],[-64.6770988,32.3800978],[-64.6771681,32.380260899999996],[-64.6768752,32.38039330000001],[-64.6763689,32.380498],[-64.6757911,32.3805617],[-64.6757886,32.3805743],[-64.6756482,32.3805689],[-64.6755464,32.380541400000006],[-64.6755608,32.380503299999994],[-64.6754764,32.3804847],[-64.6754313,32.38044549999999]]]}},{"type":"Feature","properties":{"area_m2":37.84,"protected":false,"render":false},"geometry":{"type":"Polygon","coordinates":[[[-64.6798879,32.3880138],[-64.6798477,32.388036400000004],[-64.6797994,32.388022799999995],[-64.6798074,32.3879866],[-64.6798718,32.387977500000005],[-64.6798879,32.3880138]]]}},{"type":"Feature","properties":{"area_m2":110.38,"protected":false,"render":false},"geometry":{"type":"Polygon","coordinates":[[[-64.6795553,32.3880455],[-64.67952310000001,32.388011500000005],[-64.6795258,32.387975299999994],[-64.6796867,32.388013799999996],[-64.6797189,32.3880636],[-64.6796599,32.3880704],[-64.6795553,32.3880455]]]}},{"type":"Feature","properties":{"area_m2":248.95,"protected":false,"render":false},"geometry":{"type":"Polygon","coordinates":[[[-64.6799335,32.3882493],[-64.6800917,32.38824479999999],[-64.6800998,32.388306],[-64.6800569,32.3883263],[-64.6799898,32.3883173],[-64.6799576,32.3882946],[-64.6798182,32.388265200000006],[-64.6797511,32.38818140000001],[-64.6798128,32.388161000000004],[-64.6798745,32.3881814],[-64.6799335,32.3882493]]]}},{"type":"Feature","properties":{"area_m2":206.94,"protected":false,"render":false},"geometry":{"type":"Polygon","coordinates":[[[-64.6797833,32.3884328],[-64.6798611,32.38844189999999],[-64.6799281,32.38848939999999],[-64.6799067,32.388525699999995],[-64.6797323,32.3884804],[-64.6796894,32.3884124],[-64.6797028,32.38832630000001],[-64.6797404,32.388310499999996],[-64.6797752,32.388328599999994],[-64.6797511,32.3884033],[-64.6797833,32.3884328]]]}},{"type":"Feature","properties":{"area_m2":1679.05,"protected":true,"render":true},"geometry":{"type":"Polygon","coordinates":[[[-64.6798188,32.38857380000001],[-64.679823,32.38863039999999],[-64.679735,32.388697599999986],[-64.6797521,32.3887807],[-64.6797084,32.38887080000001],[-64.6796178,32.3889239],[-64.6792827,32.389022999999995],[-64.6792199,32.388977],[-64.6792283,32.3887931],[-64.6792995,32.38867290000001],[-64.6794419,32.38864100000001],[-64.6796303,32.38864809999999],[-64.6797183,32.38860209999999],[-64.6798188,32.38857380000001]]]}},{"type":"Feature","properties":{"area_m2":137.31,"protected":false,"render":false},"geometry":{"type":"Polygon","coordinates":[[[-64.6790175,32.38909979999998],[-64.6790054,32.389061299999995],[-64.6790256,32.38901709999999],[-64.6791248,32.388963899999986],[-64.6791583,32.3889877],[-64.6790966,32.38910090000001],[-64.6790645,32.3891145],[-64.6790175,32.38909979999998]]]}},{"type":"Feature","properties":{"area_m2":76.41,"protected":false,"render":false},"geometry":{"type":"Polygon","coordinates":[[[-64.679271,32.38911910000001],[-64.67934470000002,32.3891179],[-64.6793582,32.389153],[-64.6793179,32.3891893],[-64.6792603,32.3891983],[-64.6792267,32.3891621],[-64.679271,32.38911910000001]]]}},{"type":"Feature","properties":{"area_m2":9.35,"protected":false,"render":false},"geometry":{"type":"Polygon","coordinates":[[[-64.6791798,32.3891848],[-64.6791436,32.38921989999999],[-64.6791355,32.389197200000005],[-64.67915300000001,32.3891768],[-64.6791798,32.3891848]]]}},{"type":"Feature","properties":{"area_m2":68.21,"protected":false,"render":false},"geometry":{"type":"Polygon","coordinates":[[[-64.679043,32.3893048],[-64.6789652,32.389298],[-64.6789759,32.38924589999999],[-64.6790135,32.38921870000001],[-64.6790752,32.38923230000001],[-64.679043,32.3893048]]]}},{"type":"Feature","properties":{"area_m2":18.86,"protected":false,"render":false},"geometry":{"type":"Polygon","coordinates":[[[-64.6792133,32.3894011],[-64.6791784,32.3894282],[-64.6791503,32.3893977],[-64.6791932,32.38937159999999],[-64.6792133,32.3894011]]]}},{"type":"Feature","properties":{"area_m2":76.31,"protected":false,"render":false},"geometry":{"type":"Polygon","coordinates":[[[-64.6784154,32.38959020000001],[-64.6783456,32.3896264],[-64.6782839,32.38962639999999],[-64.6782544,32.3895902],[-64.6783617,32.38954939999999],[-64.6784154,32.38959020000001]]]}},{"type":"Feature","properties":{"area_m2":41.65,"protected":false,"render":false},"geometry":{"type":"Polygon","coordinates":[[[-64.6788552,32.38960600000001],[-64.6788552,32.389655899999994],[-64.6787775,32.3896536],[-64.6787614,32.38961059999999],[-64.6788552,32.38960600000001]]]}},{"type":"Feature","properties":{"area_m2":72.8,"protected":false,"render":false},"geometry":{"type":"Polygon","coordinates":[[[-64.6782061,32.38969889999999],[-64.6782088,32.3897351],[-64.678182,32.38977359999999],[-64.6781364,32.3897827],[-64.6780935,32.3897714],[-64.6781364,32.38969660000001],[-64.6782061,32.38969889999999]]]}},{"type":"Feature","properties":{"area_m2":18.43,"protected":false,"render":false},"geometry":{"type":"Polygon","coordinates":[[[-64.6774243,32.38976],[-64.6774136,32.389779300000015],[-64.6773747,32.389775900000004],[-64.6773666,32.38976],[-64.6774015,32.3897283],[-64.6774243,32.38976]]]}},{"type":"Feature","properties":{"area_m2":51.59,"protected":false,"render":false},"geometry":{"type":"Polygon","coordinates":[[[-64.6780452,32.3898416],[-64.6779513,32.3898484],[-64.6779379,32.3898212],[-64.6779594,32.3897872],[-64.6780318,32.38979629999999],[-64.6780452,32.3898416]]]}},{"type":"Feature","properties":{"area_m2":44.43,"protected":false,"render":false},"geometry":{"type":"Polygon","coordinates":[[[-64.6774283,32.3898337],[-64.6774632,32.3898382],[-64.6774833,32.3898756],[-64.6774484,32.3899016],[-64.6774122,32.389900499999996],[-64.6773881,32.38987780000001],[-64.6774283,32.3898337]]]}},{"type":"Feature","properties":{"area_m2":24.96,"protected":false,"render":false},"geometry":{"type":"Polygon","coordinates":[[[-64.6774726,32.3900635],[-64.67750740000001,32.39010090000001],[-64.6774551,32.390132599999994],[-64.677439,32.39009750000001],[-64.6774726,32.3900635]]]}},{"type":"Feature","properties":{"area_m2":17.1,"protected":false,"render":false},"geometry":{"type":"Polygon","coordinates":[[[-64.6778145,32.39015409999999],[-64.6777864,32.39012360000001],[-64.6778266,32.390102],[-64.6778467,32.39013490000001],[-64.6778145,32.39015409999999]]]}},{"type":"Feature","properties":{"area_m2":13.23,"protected":false,"render":false},"geometry":{"type":"Polygon","coordinates":[[[-64.677549,32.390241299999985],[-64.6775879,32.3902311],[-64.6775973,32.3902583],[-64.6775611,32.39027419999999],[-64.677549,32.390241299999985]]]}},{"type":"Feature","properties":{"area_m2":28.54,"protected":false,"render":false},"geometry":{"type":"Polygon","coordinates":[[[-64.6771118,32.3904644],[-64.6771655,32.39043730000001],[-64.6771896,32.3904758],[-64.6771333,32.3905029],[-64.6771118,32.3904644]]]}},{"type":"Feature","properties":{"area_m2":33.24,"protected":false,"render":false},"geometry":{"type":"Polygon","coordinates":[[[-64.6761972,32.3904984],[-64.6761543,32.3905165],[-64.676114,32.3904939],[-64.6761194,32.390469],[-64.6761891,32.39046220000001],[-64.6761972,32.3904984]]]}},{"type":"Feature","properties":{"area_m2":26.6,"protected":false,"render":false},"geometry":{"type":"Polygon","coordinates":[[[-64.6764708,32.39049610000001],[-64.6764949,32.3905279],[-64.67642520000001,32.39054600000001],[-64.676401,32.390518799999995],[-64.6764708,32.39049610000001]]]}},{"type":"Feature","properties":{"area_m2":1070.48,"protected":true,"render":true},"geometry":{"type":"Polygon","coordinates":[[[-64.6765512,32.3906117],[-64.6765727,32.390484799999996],[-64.6768302,32.39039880000001],[-64.6770072,32.39043499999999],[-64.6770018,32.39053010000001],[-64.6769214,32.3906434],[-64.6768034,32.3907068],[-64.6766478,32.3906977],[-64.6765512,32.3906117]]]}},{"type":"Feature","properties":{"area_m2":25.63,"protected":false,"render":false},"geometry":{"type":"Polygon","coordinates":[[[-64.6770313,32.390743],[-64.6770528,32.3907022],[-64.6771011,32.3907408],[-64.6770555,32.3907725],[-64.6770313,32.390743]]]}},{"type":"Feature","properties":{"area_m2":20.74,"protected":false,"render":false},"geometry":{"type":"Polygon","coordinates":[[[-64.6768463,32.3907838],[-64.6768892,32.390747499999996],[-64.6769133,32.3907725],[-64.6768919,32.3908064],[-64.6768463,32.3907838]]]}},{"type":"Feature","properties":{"area_m2":1365.68,"protected":true,"render":true},"geometry":{"type":"Polygon","coordinates":[[[-64.6698027,32.3372554],[-64.669898,32.33714270000001],[-64.6699742,32.337162],[-64.6700542,32.33719419999999],[-64.6700961,32.3372521],[-64.6700999,32.337351899999994],[-64.67013420000002,32.3373713],[-64.6701075,32.3374324],[-64.6700923,32.3375354],[-64.6700161,32.3375902],[-64.6698332,32.3376578],[-64.6698065,32.337625599999996],[-64.6698484,32.3375451],[-64.6697875,32.33751929999999],[-64.6697494,32.3374807],[-64.6697722,32.3374356],[-64.6697456,32.3373873],[-64.669818,32.3373165],[-64.6698027,32.3372554]]]}},{"type":"Feature","properties":{"area_m2":4805.9,"protected":true,"render":true},"geometry":{"type":"Polygon","coordinates":[[[-64.6737249,32.33762469999999],[-64.6734975,32.3377667],[-64.6734999,32.3378336],[-64.6734456,32.3378398],[-64.6732725,32.33795679999999],[-64.673228,32.3380257],[-64.6732132,32.3380842],[-64.6730722,32.33820539999999],[-64.6729956,32.3382409],[-64.6729363,32.33809469999999],[-64.6729709,32.338067499999994],[-64.6730055,32.3379881],[-64.6729659,32.33786069999999],[-64.6730302,32.3378106],[-64.6729931,32.3377542],[-64.6730599,32.3377229],[-64.6730302,32.3376686],[-64.6730549,32.3375975],[-64.6731365,32.33760590000001],[-64.67319830000001,32.33758290000001],[-64.6733763,32.3374367],[-64.6734629,32.337384499999985],[-64.6735222,32.337286299999995],[-64.6735617,32.33725080000001],[-64.6739202,32.337104599999996],[-64.6740562,32.33709830000001],[-64.6740933,32.337160999999995],[-64.6740364,32.3373176],[-64.6739103,32.3373907],[-64.6738535,32.3374722],[-64.6737323,32.33755579999999],[-64.6737249,32.33762469999999]]]}},{"type":"Feature","properties":{"area_m2":38.99,"protected":false,"render":false},"geometry":{"type":"Polygon","coordinates":[[[-64.6626212,32.3382422],[-64.6626319,32.3381971],[-64.6627028,32.33820239999999],[-64.6626853,32.3382626],[-64.6626212,32.3382422]]]}},{"type":"Feature","properties":{"area_m2":18217.46,"protected":true,"render":true},"geometry":{"type":"Polygon","coordinates":[[[-64.6707878,32.33913909999999],[-64.67072850000001,32.3391955],[-64.6704887,32.33915369999999],[-64.6702761,32.3390576],[-64.6701179,32.3388592],[-64.6700709,32.3388675],[-64.66996700000001,32.3388467],[-64.6699547,32.338825799999995],[-64.6699646,32.338765200000005],[-64.6700486,32.338738000000006],[-64.6700956,32.33870670000001],[-64.6701302,32.3386085],[-64.6701698,32.3385584],[-64.670281,32.338548],[-64.6703799,32.338591799999996],[-64.6705505,32.3385709],[-64.670506,32.338470699999995],[-64.6704541,32.338481099999996],[-64.6703849,32.338441399999994],[-64.6703008,32.3382158],[-64.6704121,32.338082100000015],[-64.6703873,32.33801739999999],[-64.6702489,32.33792969999998],[-64.670328,32.3377124],[-64.6704121,32.3378377],[-64.6705579,32.3378586],[-64.6706543,32.33794429999999],[-64.6706618,32.3378377],[-64.6707928,32.337935900000005],[-64.6707607,32.338040400000004],[-64.670815,32.338063299999995],[-64.6710029,32.3381051],[-64.6711142,32.3380633],[-64.671176,32.338077999999996],[-64.6712106,32.33812809999999],[-64.6712971,32.3381553],[-64.6714455,32.338048699999995],[-64.671532,32.3380717],[-64.6715666,32.3381427],[-64.6717323,32.3382994],[-64.6719276,32.33828270000001],[-64.6720388,32.3382096],[-64.6721476,32.33816989999999],[-64.6722762,32.3383036],[-64.6722737,32.33837249999999],[-64.6722366,32.3384811],[-64.6723157,32.3385438],[-64.6723281,32.3386211],[-64.6722465,32.338623199999994],[-64.6720833,32.33872759999999],[-64.6720858,32.3386712],[-64.6719523,32.3386461],[-64.6718213,32.33865659999999],[-64.67171,32.338721299999996],[-64.6714826,32.33875679999999],[-64.6714158,32.3388049],[-64.6713738,32.3388843],[-64.6713911,32.33894690000001],[-64.6712922,32.33916419999999],[-64.6711908,32.339187100000004],[-64.6711068,32.339183],[-64.6707878,32.33913909999999]]]}},{"type":"Feature","properties":{"area_m2":622.71,"protected":true,"render":true},"geometry":{"type":"Polygon","coordinates":[[[-64.6626411,32.3385749],[-64.6625694,32.338570999999995],[-64.6625248,32.3385007],[-64.6625378,32.33846749999999],[-64.6626411,32.33848379999999],[-64.6627196,32.338479899999996],[-64.662856,32.33851309999999],[-64.6628906,32.338586],[-64.6629176,32.3385411],[-64.6629461,32.338558000000006],[-64.6629692,32.3386218],[-64.6629299,32.3387376],[-64.6629361,32.338806],[-64.6629068,32.3388183],[-64.6628513,32.3387012],[-64.6628067,32.338680399999994],[-64.6627836,32.3386504],[-64.6627712,32.338599],[-64.6627096,32.3386029],[-64.6626411,32.3385749]]]}},{"type":"Feature","properties":{"area_m2":55.95,"protected":true,"render":true},"geometry":{"type":"Polygon","coordinates":[[[-64.6609745,32.3388648],[-64.6610382,32.3388405],[-64.6610358,32.338880700000004],[-64.661008,32.3389082],[-64.6609829,32.33891609999999],[-64.6609074,32.3388855],[-64.660945,32.3388572],[-64.6609745,32.3388648]]]}},{"type":"Feature","properties":{"area_m2":880.93,"protected":false,"render":true},"geometry":{"type":"Polygon","coordinates":[[[-64.6737106,32.339105],[-64.6736573,32.3393818],[-64.6735277,32.3395557],[-64.6733525,32.339703799999995],[-64.6732458,32.339658699999994],[-64.673383,32.3395557],[-64.67347440000002,32.339420499999996],[-64.6735506,32.33916940000001],[-64.6737106,32.339105]]]}},{"type":"Feature","properties":{"area_m2":18490.56,"protected":true,"render":true},"geometry":{"type":"Polygon","coordinates":[[[-64.6728218,32.3407748],[-64.672598,32.34104799999999],[-64.6725106,32.341089399999994],[-64.6724075,32.34110419999999],[-64.6722292,32.34119569999999],[-64.6721348,32.3412179],[-64.6720683,32.341203099999994],[-64.6719372,32.3411219],[-64.6718411,32.3410924],[-64.6717519,32.3410968],[-64.671647,32.3411234],[-64.6715124,32.3411278],[-64.6713044,32.3410717],[-64.6712117,32.340881100000004],[-64.670895,32.3406509],[-64.6708566,32.3405799],[-64.67074660000002,32.3404765],[-64.670738,32.340393999999996],[-64.6707948,32.340349100000005],[-64.6710198,32.3402279],[-64.6711298,32.34017469999999],[-64.6712436,32.3401538],[-64.6713029,32.3401068],[-64.6713017,32.33997409999999],[-64.6713462,32.339854],[-64.6714562,32.33990829999999],[-64.6715279,32.3400838],[-64.6715192,32.3401663],[-64.6714265,32.34037099999999],[-64.6714797,32.3403815],[-64.6715909,32.340320899999995],[-64.6716527,32.34034799999999],[-64.6716886,32.34038979999999],[-64.6718554,32.3403083],[-64.6721867,32.3402655],[-64.6724031,32.340254],[-64.6726985,32.3401914],[-64.672858,32.3401339],[-64.67302110000001,32.340069199999995],[-64.6730594,32.33995530000001],[-64.6731484,32.3398154],[-64.6731942,32.3398112],[-64.67316820000002,32.33991459999999],[-64.67326220000001,32.3399292],[-64.6732954,32.34003],[-64.6732903,32.3400865],[-64.6730403,32.3403332],[-64.6729634,32.3404469],[-64.6728218,32.3407748]]]}},{"type":"Feature","properties":{"area_m2":407.43,"protected":true,"render":true},"geometry":{"type":"Polygon","coordinates":[[[-64.6685946,32.34102949999999],[-64.6687062,32.3409495],[-64.6687401,32.34086990000001],[-64.6687749,32.3409592],[-64.668709,32.341111500000004],[-64.6687299,32.34119379999999],[-64.6686461,32.3412494],[-64.6685244,32.341276400000005],[-64.6686346,32.341092200000006],[-64.6685946,32.34102949999999]]]}},{"type":"Feature","properties":{"area_m2":10004.37,"protected":true,"render":true},"geometry":{"type":"Polygon","coordinates":[[[-64.6677647,32.342258300000005],[-64.6676736,32.3424259],[-64.6675493,32.3427417],[-64.6674409,32.3427849],[-64.6673113,32.3427524],[-64.667113,32.34280720000001],[-64.6669713,32.342902899999984],[-64.666754,32.3429984],[-64.666773,32.342843099999996],[-64.6668358,32.342757600000006],[-64.6667973,32.3426823],[-64.6667973,32.3426242],[-64.6667568,32.3425387],[-64.6667649,32.342337],[-64.6668803,32.34220869999999],[-64.6669794,32.342133499999996],[-64.66703,32.3420035],[-64.66700370000001,32.341834299999995],[-64.6671061,32.3416941],[-64.6672931,32.34170600000001],[-64.6673518,32.3416103],[-64.6674894,32.3415727],[-64.6676372,32.34160519999999],[-64.6677242,32.3417231],[-64.6677242,32.34183769999999],[-64.667791,32.3419232],[-64.6678256,32.3420346],[-64.6677647,32.342258300000005]]]}},{"type":"Feature","properties":{"area_m2":3016.86,"protected":true,"render":true},"geometry":{"type":"Polygon","coordinates":[[[-64.6663986,32.343416100000006],[-64.666218,32.343502099999995],[-64.666052,32.3434852],[-64.6658702,32.3435249],[-64.6658373,32.343451300000005],[-64.6659232,32.3433111],[-64.6657915,32.3432772],[-64.6657513,32.343195699999995],[-64.6658516,32.343004],[-64.6659518,32.34298950000001],[-64.6661063,32.3429097],[-64.6661665,32.342957999999996],[-64.6662208,32.343066900000004],[-64.6663181,32.34305959999999],[-64.6663926,32.3431708],[-64.6665231,32.3432054],[-64.6663986,32.343416100000006]]]}},{"type":"Feature","properties":{"area_m2":2644.16,"protected":true,"render":true},"geometry":{"type":"Polygon","coordinates":[[[-64.6610009,32.3446991],[-64.6609036,32.34455880000001],[-64.66078340000001,32.3445322],[-64.6606861,32.3444138],[-64.6605888,32.3443606],[-64.6605287,32.3442977],[-64.6605246,32.344232899999994],[-64.6607376,32.344220299999996],[-64.6609981,32.344249299999994],[-64.6612041,32.34420819999999],[-64.66130140000001,32.34433399999999],[-64.6612871,32.34446700000001],[-64.66130140000001,32.344575799999994],[-64.6612213,32.3446241],[-64.6611669,32.3447329],[-64.6610663,32.34474670000001],[-64.6610009,32.3446991]]]}},{"type":"Feature","properties":{"area_m2":1268.42,"protected":true,"render":true},"geometry":{"type":"Polygon","coordinates":[[[-64.6664784,32.345117599999995],[-64.6663345,32.345014699999986],[-64.6663709,32.3449668],[-64.6664215,32.3449617],[-64.6664235,32.3448745],[-64.666383,32.3447599],[-64.6664093,32.3447035],[-64.6664643,32.3446966],[-64.6665207,32.3447223],[-64.6665834,32.3446676],[-64.6666779,32.344715400000005],[-64.6666532,32.3447536],[-64.6666562,32.3448129],[-64.6667655,32.3448351],[-64.666787,32.34494339999999],[-64.6667149,32.344949699999994],[-64.666717,32.345024900000006],[-64.6664784,32.345117599999995]]]}},{"type":"Feature","properties":{"area_m2":1148.45,"protected":true,"render":true},"geometry":{"type":"Polygon","coordinates":[[[-64.6610774,32.3452348],[-64.6611685,32.3452467],[-64.6612069,32.345277499999995],[-64.661217,32.3453596],[-64.6612532,32.34545299999999],[-64.6611806,32.3456041],[-64.6610895,32.34561599999999],[-64.6608811,32.34550149999999],[-64.660871,32.3453254],[-64.66096,32.34525529999999],[-64.6610774,32.3452348]]]}},{"type":"Feature","properties":{"area_m2":2179.27,"protected":true,"render":true},"geometry":{"type":"Polygon","coordinates":[[[-64.66682,32.3457985],[-64.666672,32.34581339999999],[-64.6665553,32.34579730000001],[-64.666494,32.3458373],[-64.6665263,32.345876600000004],[-64.6664393,32.3459467],[-64.66623900000002,32.34596729999999],[-64.6661479,32.34600489999998],[-64.666075,32.34598439999999],[-64.665984,32.3460305],[-64.6658888,32.34599969999999],[-64.6657553,32.3460391],[-64.6658221,32.3458698],[-64.6659779,32.345851],[-64.6660103,32.34578599999999],[-64.6661256,32.3457364],[-64.6662734,32.3457399],[-64.6662794,32.34565949999999],[-64.6663361,32.3455928],[-64.6664656,32.3455928],[-64.6665506,32.345661199999995],[-64.6666741,32.3457023],[-64.66682,32.3457985]]]}},{"type":"Feature","properties":{"area_m2":49.16,"protected":false,"render":false},"geometry":{"type":"Polygon","coordinates":[[[-64.6540464,32.3460065],[-64.6539756,32.3459621],[-64.653977,32.345945900000004],[-64.6540296,32.3459431],[-64.6541084,32.345994899999994],[-64.6541097,32.346005999999996],[-64.6540464,32.3460065]]]}},{"type":"Feature","properties":{"area_m2":61.62,"protected":true,"render":true},"geometry":{"type":"Polygon","coordinates":[[[-64.65314,32.3459536],[-64.6531802,32.34598499999999],[-64.6532084,32.34596719999999],[-64.6532101,32.3460247],[-64.6531735,32.3460363],[-64.6531628,32.3460159],[-64.653136,32.346021799999995],[-64.6531262,32.345960100000006],[-64.6530894,32.34594219999999],[-64.6531001,32.3459275],[-64.6531534,32.345917],[-64.65314,32.3459536]]]}},{"type":"Feature","properties":{"area_m2":15.98,"protected":false,"render":false},"geometry":{"type":"Polygon","coordinates":[[[-64.65313,32.34613179999999],[-64.653143,32.346113300000006],[-64.6531658,32.346113300000006],[-64.6531907,32.3461427],[-64.6531625,32.3461562],[-64.65313,32.34613179999999]]]}},{"type":"Feature","properties":{"area_m2":78.89,"protected":false,"render":false},"geometry":{"type":"Polygon","coordinates":[[[-64.6547867,32.3466901],[-64.6547079,32.34660790000001],[-64.6547402,32.346578699999995],[-64.6548353,32.3466348],[-64.6548517,32.3466609],[-64.6547867,32.3466901]]]}},{"type":"Feature","properties":{"area_m2":189.47,"protected":false,"render":false},"geometry":{"type":"Polygon","coordinates":[[[-64.6581808,32.34656220000001],[-64.6582827,32.3465781],[-64.6582693,32.3466868],[-64.6581781,32.34675709999999],[-64.6581405,32.346718599999996],[-64.6581808,32.34656220000001]]]}},{"type":"Feature","properties":{"area_m2":224.84,"protected":true,"render":true},"geometry":{"type":"Polygon","coordinates":[[[-64.6603306,32.34671629999999],[-64.6602649,32.34679330000001],[-64.6601857,32.3468285],[-64.6601254,32.346816],[-64.6601093,32.3467265],[-64.6602313,32.346682300000005],[-64.6603064,32.3466857],[-64.6603306,32.34671629999999]]]}},{"type":"Feature","properties":{"area_m2":65410.42,"protected":true,"render":true},"geometry":{"type":"Polygon","coordinates":[[[-64.6620494,32.34604290000001],[-64.6619907,32.34618650000001],[-64.6618936,32.34628390000001],[-64.6617944,32.34635399999999],[-64.6616912,32.34667550000001],[-64.6617337,32.3468516],[-64.6618025,32.34698319999999],[-64.6620312,32.347135399999985],[-64.6622477,32.347226],[-64.6623489,32.3471422],[-64.662444,32.3471747],[-64.662529,32.347157599999996],[-64.6625553,32.34710969999998],[-64.6625493,32.34705159999999],[-64.6625958,32.34699350000001],[-64.6626849,32.34696949999999],[-64.6627719,32.3469251],[-64.6628164,32.3468567],[-64.6628771,32.34682929999999],[-64.6629722,32.346866999999996],[-64.6630107,32.34691999999999],[-64.663124,32.346911399999996],[-64.6632272,32.3470003],[-64.6633891,32.34703619999999],[-64.663634,32.34702429999999],[-64.6640246,32.34692849999999],[-64.6640671,32.3468704],[-64.6642371,32.346820799999996],[-64.6643727,32.346827600000005],[-64.6645083,32.3468157],[-64.6646259,32.3468682],[-64.6648629,32.346784899999996],[-64.6650223,32.3465985],[-64.6650567,32.3465267],[-64.6653706,32.34628839999999],[-64.6655538,32.3462352],[-64.6656368,32.3462956],[-64.6656339,32.34639719999999],[-64.6655566,32.34647699999999],[-64.6654507,32.346704300000006],[-64.6654336,32.346917],[-64.6653735,32.3469944],[-64.6653248,32.34721199999999],[-64.6651874,32.34728699999999],[-64.6651474,32.3474006],[-64.6649012,32.34754089999999],[-64.6648841,32.34763029999999],[-64.6647667,32.347715],[-64.6647581,32.34776569999999],[-64.6646723,32.3478334],[-64.6646751,32.347901099999994],[-64.6645778,32.3479253],[-64.6645692,32.3479761],[-64.6644802,32.348021800000005],[-64.6643722,32.3479899],[-64.6642346,32.3479882],[-64.6641139,32.3479251],[-64.6638784,32.347942],[-64.663668,32.3479831],[-64.6634441,32.348070199999995],[-64.6632936,32.3481609],[-64.6631742,32.348333600000004],[-64.66316,32.348419],[-64.6631236,32.3484619],[-64.6629799,32.348484],[-64.6627458,32.34863119999999],[-64.6626095,32.34875240000001],[-64.6625855,32.3488294],[-64.6624252,32.348771400000004],[-64.6622879,32.3485054],[-64.6619845,32.3483604],[-64.6618585,32.3484184],[-64.661767,32.3483845],[-64.6614865,32.34847640000001],[-64.6612575,32.3483749],[-64.6611831,32.348379699999995],[-64.6610801,32.3482878],[-64.6610723,32.34818829999999],[-64.6611735,32.34809769999999],[-64.6612443,32.3479318],[-64.6612383,32.3477454],[-64.6612605,32.3475334],[-64.6611388,32.347426500000005],[-64.661103,32.34728140000001],[-64.6611968,32.3469086],[-64.6611745,32.34668460000001],[-64.6610835,32.3465513],[-64.6610956,32.3464897],[-64.6612939,32.3462367],[-64.6614882,32.346132399999995],[-64.6614821,32.3460366],[-64.6615105,32.345917],[-64.661478,32.345876399999995],[-64.6615102,32.34582749999999],[-64.6615732,32.3458093],[-64.6615732,32.3457614],[-64.6614801,32.3457699],[-64.661385,32.34574099999999],[-64.6613405,32.345681],[-64.6613105,32.34548800000001],[-64.66132830000001,32.3453818],[-64.661385,32.345350999999994],[-64.6616319,32.345414299999995],[-64.6617918,32.34538179999999],[-64.6618748,32.34538349999999],[-64.6619496,32.345433099999994],[-64.6620873,32.34579900000001],[-64.6620494,32.34604290000001]]]}},{"type":"Feature","properties":{"area_m2":117.56,"protected":false,"render":false},"geometry":{"type":"Polygon","coordinates":[[[-64.6573305,32.3472329],[-64.6573707,32.3472352],[-64.6573627,32.3473145],[-64.6572983,32.34743919999999],[-64.6572715,32.34740289999999],[-64.6572903,32.347291900000016],[-64.6573305,32.3472329]]]}},{"type":"Feature","properties":{"area_m2":2971.48,"protected":true,"render":true},"geometry":{"type":"Polygon","coordinates":[[[-64.6509866,32.3484408],[-64.6509198,32.348452699999996],[-64.6509016,32.34851090000001],[-64.6508531,32.34855840000001],[-64.6508904,32.3486333],[-64.6508589,32.348657499999995],[-64.6508126,32.3486442],[-64.6507822,32.34868699999999],[-64.6507134,32.34867330000001],[-64.6506952,32.34870750000001],[-64.6507073,32.3487725],[-64.6506466,32.3487844],[-64.6506406,32.34882029999999],[-64.6507215,32.34885970000001],[-64.6507276,32.34891780000001],[-64.6506932,32.3489434],[-64.6506183,32.3489297],[-64.6505434,32.3488733],[-64.6504948,32.34890239999999],[-64.6505131,32.3490067],[-64.6504847,32.3490648],[-64.6504199,32.34908010000001],[-64.6503937,32.34906139999999],[-64.6503876,32.348938300000015],[-64.6504341,32.3488374],[-64.6503997,32.34875539999999],[-64.65042,32.34866649999999],[-64.6503572,32.3486476],[-64.6503228,32.34858609999999],[-64.6503269,32.3485399],[-64.6504179,32.3484647],[-64.6505637,32.348462999999995],[-64.6506325,32.3483775],[-64.6507579,32.3482698],[-64.6508611,32.3482254],[-64.6509057,32.34814669999999],[-64.6509623,32.34813989999999],[-64.65103320000001,32.3481706],[-64.6510494,32.34824760000001],[-64.6510352,32.348331400000006],[-64.6509907,32.34837579999999],[-64.6509866,32.3484408]]]}},{"type":"Feature","properties":{"area_m2":520.48,"protected":false,"render":true},"geometry":{"type":"Polygon","coordinates":[[[-64.6535969,32.34962349999999],[-64.6534252,32.3496892],[-64.6534172,32.349619],[-64.6535352,32.3494559],[-64.6537659,32.3493947],[-64.6537685,32.34944680000001],[-64.6536961,32.349553300000004],[-64.6535969,32.34962349999999]]]}},{"type":"Feature","properties":{"area_m2":98.53,"protected":false,"render":false},"geometry":{"type":"Polygon","coordinates":[[[-64.6497423,32.350022300000006],[-64.6497252,32.350018199999994],[-64.6497012,32.34996159999999],[-64.6496688,32.34998139999999],[-64.6496552,32.34996859999999],[-64.6496155,32.3499965],[-64.6495965,32.3499908],[-64.6495872,32.34994410000001],[-64.6496149,32.34992729999999],[-64.6496079,32.349901599999995],[-64.6496923,32.34991050000001],[-64.6497194,32.3499341],[-64.6497423,32.350022300000006]]]}},{"type":"Feature","properties":{"area_m2":8.17,"protected":false,"render":false},"geometry":{"type":"Polygon","coordinates":[[[-64.6493945,32.3500902],[-64.6493661,32.3500804],[-64.64939000000001,32.35004719999999],[-64.6494023,32.3500784],[-64.6493945,32.3500902]]]}},{"type":"Feature","properties":{"area_m2":23.89,"protected":false,"render":false},"geometry":{"type":"Polygon","coordinates":[[[-64.6492044,32.35010499999999],[-64.6492372,32.35012249999999],[-64.6492056,32.35016619999999],[-64.6491798,32.350151399999994],[-64.6491779,32.3501313],[-64.6491811,32.3501112],[-64.6492044,32.35010499999999]]]}},{"type":"Feature","properties":{"area_m2":220.04,"protected":false,"render":false},"geometry":{"type":"Polygon","coordinates":[[[-64.64903680000002,32.350222],[-64.6489797,32.3502839],[-64.6489537,32.35028489999999],[-64.6488974,32.35026740000001],[-64.6488321,32.35029969999999],[-64.6488062,32.35027490000001],[-64.64880250000002,32.3502277],[-64.6488277,32.350208099999996],[-64.6488609,32.350218299999995],[-64.6488612,32.3502011],[-64.6489414,32.350155699999995],[-64.6490146,32.35016950000001],[-64.64903680000002,32.350222]]]}},{"type":"Feature","properties":{"area_m2":10.27,"protected":false,"render":false},"geometry":{"type":"Polygon","coordinates":[[[-64.649182,32.35029680000001],[-64.6491665,32.35031119999999],[-64.6491373,32.350281399999986],[-64.649175,32.3502701],[-64.649182,32.35029680000001]]]}},{"type":"Feature","properties":{"area_m2":5003.87,"protected":true,"render":true},"geometry":{"type":"Polygon","coordinates":[[[-64.652539,32.3508395],[-64.6522777,32.3510776],[-64.6521162,32.3510747],[-64.6522021,32.3509412],[-64.6520956,32.3509005],[-64.6518515,32.351048600000006],[-64.6517278,32.350984700000005],[-64.6517759,32.350746599999994],[-64.6520749,32.35061009999999],[-64.6521712,32.3505956],[-64.6522743,32.3507118],[-64.6522701,32.35086009999999],[-64.6524084,32.350700100000005],[-64.6524943,32.35070590000001],[-64.6525424,32.350586899999996],[-64.6524668,32.35045040000001],[-64.6525218,32.350287800000004],[-64.6528002,32.3502297],[-64.6528599,32.35008009999999],[-64.6529927,32.34995089999999],[-64.6532127,32.3499364],[-64.6530993,32.35010479999998],[-64.6531062,32.350206500000006],[-64.6529996,32.3502239],[-64.6529699,32.350420099999994],[-64.652814,32.350624599999996],[-64.6526387,32.3506275],[-64.652539,32.3508395]]]}},{"type":"Feature","properties":{"area_m2":161.78,"protected":false,"render":false},"geometry":{"type":"Polygon","coordinates":[[[-64.6561061,32.3521228],[-64.656141,32.352070699999985],[-64.6562254,32.3520968],[-64.6562657,32.352177199999986],[-64.6562335,32.352218],[-64.6561892,32.352217999999986],[-64.65612750000001,32.35217829999999],[-64.6561061,32.3521228]]]}},{"type":"Feature","properties":{"area_m2":72.48,"protected":false,"render":false},"geometry":{"type":"Polygon","coordinates":[[[-64.6472282,32.3550929],[-64.6472597,32.35516499999999],[-64.6471672,32.355165],[-64.6471459,32.35512979999999],[-64.6471611,32.355079999999994],[-64.6472282,32.3550929]]]}},{"type":"Feature","properties":{"area_m2":5533.8,"protected":true,"render":true},"geometry":{"type":"Polygon","coordinates":[[[-64.65629710000002,32.3548476],[-64.6563185,32.354821599999994],[-64.6563507,32.3548114],[-64.6564158,32.3548313],[-64.6564409,32.354881500000005],[-64.6564208,32.35495399999999],[-64.6563715,32.3549782],[-64.6563336,32.3549679],[-64.6562978,32.354932899999994],[-64.6561854,32.355079700000005],[-64.6561454,32.355109999999996],[-64.6560876,32.3551021],[-64.656048,32.3551384],[-64.6560095,32.35521779999999],[-64.6559802,32.3552341],[-64.655954,32.3552817],[-64.6559508,32.355331500000005],[-64.6560318,32.3554529],[-64.6560277,32.355488],[-64.6560034,32.35550679999999],[-64.6560046,32.3555586],[-64.655969,32.3555811],[-64.655954,32.3556133],[-64.6559905,32.35564750000001],[-64.6560997,32.3556766],[-64.6561159,32.3557279],[-64.6560835,32.3558458],[-64.6560346,32.35587710000001],[-64.6560204,32.35591900000001],[-64.6560468,32.3560113],[-64.6560164,32.356025],[-64.6559871,32.3560122],[-64.6559769,32.3559823],[-64.6559951,32.35592840000001],[-64.655983,32.35589000000001],[-64.6557638,32.35585089999999],[-64.6557391,32.355758300000005],[-64.6556926,32.355709600000004],[-64.655699,32.355632099999994],[-64.6557476,32.3555877],[-64.65582450000001,32.355553500000006],[-64.655863,32.355445800000005],[-64.6557881,32.35533639999999],[-64.6557537,32.35516880000001],[-64.6556849,32.355068],[-64.6556606,32.35492779999999],[-64.6556727,32.354773900000005],[-64.6556383,32.35461999999999],[-64.6557051,32.35456699999999],[-64.6558103,32.354536299999985],[-64.6559237,32.3545448],[-64.6562394,32.354664500000005],[-64.6562839,32.35475],[-64.656276,32.35479479999999],[-64.65629710000002,32.3548476]]]}},{"type":"Feature","properties":{"area_m2":354.21,"protected":false,"render":false},"geometry":{"type":"Polygon","coordinates":[[[-64.6469542,32.355733699999995],[-64.6469295,32.3556836],[-64.6468964,32.35570249999999],[-64.6469226,32.3557747],[-64.6468448,32.35578769999999],[-64.6468333,32.3556498],[-64.6468664,32.35562569999998],[-64.6468371,32.3555912],[-64.6468541,32.355567799999996],[-64.6469265,32.3555457],[-64.6469372,32.3554956],[-64.6470043,32.3555183],[-64.6469819,32.35557039999999],[-64.6470166,32.3556595],[-64.6469973,32.355763],[-64.6469542,32.355733699999995]]]}},{"type":"Feature","properties":{"area_m2":736.07,"protected":false,"render":true},"geometry":{"type":"Polygon","coordinates":[[[-64.6467962,32.355693900000006],[-64.6467112,32.3557845],[-64.6467436,32.355857999999984],[-64.6467334,32.35589900000001],[-64.6466626,32.355951999999995],[-64.6465772,32.3559587],[-64.6465392,32.35590239999999],[-64.6465695,32.35583749999999],[-64.6465047,32.35582719999999],[-64.6464724,32.3557554],[-64.6464845,32.355729799999985],[-64.6464375,32.3557035],[-64.6465007,32.35564429999999],[-64.6465169,32.35558790000001],[-64.6464888,32.355541099999996],[-64.6465938,32.35558790000001],[-64.64661200000002,32.35568529999999],[-64.6466707,32.3557195],[-64.6467577,32.3556614],[-64.6467962,32.355693900000006]]]}},{"type":"Feature","properties":{"area_m2":5886.69,"protected":true,"render":true},"geometry":{"type":"Polygon","coordinates":[[[-64.6549669,32.3572788],[-64.6549097,32.35745769999999],[-64.6548467,32.357588199999995],[-64.6547895,32.357648700000006],[-64.65461210000001,32.357714],[-64.6541999,32.3579364],[-64.6541312,32.35805],[-64.6541112,32.35815159999999],[-64.6540253,32.35816609999999],[-64.6539824,32.3581201],[-64.6539566,32.3580452],[-64.6539938,32.3579654],[-64.6540854,32.3578639],[-64.654426,32.3576245],[-64.6544289,32.3575375],[-64.6544775,32.357477],[-64.654509,32.35732959999999],[-64.6545761,32.3572234],[-64.6545834,32.357169999999996],[-64.6545462,32.3571095],[-64.6546063,32.3569693],[-64.6545405,32.3568049],[-64.6545548,32.35669610000001],[-64.6547752,32.3564713],[-64.6548782,32.356493],[-64.6549412,32.35654619999999],[-64.6549727,32.3567396],[-64.6549212,32.356874999999995],[-64.6549927,32.35713609999999],[-64.6549669,32.3572788]]]}},{"type":"Feature","properties":{"area_m2":11718.64,"protected":true,"render":true},"geometry":{"type":"Polygon","coordinates":[[[-64.6623586,32.3674139],[-64.6622951,32.36751749999999],[-64.6621713,32.3674914],[-64.6620613,32.3675306],[-64.6619771,32.3675089],[-64.661886,32.3674421],[-64.6615732,32.3673855],[-64.6613102,32.36736950000001],[-64.6611469,32.3673332],[-64.660963,32.3671619],[-64.6608616,32.3670167],[-64.660841,32.3669151],[-64.6608764,32.366772899999994],[-64.6608616,32.36664079999999],[-64.6608754,32.366508599999996],[-64.6609269,32.36638959999999],[-64.6610266,32.3662851],[-64.661171,32.366231400000004],[-64.6613188,32.3662633],[-64.6614257,32.3663295],[-64.6614769,32.366391099999994],[-64.6615229,32.366604599999995],[-64.6621438,32.3669732],[-64.6623517,32.3673312],[-64.6623586,32.3674139]]]}},{"type":"Feature","properties":{"area_m2":3308.27,"protected":true,"render":true},"geometry":{"type":"Polygon","coordinates":[[[-64.6600699,32.3675009],[-64.6602024,32.367191899999995],[-64.6603336,32.36718270000001],[-64.6604321,32.36720940000001],[-64.6605366,32.36728229999999],[-64.6606238,32.367439299999994],[-64.66065320000001,32.36754809999999],[-64.6606156,32.367737999999996],[-64.6605451,32.3678212],[-64.6604539,32.367878600000004],[-64.6603385,32.36789509999999],[-64.6602218,32.3678591],[-64.6601379,32.36779550000001],[-64.6601015,32.3677226],[-64.6600784,32.36760970000001],[-64.6600699,32.3675009]]]}},{"type":"Feature","properties":{"area_m2":371.28,"protected":true,"render":true},"geometry":{"type":"Polygon","coordinates":[[[-64.6714694,32.37057709999999],[-64.6714341,32.37050630000001],[-64.6714826,32.37042439999998],[-64.6715885,32.370431800000006],[-64.6716855,32.3704877],[-64.6717119,32.3705659],[-64.6715885,32.370606900000006],[-64.6714694,32.37057709999999]]]}},{"type":"Feature","properties":{"area_m2":342.62,"protected":true,"render":true},"geometry":{"type":"Polygon","coordinates":[[[-64.65695170000001,32.3705975],[-64.6571059,32.3706595],[-64.6571902,32.3707415],[-64.65722460000002,32.37082149999999],[-64.657096,32.3708028],[-64.6569862,32.3707506],[-64.6569323,32.37066840000001],[-64.65695170000001,32.3705975]]]}},{"type":"Feature","properties":{"area_m2":2636.0,"protected":true,"render":true},"geometry":{"type":"Polygon","coordinates":[[[-64.6742736,32.3717883],[-64.6742736,32.3716552],[-64.6749826,32.37138310000001],[-64.6754266,32.371485899999996],[-64.6752475,32.371606799999995],[-64.67478200000001,32.371703600000004],[-64.6745099,32.37187300000001],[-64.6742736,32.3717883]]]}},{"type":"Feature","properties":{"area_m2":3944.95,"protected":true,"render":true},"geometry":{"type":"Polygon","coordinates":[[[-64.6573844,32.372162],[-64.6573338,32.372027],[-64.6572528,32.3719621],[-64.6572144,32.371874899999995],[-64.6572549,32.3717638],[-64.6573358,32.3716424],[-64.6575524,32.371562100000006],[-64.6577264,32.371531299999994],[-64.6578944,32.37161340000001],[-64.6579632,32.3717108],[-64.6579409,32.37183040000001],[-64.6579004,32.37196380000001],[-64.657864,32.372001399999995],[-64.6578478,32.37208],[-64.657775,32.372160300000004],[-64.657692,32.3722116],[-64.6575544,32.3722509],[-64.6574674,32.3722475],[-64.6573844,32.372162]]]}},{"type":"Feature","properties":{"area_m2":274135.29,"protected":true,"render":true},"geometry":{"type":"Polygon","coordinates":[[[-64.6589183,32.370669],[-64.6591108,32.37069799999999],[-64.6592449,32.37075899999999],[-64.6594099,32.37080830000001],[-64.6596058,32.3708171],[-64.6597914,32.370759],[-64.6598396,32.370712499999996],[-64.6598155,32.3705877],[-64.6598464,32.3704367],[-64.6599564,32.3703641],[-64.6600871,32.3703554],[-64.6601799,32.3703787],[-64.6602899,32.37046289999999],[-64.6604721,32.3704948],[-64.6606749,32.37044249999999],[-64.660778,32.37036410000001],[-64.66086,32.3700694],[-64.660911,32.36998839999999],[-64.6610314,32.36991999999999],[-64.661238,32.3698728],[-64.6617508,32.3698297],[-64.6624388,32.3698865],[-64.6626381,32.3699213],[-64.662767,32.36986900000001],[-64.6629527,32.3698647],[-64.6632036,32.3699271],[-64.6634167,32.3700302],[-64.6641815,32.37011149999999],[-64.664472,32.370096899999986],[-64.665263,32.370299700000004],[-64.665627,32.37045399999999],[-64.6661838,32.370591899999994],[-64.6663866,32.3707095],[-64.6666221,32.3707313],[-64.6673938,32.3708779],[-64.6683425,32.3711595],[-64.6686674,32.37132939999999],[-64.6689716,32.3715152],[-64.6695164,32.371802599999995],[-64.6698172,32.371976800000006],[-64.6699753,32.3721016],[-64.6700853,32.37225110000001],[-64.6701437,32.372442799999995],[-64.6701541,32.3725429],[-64.670185,32.37259230000001],[-64.6701609,32.3726953],[-64.6701987,32.372789700000006],[-64.670185,32.3729436],[-64.6702555,32.3730945],[-64.670252,32.373357299999995],[-64.6702795,32.373593899999996],[-64.6705845,32.373895399999995],[-64.6706332,32.3739889],[-64.6706404,32.3740781],[-64.6706137,32.374135599999995],[-64.6705311,32.3742075],[-64.6702175,32.3743224],[-64.6700474,32.3743122],[-64.669763,32.374113],[-64.669554,32.37408429999999],[-64.6694713,32.374024799999994],[-64.6693741,32.37381330000001],[-64.6693449,32.373583399999994],[-64.66943,32.3732693],[-64.6694397,32.37308459999999],[-64.6695151,32.3729593],[-64.66939840000002,32.37278489999999],[-64.6693012,32.372733499999995],[-64.6691914,32.3727134],[-64.6690946,32.3727253],[-64.6690338,32.3727808],[-64.6690144,32.3729573],[-64.6688977,32.37304760000001],[-64.6687543,32.3730435],[-64.6686935,32.37308660000001],[-64.6684359,32.3730538],[-64.6682463,32.372996300000004],[-64.6681004,32.373045600000005],[-64.6679157,32.37304149999999],[-64.6678671,32.3729922],[-64.6674855,32.3729614],[-64.6673421,32.37285669999999],[-64.6672813,32.37273559999999],[-64.6671987,32.37268430000001],[-64.6670456,32.3726494],[-64.6670334,32.3725714],[-64.666924,32.372476899999995],[-64.6669192,32.372372199999994],[-64.6667874,32.37232599999999],[-64.6667247,32.372407100000004],[-64.6666129,32.372472800000004],[-64.6665546,32.37256310000001],[-64.6663941,32.3725652],[-64.6663358,32.3726535],[-64.6668111,32.372820299999994],[-64.66698240000001,32.37307839999999],[-64.6670504,32.373353499999986],[-64.6671744,32.373523899999995],[-64.6673324,32.373920099999985],[-64.6671258,32.3738893],[-64.6670383,32.37384819999999],[-64.666907,32.3738174],[-64.66673690000002,32.3736861],[-64.6664808,32.37358239999999],[-64.6663747,32.37345],[-64.6657569,32.3732896],[-64.6656625,32.3731934],[-64.6652955,32.37301070000001],[-64.6648872,32.3728937],[-64.6644278,32.37283620000001],[-64.6642358,32.37282179999999],[-64.6638377,32.37286700000001],[-64.6636743,32.3728239],[-64.6635868,32.3727068],[-64.6635916,32.372596],[-64.663526,32.3725755],[-64.6634288,32.372624699999996],[-64.6632071,32.3727029],[-64.6626145,32.3725837],[-64.6624104,32.37264730000001],[-64.6622159,32.37268219999999],[-64.6621163,32.372766399999996],[-64.6617532,32.37285239999999],[-64.6616058,32.37286900000001],[-64.6613141,32.37287309999999],[-64.6611343,32.372852599999995],[-64.6610662,32.37275000000001],[-64.6610249,32.3726247],[-64.66093250000002,32.37247489999999],[-64.6608791,32.3723291],[-64.6608888,32.3721669],[-64.6608232,32.3721013],[-64.6608232,32.3719966],[-64.6607711,32.37191740000001],[-64.6606646,32.371914499999995],[-64.6603655,32.37194929999999],[-64.660228,32.371937700000004],[-64.6599049,32.37187670000001],[-64.6597399,32.37188539999999],[-64.659379,32.3719464],[-64.6591761,32.37195219999999],[-64.6589905,32.371934799999984],[-64.6588427,32.3718738],[-64.658774,32.371827399999994],[-64.6587602,32.3716967],[-64.6586812,32.3715603],[-64.658578,32.37147900000001],[-64.6584302,32.37140349999999],[-64.658358,32.3712758],[-64.6583512,32.37109],[-64.6584096,32.3709071],[-64.6584887,32.37079090000001],[-64.6586296,32.3707038],[-64.6587671,32.3706719],[-64.6589183,32.370669]]]}},{"type":"Feature","properties":{"area_m2":192.65,"protected":true,"render":true},"geometry":{"type":"Polygon","coordinates":[[[-64.6642426,32.3735078],[-64.6641809,32.3735372],[-64.6640199,32.3734942],[-64.6639395,32.3734965],[-64.6639261,32.373476100000005],[-64.6639556,32.373433],[-64.6641836,32.3734557],[-64.6642426,32.3735078]]]}},{"type":"Feature","properties":{"area_m2":1528.31,"protected":true,"render":true},"geometry":{"type":"Polygon","coordinates":[[[-64.6654059,32.374251300000005],[-64.6653852,32.374198],[-64.6651822,32.37409740000001],[-64.6651531,32.374055299999995],[-64.6651701,32.374010099999985],[-64.6652855,32.3739527],[-64.6654338,32.37395470000001],[-64.6655165,32.3739752],[-64.6656076,32.3740255],[-64.6657352,32.3741559],[-64.6657814,32.37429139999999],[-64.66586650000002,32.374377599999995],[-64.6655177,32.37429860000001],[-64.6654059,32.374251300000005]]]}},{"type":"Feature","properties":{"area_m2":166.73,"protected":false,"render":false},"geometry":{"type":"Polygon","coordinates":[[[-64.6700402,32.3745895],[-64.6701112,32.3745725],[-64.6701421,32.37458719999999],[-64.6701461,32.37465519999999],[-64.67007910000001,32.3746812],[-64.6699798,32.3746642],[-64.6698497,32.374705000000006],[-64.669847,32.374680100000006],[-64.6700026,32.37463019999999],[-64.6700402,32.3745895]]]}},{"type":"Feature","properties":{"area_m2":2563.69,"protected":true,"render":true},"geometry":{"type":"Polygon","coordinates":[[[-64.6710438,32.374998000000005],[-64.6707585,32.3750822],[-64.6706399,32.37509810000001],[-64.6705059,32.37505169999999],[-64.6704234,32.37497759999999],[-64.6704096,32.37481360000001],[-64.6703306,32.37471199999999],[-64.6703461,32.374651],[-64.6704526,32.37457990000001],[-64.6705403,32.37456829999999],[-64.6706417,32.374585700000004],[-64.6707878,32.374743899999984],[-64.671049,32.374849899999994],[-64.6710971,32.374918099999995],[-64.6710885,32.37496889999999],[-64.6710438,32.374998000000005]]]}},{"type":"Feature","properties":{"area_m2":128965.36,"protected":true,"render":true},"geometry":{"type":"Polygon","coordinates":[[[-64.6602262,32.376657300000005],[-64.6600172,32.3766244],[-64.6598835,32.3764725],[-64.6598276,32.3763042],[-64.6595238,32.376226200000005],[-64.6594557,32.3760414],[-64.6592597,32.3760605],[-64.6591932,32.376092699999994],[-64.6588554,32.3759347],[-64.6585928,32.37588130000001],[-64.6585734,32.3757664],[-64.6585005,32.375733499999996],[-64.6583862,32.3755262],[-64.6582793,32.375485099999985],[-64.6580168,32.3754687],[-64.6578269,32.3753347],[-64.6577834,32.37514639999999],[-64.6578564,32.375058100000004],[-64.6578515,32.3748508],[-64.6577616,32.3747276],[-64.6576284,32.37459760000001],[-64.657713,32.374434099999995],[-64.6577178,32.3743109],[-64.6575574,32.37414669999999],[-64.6573435,32.3741303],[-64.6572025,32.37398039999999],[-64.6572754,32.373830500000004],[-64.657081,32.3736745],[-64.6569862,32.373545199999995],[-64.6570202,32.3734241],[-64.6571491,32.37337480000001],[-64.6572754,32.3734282],[-64.6575623,32.3733892],[-64.65779320000001,32.37329069999999],[-64.6580168,32.37325369999999],[-64.6583206,32.37329270000001],[-64.6586755,32.373397399999995],[-64.6588748,32.373528799999995],[-64.6591033,32.3737833],[-64.6593634,32.373949599999996],[-64.6595748,32.374044],[-64.6597523,32.3740358],[-64.66000500000001,32.37400089999999],[-64.6603356,32.373992699999995],[-64.6606103,32.37407689999999],[-64.6608922,32.374292399999995],[-64.6610551,32.3744875],[-64.6612495,32.374663999999996],[-64.6614634,32.3747358],[-64.6616943,32.37495340000001],[-64.6620832,32.3749986],[-64.6625183,32.3750787],[-64.6627322,32.375208],[-64.6628367,32.37522649999999],[-64.6629509,32.37533940000001],[-64.6631673,32.3753702],[-64.6633326,32.3752901],[-64.663578,32.37525110000001],[-64.6637215,32.3752798],[-64.6638163,32.3753312],[-64.6638163,32.3754749],[-64.6637239,32.375665799999986],[-64.6636801,32.37579710000001],[-64.6637458,32.3759819],[-64.66371170000001,32.376205600000006],[-64.6635465,32.3764417],[-64.6634249,32.3766614],[-64.6633447,32.37665520000001],[-64.6632888,32.3765444],[-64.66320620000002,32.3764971],[-64.6630652,32.376462200000006],[-64.6629582,32.3763842],[-64.66281,32.376176900000004],[-64.6625839,32.3761092],[-64.6624162,32.37610299999999],[-64.6623311,32.37616249999999],[-64.6623093,32.3762385],[-64.6623117,32.3763165],[-64.6622607,32.37642530000001],[-64.6621391,32.37650330000001],[-64.6619471,32.3765382],[-64.6617016,32.3765361],[-64.661636,32.37667780000001],[-64.6617405,32.3768297],[-64.6617429,32.376957],[-64.6616433,32.37706579999999],[-64.661495,32.3771663],[-64.6613929,32.3771766],[-64.6612519,32.37714170000001],[-64.6610283,32.3771787],[-64.6608801,32.37714789999999],[-64.6609384,32.377004199999995],[-64.66090680000002,32.37691589999999],[-64.6605398,32.376887200000006],[-64.6604474,32.3768646],[-64.6604304,32.37677020000001],[-64.6602262,32.376657300000005]],[[-64.6610346,32.37532379999999],[-64.660979,32.375478199999996],[-64.660967,32.37567279999999],[-64.6610862,32.3757332],[-64.6612213,32.3757299],[-64.6612809,32.375635900000006],[-64.6613048,32.375541899999995],[-64.66121740000001,32.37526669999999],[-64.6611458,32.37522649999999],[-64.6610346,32.37532379999999]]]}},{"type":"Feature","properties":{"area_m2":13025.31,"protected":true,"render":true},"geometry":{"type":"Polygon","coordinates":[[[-64.6714566,32.3755369],[-64.671583,32.3755786],[-64.6716629,32.37570529999999],[-64.6716508,32.3759245],[-64.6716962,32.3760551],[-64.6718743,32.37615529999999],[-64.6724561,32.376349100000006],[-64.6724775,32.37646589999999],[-64.6725824,32.376632],[-64.67251880000002,32.37663429999999],[-64.6723675,32.376537],[-64.6722627,32.3765443],[-64.6721699,32.3768259],[-64.6720794,32.3768383],[-64.6720159,32.376816500000004],[-64.671931,32.37685059999999],[-64.6718588,32.37683459999999],[-64.6717316,32.37667489999999],[-64.6716405,32.3766691],[-64.671449,32.37655300000001],[-64.6714291,32.37648620000001],[-64.6714584,32.376264199999994],[-64.67142050000001,32.3761713],[-64.6711541,32.3759942],[-64.6710424,32.375965099999995],[-64.6709187,32.3760174],[-64.6708809,32.3761408],[-64.6708052,32.37621919999999],[-64.6706763,32.376229300000006],[-64.6704323,32.3761248],[-64.6702862,32.3760276],[-64.6702702,32.3759345],[-64.6702845,32.3758751],[-64.6703824,32.375654499999996],[-64.6705103,32.37555869999999],[-64.6707709,32.3755268],[-64.6708826,32.3755529],[-64.6709702,32.37562549999999],[-64.6710545,32.3756313],[-64.6712229,32.3755471],[-64.6714566,32.3755369]]]}},{"type":"Feature","properties":{"area_m2":5777.42,"protected":true,"render":true},"geometry":{"type":"Polygon","coordinates":[[[-64.6640805,32.3772521],[-64.6642303,32.37700250000001],[-64.66433860000001,32.37686409999999],[-64.66437600000002,32.37685129999999],[-64.6644297,32.3768573],[-64.6644155,32.3768214],[-64.6644246,32.37678029999999],[-64.6644934,32.376735000000004],[-64.6645996,32.37674359999999],[-64.6646341,32.37678460000001],[-64.664628,32.376847899999994],[-64.6645956,32.37686839999999],[-64.6645288,32.37687259999999],[-64.6645308,32.37700939999999],[-64.6644286,32.377105900000004],[-64.6644054,32.3772393],[-64.6645258,32.3773384],[-64.6645986,32.37737429999999],[-64.6646492,32.3773691],[-64.6647464,32.37730589999999],[-64.6649417,32.37724349999999],[-64.6650054,32.3772512],[-64.6650469,32.377276],[-64.6650884,32.37734269999999],[-64.6650955,32.3774401],[-64.6650489,32.37763749999999],[-64.6650034,32.377669999999995],[-64.6646705,32.37770410000001],[-64.66437,32.3777674],[-64.6642425,32.377710099999994],[-64.66414130000001,32.37763580000001],[-64.6640451,32.3775939],[-64.6640087,32.37751020000001],[-64.6640795,32.37745890000001],[-64.6640654,32.377343499999995],[-64.6640805,32.3772521]]]}},{"type":"Feature","properties":{"area_m2":16740.81,"protected":true,"render":true},"geometry":{"type":"Polygon","coordinates":[[[-64.6618484,32.377943300000005],[-64.6618787,32.3778997],[-64.6618919,32.3778373],[-64.6619759,32.37776209999999],[-64.6619395,32.377716],[-64.6621004,32.3775613],[-64.6621459,32.377463899999995],[-64.6621398,32.37742370000001],[-64.6621014,32.377378400000005],[-64.6620143,32.3773724],[-64.6620498,32.3773229],[-64.6620973,32.377285300000004],[-64.6623533,32.37717080000001],[-64.6624818,32.37706649999999],[-64.6624788,32.3770203],[-64.6625264,32.376957999999995],[-64.662585,32.37693399999999],[-64.6626893,32.3769332],[-64.6627716,32.3769566],[-64.6628967,32.3769528],[-64.6630566,32.37691610000001],[-64.6631811,32.37692799999999],[-64.6633207,32.3769853],[-64.6634219,32.377075899999994],[-64.6634705,32.3771579],[-64.6634745,32.377228],[-64.66342800000001,32.377289499999996],[-64.6634297,32.37733120000001],[-64.6635484,32.37740319999999],[-64.6636263,32.3773938],[-64.6637163,32.377422899999985],[-64.6637295,32.37750750000001],[-64.6636727,32.3776046],[-64.6635635,32.37772199999999],[-64.6636334,32.377854400000004],[-64.6635868,32.377902299999995],[-64.6635079,32.377939],[-64.6632964,32.377986],[-64.6626862,32.378074899999994],[-64.6622876,32.37814839999999],[-64.6620356,32.37816720000001],[-64.6620052,32.3780937],[-64.6619314,32.3780775],[-64.6619111,32.378021099999984],[-64.6618686,32.3780065],[-64.6618484,32.377943300000005]]]}},{"type":"Feature","properties":{"area_m2":51.53,"protected":false,"render":false},"geometry":{"type":"Polygon","coordinates":[[[-64.6758753,32.390831299999995],[-64.6758217,32.390811],[-64.6758163,32.39077019999999],[-64.6758887,32.3907543],[-64.6759129,32.390797400000004],[-64.6758753,32.390831299999995]]]}},{"type":"Feature","properties":{"area_m2":45.51,"protected":false,"render":false},"geometry":{"type":"Polygon","coordinates":[[[-64.8552547,32.2527691],[-64.85524,32.25279750000001],[-64.8552038,32.252799700000004],[-64.8551635,32.2527668],[-64.8551877,32.2527147],[-64.8552547,32.2527691]]]}},{"type":"Feature","properties":{"area_m2":74.01,"protected":false,"render":false},"geometry":{"type":"Polygon","coordinates":[[[-64.8551381,32.252575199999995],[-64.8550978,32.252572900000004],[-64.8550898,32.2525196],[-64.8551206,32.2524844],[-64.855185,32.2525003],[-64.8551931,32.25255249999999],[-64.8551381,32.252575199999995]]]}},{"type":"Feature","properties":{"area_m2":210.01,"protected":true,"render":true},"geometry":{"type":"Polygon","coordinates":[[[-64.8705071,32.3043322],[-64.8704269,32.30427949999999],[-64.8704225,32.3042397],[-64.8703569,32.304106499999996],[-64.8704777,32.30415930000001],[-64.8705139,32.3042427],[-64.8705777,32.30428460000001],[-64.8705664,32.3043336],[-64.8705071,32.3043322]]]}},{"type":"Feature","properties":{"area_m2":124.24,"protected":false,"render":false},"geometry":{"type":"Polygon","coordinates":[[[-64.740485,32.32894149999999],[-64.7403392,32.3289856],[-64.7403304,32.3289272],[-64.740383,32.32888640000001],[-64.74043950000001,32.32887389999999],[-64.7405096,32.3289022],[-64.740485,32.32894149999999]]]}},{"type":"Feature","properties":{"area_m2":426.76,"protected":false,"render":false},"geometry":{"type":"Polygon","coordinates":[[[-64.6946114,32.373383499999996],[-64.6946327,32.37327119999999],[-64.6946761,32.3732618],[-64.6947795,32.37327119999999],[-64.6948386,32.373303099999994],[-64.6948488,32.3733616],[-64.6948358,32.3734201],[-64.6948035,32.3734685],[-64.6947601,32.3734786],[-64.6946779,32.37345909999999],[-64.6946317,32.3734311],[-64.6946114,32.373383499999996]]]}},{"type":"Feature","properties":{"area_m2":202.54,"protected":false,"render":false},"geometry":{"type":"Polygon","coordinates":[[[-64.6946225,32.3736035],[-64.6945726,32.3735364],[-64.6945856,32.373494199999996],[-64.6946317,32.3734794],[-64.6947102,32.3734942],[-64.6947564,32.373559],[-64.694749,32.373611999999994],[-64.6946779,32.37363],[-64.6946225,32.3736035]]]}}]}
