{"type":"FeatureCollection","features":[{"type":"Feature","properties":{"kind":"local"},"geometry":{"type":"MultiLineString","coordinates":[[[-64.7853783,32.2959497],[-64.7853196,32.2949769]],[[-64.7819328,32.2925937],[-64.7820907,32.29423449999999]],[[-64.7866249,32.294861700000006],[-64.7866755,32.2953476]],[[-64.7647113,32.28920959999999],[-64.7673249,32.292451],[-64.7683111,32.29374370000001]],[[-64.7385569,32.307019600000004],[-64.7386085,32.3072225],[-64.7384333,32.3079173],[-64.73844310000001,32.30805019999999],[-64.7397591,32.3098889]],[[-64.7173179,32.32015470000001],[-64.7170209,32.3196975],[-64.716929,32.319025399999994],[-64.7167862,32.31865139999999],[-64.7167809,32.318465499999995],[-64.7169096,32.3182275],[-64.7170249,32.3177991],[-64.7170249,32.31765399999999],[-64.7169632,32.3175611]],[[-64.7152894,32.3157556],[-64.7161398,32.3165388]],[[-64.7145962,32.3454498],[-64.71610760000002,32.3453506],[-64.7168345,32.345141000000005],[-64.7179423,32.34509679999999],[-64.7180254,32.34507980000001],[-64.7184505,32.344769400000004],[-64.7186235,32.3447442],[-64.7188649,32.3452237],[-64.7190527,32.3455161],[-64.7192136,32.3456724],[-64.7201537,32.3463669],[-64.7214489,32.3470248],[-64.7219813,32.3474982],[-64.7229712,32.3485065]],[[-64.7147263,32.3463919],[-64.7159024,32.3477038],[-64.716063,32.3478124],[-64.7162723,32.347883200000005],[-64.7169657,32.34794259999999],[-64.7190025,32.3484541],[-64.7204944,32.3488848],[-64.7217765,32.34955289999999]],[[-64.7197839,32.317355899999995],[-64.7194027,32.3173446],[-64.7191238,32.317179100000004],[-64.7189548,32.31697739999999],[-64.7189038,32.316855000000004],[-64.7189682,32.31652630000001],[-64.7191667,32.3161636],[-64.719246,32.31584939999999],[-64.7191464,32.3156945],[-64.7186403,32.315387],[-64.7182791,32.3154494],[-64.718026,32.31569939999999],[-64.717924,32.3157424],[-64.7167823,32.3158872],[-64.7163597,32.3160106],[-64.7162203,32.31645040000001],[-64.7161157,32.3166227],[-64.716062,32.3166952],[-64.7158474,32.316756399999996]],[[-64.7169632,32.3175611],[-64.7159628,32.3172641],[-64.7157563,32.3168924],[-64.7157697,32.31681080000001],[-64.7158474,32.316756399999996]],[[-64.7309969,32.3216689],[-64.7304853,32.320447299999984],[-64.7304941,32.3203784],[-64.7306408,32.320269800000005],[-64.7308715,32.31990030000001],[-64.7305885,32.3190514]],[[-64.7122678,32.364140500000005],[-64.7116951,32.3651662],[-64.7115243,32.3653557],[-64.7113009,32.365500899999994],[-64.7110487,32.365527],[-64.7103969,32.36542389999999],[-64.7099973,32.36555870000001],[-64.7094286,32.3656468],[-64.7092597,32.3657615],[-64.7091444,32.366438900000006],[-64.7089059,32.36668939999999],[-64.708553,32.36674020000001],[-64.7071716,32.3667855],[-64.7068041,32.3669083],[-64.706379,32.367417599999996],[-64.7047697,32.368260299999996],[-64.7044827,32.3684585],[-64.7041965,32.3687359],[-64.7036056,32.3690045],[-64.7032371,32.369236900000004],[-64.703159,32.3693375],[-64.7031199,32.3696746],[-64.702898,32.37000609999999],[-64.7027689,32.37011890000001],[-64.7022146,32.37026219999999],[-64.7017877,32.3703203],[-64.7015877,32.37043570000001],[-64.7013736,32.370776],[-64.7011146,32.3709706],[-64.7009812,32.3710218],[-64.7002884,32.371110599999994],[-64.698274,32.372250099999995],[-64.6981048,32.3724364],[-64.698032,32.3726141],[-64.6980829,32.373268],[-64.6980295,32.37369009999999],[-64.697902,32.3738865],[-64.6975136,32.37422580000001],[-64.6973134,32.374311399999996],[-64.6963932,32.3745034],[-64.6952309,32.3744155],[-64.6950571,32.3744429]],[[-64.6840965,32.3700869],[-64.6836312,32.3688134],[-64.6834539,32.3684526],[-64.6831692,32.368269999999995],[-64.68293970000002,32.368188499999995],[-64.6816704,32.368029199999995],[-64.6811802,32.36790799999999],[-64.680389,32.367477599999994],[-64.6788996,32.36648039999999]],[[-64.6799907,32.36720689999999],[-64.6797108,32.3675254],[-64.6796792,32.3677272],[-64.6798026,32.3679218],[-64.6805104,32.3683913],[-64.6806967,32.368592],[-64.6808093,32.36896300000001],[-64.6807478,32.36938260000001]],[[-64.6698646,32.36694889999998],[-64.6695395,32.36740269999999]],[[-64.6840965,32.3700869],[-64.6835092,32.3702456],[-64.68329370000001,32.3702653],[-64.6807478,32.36938260000001]],[[-64.664268,32.3636812],[-64.664056,32.3634051],[-64.663743,32.36325229999999]],[[-64.83318,32.326760099999994],[-64.8327563,32.3267504],[-64.8325744,32.32669450000001],[-64.8319732,32.3259313],[-64.8319081,32.3257159],[-64.8331607,32.323501199999995]],[[-64.853749,32.3092406],[-64.8532184,32.308910199999985],[-64.8529374,32.30884629999999],[-64.8523562,32.30849020000001]],[[-64.7563373,32.30350889999999],[-64.7562023,32.30382449999999],[-64.7557599,32.304186900000005],[-64.7556162,32.304395500000005],[-64.7554929,32.30497129999999],[-64.7552925,32.305485],[-64.7556203,32.30572149999998]],[[-64.7488587,32.311899499999996],[-64.7486757,32.3117658],[-64.746898,32.3094022],[-64.7466336,32.3092592]],[[-64.7758237,32.2994985],[-64.7758373,32.2999722],[-64.7762969,32.3013255],[-64.7770962,32.302210200000005],[-64.7770041,32.30280569999999],[-64.7770084,32.303143399999996],[-64.7770585,32.303333800000004],[-64.7771769,32.3035035]],[[-64.7760206,32.299505599999996],[-64.7761517,32.2980174]],[[-64.7898409,32.300691900000004],[-64.790604,32.300163899999994],[-64.79088040000002,32.2998819],[-64.7918581,32.2996521],[-64.7919621,32.299536],[-64.7920557,32.2992408],[-64.7922491,32.299063600000004]],[[-64.8013422,32.3022885],[-64.8004108,32.30249980000001],[-64.8003418,32.302550399999994],[-64.8003459,32.30260500000001],[-64.8006554,32.3030282],[-64.8008627,32.303712899999994],[-64.8010958,32.304193100000006],[-64.8013682,32.30493400000001],[-64.8015235,32.30495679999999],[-64.8017757,32.3056304]],[[-64.7889353,32.29136470000001],[-64.7895008,32.29320870000001]],[[-64.6793635,32.385009200000006],[-64.6792781,32.3849356],[-64.6785089,32.3834785]],[[-64.6729349,32.38371589999999],[-64.6729764,32.38403850000001],[-64.6728739,32.384255],[-64.6718882,32.3849492],[-64.6715459,32.3852777],[-64.6714661,32.3859722]],[[-64.67668320000001,32.38035909999999],[-64.6767062,32.380415600000006]],[[-64.6779061,32.38109399999999],[-64.6779451,32.381454100000006],[-64.6779047,32.38229479999999],[-64.6780781,32.382641099999994]],[[-64.6656673,32.380666700000006],[-64.6672912,32.379522999999985]],[[-64.6765835,32.38335209999999],[-64.6773382,32.38376099999999],[-64.6778459,32.3837723],[-64.6785726,32.383603599999994]],[[-64.6713898,32.38612499999999],[-64.6713886,32.3860523],[-64.6714661,32.3859722]],[[-64.7951604,32.30102480000001],[-64.7947459,32.2998328],[-64.7954445,32.29962439999999],[-64.7956518,32.299267500000006],[-64.7954239,32.298477299999995],[-64.7955174,32.29789459999999]],[[-64.7924292,32.30301829999999],[-64.7917493,32.3031792],[-64.7909606,32.303494099999995],[-64.7906537,32.30354319999999],[-64.7905183,32.3034805],[-64.7902557,32.3031055],[-64.7900771,32.30302089999999],[-64.7895024,32.3028712],[-64.7894249,32.30281380000001],[-64.7891254,32.30241109999999],[-64.7883363,32.301768800000005],[-64.7878331,32.301526599999995],[-64.7872118,32.3014787]],[[-64.7922491,32.299063600000004],[-64.7923919,32.299002800000004]],[[-64.7923919,32.299002800000004],[-64.7929435,32.298711],[-64.7931548,32.2985374],[-64.7936005,32.2980249]],[[-64.7870115,32.3005882],[-64.7869416,32.30073320000001],[-64.7872816,32.30178449999999],[-64.7870654,32.30205130000001],[-64.7864414,32.3023096],[-64.7858231,32.302795700000004],[-64.7855909,32.3031985],[-64.785548,32.3034456],[-64.7856023,32.304161400000005],[-64.785495,32.304457199999995],[-64.7858082,32.305546]],[[-64.7666866,32.2999654],[-64.7668116,32.299985],[-64.7669614,32.3000761],[-64.7674496,32.30052920000001],[-64.7674795,32.30062770000001]],[[-64.7691873,32.3070625],[-64.7689715,32.306759400000004]],[[-64.7663591,32.2990273],[-64.7669239,32.3007072]],[[-64.7753504,32.28592689999999],[-64.7775213,32.2863739],[-64.77776,32.2864603],[-64.7784202,32.28709760000001],[-64.7789472,32.287338999999996],[-64.7794676,32.28765190000001],[-64.7798363,32.2880587],[-64.7798028,32.2882143],[-64.7797318,32.288284499999996],[-64.7790237,32.28855319999999],[-64.7789794,32.2886371],[-64.7790639,32.2886711],[-64.7795239,32.2885533],[-64.779692,32.2885781]],[[-64.7836722,32.2809063],[-64.7856237,32.28371829999999]],[[-64.7974946,32.2797446],[-64.794638,32.275409]],[[-64.8119282,32.2650349],[-64.8123279,32.2655543],[-64.8123561,32.26594660000001],[-64.8125687,32.2668204],[-64.8125584,32.26706089999999]],[[-64.81282770000001,32.2684098],[-64.8130006,32.2688809],[-64.8141848,32.270480899999995],[-64.8141342,32.2707564]],[[-64.87435330000001,32.3027637],[-64.8777076,32.3019924],[-64.8777345,32.3018815]],[[-64.8610665,32.29880570000001],[-64.8613812,32.29925930000001],[-64.8614281,32.2993988],[-64.8614134,32.29995989999999],[-64.8615354,32.3005017],[-64.8616923,32.300723899999994],[-64.86254080000002,32.3015158],[-64.8631995,32.30189099999999],[-64.8636285,32.30219099999998],[-64.8646799,32.3033619]],[[-64.872507,32.2969849],[-64.8726386,32.2973009],[-64.8728988,32.2983586],[-64.8732569,32.2993108],[-64.8736713,32.3007981],[-64.87435330000001,32.3027637],[-64.8744504,32.30319159999999],[-64.8744558,32.30360079999999]],[[-64.8671396,32.3067058],[-64.8669637,32.3065706],[-64.8666635,32.306181],[-64.8665625,32.30595639999999],[-64.866328,32.3050325],[-64.8659954,32.30409279999999],[-64.8659266,32.3037689],[-64.8655553,32.30352489999999],[-64.8655282,32.30343839999999]],[[-64.8663698,32.30518690000001],[-64.8689248,32.304666299999994]],[[-64.874168,32.29258889999999],[-64.8722867,32.2931123],[-64.870617,32.294030600000006],[-64.8692048,32.294608700000005],[-64.8689406,32.2946994],[-64.8683298,32.294755099999996]],[[-64.873406,32.268514399999994],[-64.8699681,32.2701501]],[[-64.8675352,32.3062048],[-64.8677171,32.30630930000001],[-64.8680402,32.306945500000005],[-64.8683449,32.307098999999994],[-64.8686635,32.307573299999994],[-64.8686281,32.3078152],[-64.8683446,32.3081547],[-64.8683801,32.3089319]],[[-64.8750311,32.2960562],[-64.8744711,32.295983200000016],[-64.87402140000002,32.2959833],[-64.8734734,32.296080399999994],[-64.8734206,32.296051299999995]],[[-64.7695824,32.29311249999999],[-64.7692808,32.2932451]],[[-64.7875682,32.29591349999999],[-64.7875874,32.2958149]],[[-64.8451334,32.24909280000001],[-64.8451877,32.24973349999999],[-64.8458848,32.251978900000005],[-64.846336,32.25361749999999]],[[-64.8405208,32.2547796],[-64.840988,32.254378],[-64.841161,32.2540037],[-64.8405769,32.25201920000001]],[[-64.8683298,32.294755099999996],[-64.8682783,32.295215],[-64.8683242,32.295663299999994],[-64.8686528,32.29715060000001]],[[-64.8683298,32.294755099999996],[-64.867795,32.29474239999999],[-64.8661297,32.2942652],[-64.8646504,32.2947527],[-64.8628063,32.29547179999999],[-64.8625496,32.2957699],[-64.862332,32.296641799999996],[-64.8621912,32.29701589999999],[-64.8619592,32.2981201],[-64.8620195,32.29861319999999]],[[-64.8333071,32.25250379999999],[-64.8335344,32.25262310000001],[-64.8337742,32.252872399999994],[-64.8340429,32.2530553],[-64.8343509,32.253179700000004],[-64.8347401,32.2532363],[-64.835102,32.2530906],[-64.8358177,32.252454199999995],[-64.8359587,32.2523795],[-64.8375038,32.2521729],[-64.8376807,32.252285799999996],[-64.8379753,32.2530741],[-64.8380765,32.2531479],[-64.838212,32.2531516],[-64.83925610000001,32.2529563],[-64.8395995,32.25258399999999],[-64.8400213,32.2522291],[-64.8418188,32.251729700000006],[-64.8431674,32.2514965],[-64.8433002,32.251432400000006],[-64.8437382,32.2510576],[-64.8439251,32.25069809999999],[-64.844023,32.2506278],[-64.8454498,32.2505481]],[[-64.7709746,32.2918998],[-64.7716756,32.29246650000001],[-64.7721283,32.292541899999996],[-64.7734208,32.2923359],[-64.7742917,32.292061499999996],[-64.7743835,32.2919531],[-64.7744568,32.2915609],[-64.7744729,32.2913182],[-64.7744213,32.29105070000001],[-64.77387790000002,32.29041420000001],[-64.7738665,32.2903428]],[[-64.6720703,32.38196339999998],[-64.6719824,32.382079000000004],[-64.6717756,32.38269939999999],[-64.67186,32.382913800000004],[-64.6721079,32.3832839]],[[-64.6769316,32.38097489999999],[-64.6768397,32.380744799999995]],[[-64.77904170000001,32.276639499999995],[-64.7782477,32.27549320000001],[-64.7781239,32.27543849999999]],[[-64.870445,32.3016707],[-64.8704728,32.301893899999996],[-64.8703365,32.303362400000005],[-64.8702156,32.3036705],[-64.8698701,32.30401799999999],[-64.8689248,32.304666299999994],[-64.8683297,32.305181499999996],[-64.8672979,32.3065346],[-64.8666595,32.3071716],[-64.8664366,32.3075586]],[[-64.7798383,32.2757279],[-64.7806912,32.27684130000001],[-64.7808803,32.2771736],[-64.7818896,32.27846360000001]],[[-64.7928807,32.268889300000005],[-64.7929625,32.268957900000004],[-64.7931449,32.26898510000001],[-64.7936062,32.2688491],[-64.7938879,32.2688366],[-64.7941279,32.2688842],[-64.7943184,32.269100800000004],[-64.7948722,32.270028399999994]],[[-64.80696180000001,32.2619894],[-64.8065285,32.26203509999999],[-64.8060042,32.26189049999999],[-64.8050178,32.26194199999999],[-64.8040271,32.26234079999999],[-64.8035725,32.262325999999995],[-64.8029985,32.262188800000004],[-64.8026163,32.262248899999996],[-64.8025512,32.262190099999984]],[[-64.7733185,32.2856063],[-64.7739844,32.2857503],[-64.77476840000001,32.28579930000001],[-64.7753504,32.28592689999999]],[[-64.6765792,32.384459899999996],[-64.676338,32.38472610000001],[-64.676038,32.385402],[-64.6758773,32.38545940000001],[-64.6757405,32.38542669999998]],[[-64.76517530000001,32.3052187],[-64.7651673,32.304652],[-64.7649835,32.3042949],[-64.7645329,32.30359549999999],[-64.7641859,32.3032172],[-64.7634134,32.30255520000001],[-64.7623379,32.3006803],[-64.7622762,32.3000251],[-64.7618577,32.2992565],[-64.7616253,32.298916299999995],[-64.7610115,32.29840909999999]],[[-64.7776174,32.3043604],[-64.7777462,32.3050241],[-64.7777143,32.3051366],[-64.7776169,32.30522010000001],[-64.7768691,32.30559780000001],[-64.7758631,32.30576130000001],[-64.7751487,32.30599780000001],[-64.7749544,32.3061199],[-64.7748513,32.3064291],[-64.7750849,32.3071946]],[[-64.7771769,32.3035035],[-64.7773814,32.303737099999985]],[[-64.76903,32.3005308],[-64.7685438,32.30061679999999]],[[-64.7772479,32.28250439999999],[-64.7783637,32.2840475],[-64.778994,32.2845622],[-64.7798202,32.285453399999994],[-64.7803164,32.28577760000001],[-64.7809689,32.28606609999999],[-64.7814617,32.286507799999995]],[[-64.6967093,32.374446799999994],[-64.6963574,32.3750349],[-64.6961597,32.3752261],[-64.695898,32.3753925]],[[-64.6767643,32.380278000000004],[-64.6767125,32.3803463],[-64.6766185,32.38036369999998],[-64.6765379,32.38032019999999],[-64.6765171,32.38024010000001],[-64.6765679,32.3801728],[-64.6766641,32.38015500000001],[-64.6767435,32.3801983],[-64.6767643,32.380278000000004]],[[-64.7314562,32.312088800000005],[-64.7313959,32.3126941],[-64.7314281,32.312957000000004],[-64.7315944,32.313609899999996],[-64.7317204,32.31387060000001]],[[-64.7329636,32.31169439999999],[-64.7338985,32.3122372],[-64.7340651,32.31226169999999],[-64.7347974,32.3122186],[-64.7353767,32.312347800000005],[-64.7357737,32.3121801],[-64.7359668,32.3121869],[-64.7361653,32.3122526],[-64.7362855,32.31235519999999],[-64.7364872,32.3130233],[-64.736749,32.3132255],[-64.73710050000001,32.31328709999999],[-64.7378497,32.3131389],[-64.7386168,32.31275579999999],[-64.7388645,32.31269629999999],[-64.7389932,32.312734899999995],[-64.7391273,32.3128188],[-64.7391837,32.3129661],[-64.739181,32.31339229999999],[-64.7393974,32.31374189999999]],[[-64.7438936,32.3031441],[-64.7446571,32.30298169999998],[-64.7440806,32.3034466],[-64.7440825,32.3035284],[-64.7445206,32.3034033],[-64.7446116,32.303445],[-64.746257,32.3057401]],[[-64.7485893,32.3067161],[-64.7486467,32.30693420000001],[-64.7503644,32.309244199999995]],[[-64.7298134,32.315654699999996],[-64.730101,32.315660400000006],[-64.7302338,32.3155992],[-64.7304162,32.3154757],[-64.7306361,32.3151708],[-64.7307877,32.315050600000006],[-64.7308514,32.314848999999995],[-64.7310373,32.31473679999999],[-64.7315085,32.314573299999985],[-64.7315032,32.3141675],[-64.7317204,32.31387060000001]],[[-64.7416506,32.310269000000005],[-64.7412852,32.3102912],[-64.7404135,32.3105587],[-64.7402478,32.3105058],[-64.7401378,32.3104038],[-64.7397591,32.3098889]],[[-64.7683266,32.2913108],[-64.7685717,32.291236],[-64.768862,32.291329],[-64.7690109,32.2913115],[-64.7692442,32.2910995],[-64.7692476,32.290970099999996],[-64.7691551,32.290867],[-64.7688674,32.2907378],[-64.768571,32.2905326],[-64.768155,32.2900951],[-64.768029,32.289858699999996],[-64.7679877,32.2894408],[-64.7678552,32.28917709999999],[-64.7678611,32.28876859999999],[-64.7680413,32.28859169999999],[-64.7684288,32.2884454],[-64.7688089,32.2884093],[-64.769155,32.2884654],[-64.7697669,32.28865899999999],[-64.76987700000001,32.288738800000004],[-64.7698779,32.2891724],[-64.7700275,32.28953980000001],[-64.770113,32.289998],[-64.77010930000002,32.2909041],[-64.770157,32.2910781],[-64.7703931,32.29148620000001],[-64.7708445,32.2920246]],[[-64.7638574,32.2975778],[-64.7646219,32.298315499999994],[-64.7648313,32.2984586],[-64.7663591,32.2990273]],[[-64.7585194,32.305710100000006],[-64.7585939,32.30601440000001],[-64.7571961,32.307227399999995],[-64.7571179,32.30735129999999],[-64.7570417,32.3077921],[-64.7567707,32.308236],[-64.7562653,32.3097023],[-64.7560736,32.3099642],[-64.7558348,32.3101841],[-64.7556095,32.310320099999984],[-64.7554849,32.31034249999999],[-64.7547727,32.3102385],[-64.7543717,32.3102203],[-64.7541249,32.31025770000001],[-64.7528153,32.3107477],[-64.7517324,32.31139129999998],[-64.7513986,32.31152289999999],[-64.7503825,32.311733999999994],[-64.7502781,32.31179109999999],[-64.7499029,32.312227099999994],[-64.7496928,32.312319],[-64.7490846,32.312383800000006],[-64.7485436,32.31224069999999]],[[-64.8001172,32.2962982],[-64.8006742,32.2964417],[-64.8007855,32.2965169],[-64.8010648,32.2968273],[-64.801186,32.2970331],[-64.8014578,32.2976856],[-64.8019781,32.2981549]],[[-64.8013006,32.295063500000005],[-64.8016378,32.2949741]],[[-64.8019781,32.2981549],[-64.8022839,32.29789650000001],[-64.802532,32.2977905],[-64.802672,32.2977868],[-64.8030342,32.297954],[-64.8034558,32.297966499999994],[-64.8037599,32.2980888],[-64.8042172,32.29840959999999],[-64.8047763,32.298530099999994],[-64.805078,32.2986843],[-64.8053917,32.2991852],[-64.8059364,32.2994063]],[[-64.7736608,32.29952290000001],[-64.7734945,32.298464100000004],[-64.7731633,32.2974178]],[[-64.8213852,32.2562671],[-64.8218982,32.2570983],[-64.8229572,32.2585298],[-64.8230718,32.2585852],[-64.8232163,32.2585454],[-64.8235013,32.25827029999999],[-64.8236045,32.2582757],[-64.8236616,32.25873639999999],[-64.8238517,32.2589217],[-64.8241341,32.25906510000001],[-64.82430630000002,32.25922129999999]],[[-64.8413516,32.3206497],[-64.8410689,32.3206133],[-64.83977330000002,32.32070890000001],[-64.8379317,32.32173139999999],[-64.8377882,32.32187069999999],[-64.8365586,32.322620799999996],[-64.8363026,32.322882899999996],[-64.83576680000002,32.323229299999994],[-64.83520260000002,32.32402559999999],[-64.8351056,32.324293700000005],[-64.8351494,32.32442100000001]],[[-64.8523562,32.30849020000001],[-64.8515503,32.3094943],[-64.8514857,32.3099518],[-64.85132660000001,32.3104416],[-64.8513741,32.31078860000001],[-64.8515333,32.31101569999999]],[[-64.8329212,32.3271503],[-64.832868,32.326867],[-64.8327563,32.3267504]],[[-64.8777345,32.3018815],[-64.877453,32.3015277],[-64.8771151,32.3008689],[-64.8768249,32.3000771],[-64.8762956,32.2992888],[-64.8759352,32.298888899999994],[-64.8756435,32.2984608],[-64.8755005,32.29814209999999],[-64.8754362,32.2977521],[-64.8749614,32.2966389],[-64.8751948,32.2951402],[-64.8751355,32.294795],[-64.8743483,32.293087400000005]],[[-64.8661428,32.2652775],[-64.8662902,32.265438800000005],[-64.866518,32.265575],[-64.8672785,32.2659368]],[[-64.6702705,32.36627549999999],[-64.6698646,32.36694889999998]],[[-64.867689,32.268266100000005],[-64.8674832,32.26884429999999],[-64.8674337,32.26974749999999],[-64.8674921,32.270214],[-64.867738,32.2710428]],[[-64.8076642,32.2690332],[-64.807653,32.269193800000004],[-64.8074002,32.269674200000004]],[[-64.7305885,32.3190514],[-64.7302539,32.318549],[-64.7295887,32.318377899999994],[-64.7293157,32.3180605],[-64.7292298,32.317951699999995],[-64.7289938,32.317045],[-64.7290717,32.3166691],[-64.7293695,32.3160798],[-64.7298134,32.315654699999996]],[[-64.6942789,32.33445539999999],[-64.6938526,32.33420979999999],[-64.6935408,32.333952],[-64.693472,32.3337831],[-64.6935234,32.33349050000001],[-64.6934541,32.33325839999999],[-64.6931746,32.33299219999999],[-64.6928399,32.3327982],[-64.6923472,32.3320474],[-64.6922712,32.3320002]],[[-64.798144,32.2792476],[-64.7982796,32.278863900000005],[-64.7983672,32.2781762],[-64.7983188,32.2778109],[-64.7979914,32.2773732],[-64.7975788,32.277062799999996],[-64.797504,32.2769567],[-64.7973978,32.27644329999999],[-64.7963439,32.2749872]],[[-64.8072643,32.268193700000005],[-64.8074856,32.26858479999999]],[[-64.8106245,32.3026311],[-64.8104707,32.3026269],[-64.810396,32.30268219999999],[-64.8100735,32.3035356],[-64.8100834,32.3036846],[-64.8103108,32.3039637],[-64.8102903,32.3041881],[-64.8102283,32.304284899999985],[-64.8097723,32.30456790000001]],[[-64.8150618,32.3054684],[-64.8152182,32.30523420000001],[-64.8151695,32.3049726],[-64.8148882,32.3047508],[-64.8146027,32.30463730000001],[-64.8143174,32.30441789999999],[-64.8141585,32.3042505],[-64.814029,32.3039686],[-64.8131928,32.3037061],[-64.81278310000002,32.3037467],[-64.8124299,32.30367799999999],[-64.8119536,32.30341339999999],[-64.8115195,32.3030391],[-64.8106245,32.3026311]],[[-64.6769316,32.38097489999999],[-64.6771093,32.3813965]],[[-64.6778012,32.3866394],[-64.6779489,32.386679699999995],[-64.6781525,32.38665249999999],[-64.6788552,32.3864713],[-64.6791811,32.38629920000001],[-64.6796394,32.38542279999999]],[[-64.6525851,32.369753200000005],[-64.6529822,32.36957139999999],[-64.6531256,32.3696477],[-64.6531,32.3698678],[-64.6528114,32.37025880000001]],[[-64.6738269,32.38419999999999],[-64.6742069,32.3846838],[-64.6744535,32.38485490000001],[-64.675021,32.385158399999995],[-64.6757405,32.38542669999998]],[[-64.6596123,32.3623392],[-64.65905380000001,32.3625916],[-64.6587596,32.362782700000004],[-64.65838190000001,32.3631637],[-64.658221,32.363408400000004],[-64.6581152,32.3637117],[-64.6581283,32.36384820000001],[-64.6582505,32.3639841]],[[-64.787548,32.2956323],[-64.7876352,32.29568770000001]],[[-64.6767062,32.380415600000006],[-64.6768397,32.380744799999995]],[[-64.7466336,32.3092592],[-64.7461304,32.30911779999999],[-64.7452227,32.3090051],[-64.7443277,32.308648299999994],[-64.7432492,32.3085129],[-64.7425083,32.308202300000005],[-64.7421495,32.3081796],[-64.7418071,32.3082436]],[[-64.7522286,32.30363599999999],[-64.7524682,32.303628],[-64.7526663,32.3036726],[-64.7530926,32.3040016],[-64.7532704,32.304073],[-64.7546688,32.3039664],[-64.7563941,32.3031304]],[[-64.7574461,32.3052792],[-64.7579645,32.3048217],[-64.7591087,32.30393740000001],[-64.7595025,32.303861],[-64.7597652,32.3038841],[-64.7601371,32.30370229999998],[-64.7606722,32.3025654],[-64.761153,32.302334],[-64.7612867,32.3022251],[-64.7614605,32.301795199999994],[-64.7620012,32.3013865],[-64.7622739,32.301067999999994],[-64.7622986,32.30090919999999],[-64.7622467,32.3006585],[-64.7623164,32.300521599999996]],[[-64.8001172,32.2962982],[-64.8011702,32.2955367],[-64.8012483,32.2954184],[-64.8013006,32.295063500000005]],[[-64.8465383,32.24975250000001],[-64.8473465,32.249775299999996],[-64.8474564,32.2498645]],[[-64.8465383,32.24975250000001],[-64.8468621,32.24957189999999],[-64.8468723,32.2494266]],[[-64.8462167,32.2497034],[-64.8463319,32.249678599999996],[-64.8465383,32.24975250000001]],[[-64.8062327,32.2733025],[-64.8065929,32.2731957],[-64.8071954,32.2731415]],[[-64.8079528,32.27278770000001],[-64.8077803,32.27250949999999],[-64.8076838,32.27218329999999],[-64.8076124,32.2721105],[-64.8070111,32.271933499999996]],[[-64.7820907,32.29423449999999],[-64.7822304,32.2961475]],[[-64.6785089,32.3834785],[-64.6780781,32.382641099999994]],[[-64.7529516,32.3046243],[-64.7514722,32.305187800000006],[-64.749397,32.30609139999999],[-64.7491323,32.3062369],[-64.7485893,32.3067161]],[[-64.8699681,32.2701501],[-64.8682412,32.26853690000001],[-64.867689,32.268266100000005],[-64.8672379,32.268196499999995],[-64.8669092,32.268084099999996],[-64.8666959,32.2678801],[-64.8665129,32.267335],[-64.8665482,32.2667501],[-64.8667134,32.266390099999995],[-64.8670513,32.26606429999999],[-64.8672785,32.2659368]],[[-64.8699681,32.2701501],[-64.8679601,32.2711222],[-64.8678731,32.271130199999995]],[[-64.8658683,32.27243990000001],[-64.8655407,32.2725123],[-64.8650507,32.2724877],[-64.8622511,32.271656199999995],[-64.8599185,32.27138159999999],[-64.8575478,32.27058000000001],[-64.8574171,32.2705079],[-64.8573045,32.2703463],[-64.8572034,32.27000919999999],[-64.8571037,32.26987999999999],[-64.856821,32.2697339],[-64.8565972,32.2697335],[-64.8562324,32.269918499999996],[-64.8561123,32.2703191],[-64.8560302,32.2704124],[-64.8558758,32.2704791],[-64.8544163,32.27036],[-64.852513,32.270095700000006]],[[-64.652929,32.346759399999996],[-64.6530122,32.346856800000005],[-64.6529112,32.34724320000001],[-64.6529628,32.3473408],[-64.6532933,32.34759150000001],[-64.6533218,32.347780699999994],[-64.6532402,32.34823860000001],[-64.6533342,32.3484368],[-64.6541144,32.348849699999995],[-64.6547528,32.3489883],[-64.6551116,32.34898869999999],[-64.6568499,32.3507688],[-64.6571346,32.3513084],[-64.6572832,32.3518228],[-64.657269,32.352076299999986],[-64.656943,32.3527045],[-64.6569136,32.352983299999984],[-64.6570243,32.353164],[-64.6577586,32.3539831],[-64.6581043,32.35423459999999],[-64.6584928,32.3543392],[-64.6593596,32.35429229999999],[-64.6607517,32.354804400000006],[-64.6609421,32.35493240000001],[-64.6610084,32.35544159999999]],[[-64.8097723,32.30456790000001],[-64.8100184,32.305551799999996],[-64.8098939,32.305996799999996]],[[-64.7866249,32.294861700000006],[-64.7865604,32.29402699999999]],[[-64.790334,32.300353900000005],[-64.7904699,32.30075480000001]],[[-64.8125584,32.26706089999999],[-64.8125491,32.2672507],[-64.812452,32.26736209999999]],[[-64.8744558,32.30360079999999],[-64.8736506,32.30360799999999],[-64.8726448,32.3029787],[-64.8722443,32.3028425],[-64.8718214,32.3028314],[-64.8714571,32.30295009999999],[-64.870542,32.3035599],[-64.8704265,32.303577600000004],[-64.8702936,32.303522599999994]],[[-64.6555167,32.366949],[-64.6549804,32.36716559999999],[-64.6543263,32.3675805],[-64.6535127,32.36797519999999],[-64.6532416,32.36817419999999],[-64.6526493,32.3683569],[-64.6522126,32.3685513],[-64.6521388,32.36871949999999],[-64.6522106,32.3692545],[-64.652313,32.3694907],[-64.6525132,32.3697361]],[[-64.65278650000002,32.37021440000001],[-64.6526693,32.3700659],[-64.6525851,32.369753200000005]],[[-64.7708642,32.2995864],[-64.7710144,32.2998132],[-64.7713854,32.2999344],[-64.7716701,32.3001667],[-64.7719764,32.3006096],[-64.7739804,32.30618429999999],[-64.7740892,32.30621959999999],[-64.7746487,32.3061631],[-64.7748983,32.3061983]],[[-64.8672785,32.2659368],[-64.8678012,32.26606279999999],[-64.8680075,32.2661958],[-64.86837170000001,32.2667034],[-64.8684012,32.26698849999999],[-64.867689,32.268266100000005]],[[-64.8089057,32.2709668],[-64.8090324,32.2714303]],[[-64.8103174,32.2716912],[-64.8102272,32.27172490000001],[-64.8100143,32.2719592],[-64.8095277,32.272182099999995],[-64.8090309,32.272613500000006],[-64.8088516,32.27268149999999]],[[-64.8065113,32.272876499999995],[-64.8069253,32.27254800000001]],[[-64.7751342,32.29736729999998],[-64.7752485,32.29760720000001],[-64.7755969,32.297968],[-64.7761517,32.2980174],[-64.776236,32.29760299999999],[-64.7763109,32.297532499999996],[-64.776762,32.29747510000001],[-64.7776304,32.2976482],[-64.77782690000001,32.29755539999999],[-64.7778116,32.297298600000005],[-64.77786750000001,32.2972353],[-64.7783148,32.29713550000001],[-64.7791382,32.2970403]],[[-64.6693311,32.36727649999999],[-64.6694715,32.3672935],[-64.669656,32.3672237]],[[-64.6697444,32.36710810000001],[-64.6697181,32.3673937],[-64.669963,32.36764519999999]],[[-64.8059364,32.2994063],[-64.8060762,32.2996068],[-64.8062863,32.300148],[-64.8064353,32.300295799999994],[-64.8068199,32.30051009999999],[-64.806881,32.30064900000001]],[[-64.6525851,32.369753200000005],[-64.6525132,32.3697361]],[[-64.7692808,32.2932451],[-64.7695297,32.2930183]],[[-64.7692808,32.2932451],[-64.7683111,32.29374370000001]],[[-64.812452,32.26736209999999],[-64.8123451,32.26763119999999],[-64.8123563,32.267743900000006],[-64.81282770000001,32.2684098]],[[-64.7875571,32.2957302],[-64.787548,32.2956323]],[[-64.787548,32.2956323],[-64.7873997,32.2954431],[-64.7872671,32.2953579],[-64.7866755,32.2953476]],[[-64.7875682,32.29591349999999],[-64.7875195,32.2963414],[-64.7878131,32.297027199999995]],[[-64.8148468,32.3055206],[-64.8150618,32.3054684],[-64.8151797,32.30549529999999]],[[-64.8013422,32.3022885],[-64.801239,32.3016478]],[[-64.663743,32.36325229999999],[-64.6614609,32.362479],[-64.660618,32.36227339999999],[-64.6600651,32.36221079999999]],[[-64.7531743,32.304053200000006],[-64.75288940000002,32.30453490000001]],[[-64.7876374,32.295826399999996],[-64.7875682,32.29591349999999]],[[-64.7930457,32.26689089999999],[-64.7931664,32.2672932],[-64.7926353,32.267858],[-64.7926117,32.2679601],[-64.79272650000001,32.2681777],[-64.7930302,32.2684477],[-64.7928807,32.268889300000005]],[[-64.7773814,32.303737099999985],[-64.7775813,32.30421759999999]],[[-64.6596514,32.3622154],[-64.6596573,32.36212319999999]],[[-64.6598011,32.36225279999999],[-64.6596123,32.3623392]],[[-64.6598891,32.36213020000001],[-64.6600651,32.36221079999999]],[[-64.6596573,32.36212319999999],[-64.6597288,32.361921099999996]],[[-64.6596123,32.3623392],[-64.6596514,32.3622154]],[[-64.6600651,32.36221079999999],[-64.6598587,32.3622377]],[[-64.6597288,32.361921099999996],[-64.6598494,32.36209350000001]],[[-64.7951604,32.30102480000001],[-64.7956519,32.302585199999996]],[[-64.8016378,32.2949741],[-64.8023336,32.29498689999999],[-64.8024786,32.29492700000001],[-64.8026008,32.29475349999999]],[[-64.6528114,32.37025880000001],[-64.65278650000002,32.37021440000001]],[[-64.812452,32.26736209999999],[-64.8124462,32.2672103],[-64.8125584,32.26706089999999]],[[-64.8397353,32.2551163],[-64.8401449,32.254909999999995],[-64.8405208,32.2547796]],[[-64.8379339,32.25579739999999],[-64.8394608,32.255337299999994],[-64.8397353,32.2551163]],[[-64.846336,32.25361749999999],[-64.8463803,32.253757]],[[-64.7123771,32.3636981],[-64.7124742,32.3636292],[-64.7125888,32.3636254],[-64.7126849,32.3636704],[-64.712715,32.3637417],[-64.7122678,32.364140500000005],[-64.7123771,32.3636981]],[[-64.805327,32.2991037],[-64.8056238,32.2991708],[-64.805694,32.299131200000005],[-64.8057898,32.2988397],[-64.80597930000002,32.29879470000001],[-64.806107,32.2988829]],[[-64.8742255,32.2869246],[-64.8744821,32.2867032],[-64.8746931,32.2866189],[-64.875274,32.2865952],[-64.8755721,32.2864548],[-64.8756104,32.28637559999999],[-64.8755678,32.28629649999999],[-64.8752187,32.2861777]],[[-64.8676211,32.27130270000001],[-64.8662692,32.2722294],[-64.8658683,32.27243990000001]],[[-64.8678591,32.2712619],[-64.86772350000001,32.2713276],[-64.8676211,32.27130270000001],[-64.8675476,32.271180399999984],[-64.867587,32.27109289999999],[-64.8676819,32.2710448],[-64.8678195,32.27107109999999],[-64.8678854,32.2711746],[-64.8678591,32.2712619]],[[-64.852513,32.270095700000006],[-64.8507111,32.2698851],[-64.8501108,32.2700543]],[[-64.8546027,32.26945669999999],[-64.8513838,32.2694063]],[[-64.856821,32.2697339],[-64.8562752,32.26959349999999],[-64.8546708,32.26943510000001],[-64.8545686,32.2695215],[-64.854475,32.2698239]],[[-64.8659196,32.26965359999999],[-64.8658261,32.2691975],[-64.8658431,32.2690463],[-64.8661539,32.2687834],[-64.8662348,32.2686646],[-64.8662348,32.26855659999999],[-64.8660922,32.26830820000001],[-64.8653755,32.2675318]],[[-64.8663669,32.27122060000001],[-64.8670523,32.27140070000001],[-64.8674389,32.2714133]],[[-64.7374471,32.31797019999999],[-64.7372705,32.317826600000004],[-64.736623,32.3178661],[-64.736268,32.3178106],[-64.7360175,32.317694100000004],[-64.7359011,32.31755590000001],[-64.7357478,32.31707730000001],[-64.7352783,32.31693870000001]],[[-64.6730339,32.38376439999999],[-64.6738269,32.38419999999999]],[[-64.6721079,32.3832839],[-64.6730339,32.38376439999999]],[[-64.6598891,32.36213020000001],[-64.65988,32.36221820000001],[-64.6598011,32.36225279999999]],[[-64.6596573,32.36212319999999],[-64.6598494,32.36209350000001]],[[-64.6598494,32.36209350000001],[-64.6598891,32.36213020000001]],[[-64.6598011,32.36225279999999],[-64.6596514,32.3622154]],[[-64.6627695,32.356246799999994],[-64.6625806,32.356075800000006],[-64.6619342,32.355709000000004],[-64.6614631,32.3554935],[-64.6611379,32.3554426]],[[-64.6611379,32.3554426],[-64.6610912,32.355694199999995],[-64.6610223,32.35572549999999]],[[-64.6610084,32.35544159999999],[-64.6610223,32.35572549999999]],[[-64.6610223,32.35572549999999],[-64.6609327,32.356894600000004],[-64.6597288,32.361921099999996]],[[-64.6611379,32.3554426],[-64.6610084,32.35544159999999]],[[-64.7775813,32.30421759999999],[-64.7776174,32.3043604]],[[-64.7805479,32.2991498],[-64.7805491,32.29945359999999],[-64.7803077,32.299489200000004]],[[-64.7689715,32.306759400000004],[-64.7660878,32.305733499999995],[-64.76517530000001,32.3052187],[-64.7645357,32.304967000000005],[-64.764061,32.3049013],[-64.7636186,32.30492879999999],[-64.7632968,32.305017199999995],[-64.7626825,32.30544720000001],[-64.7623499,32.30562629999999],[-64.7621327,32.3056724],[-64.75895940000001,32.30596899999999],[-64.758808,32.3059416],[-64.7586402,32.305752899999995],[-64.7585194,32.305710100000006]],[[-64.8155315,32.30550649999999],[-64.8160543,32.305458099999996]],[[-64.8151797,32.30549529999999],[-64.8155315,32.30550649999999]],[[-64.8346896,32.3250446],[-64.834696,32.3251079],[-64.8346123,32.32512620000001],[-64.8345817,32.3250678],[-64.834635,32.32502730000001]],[[-64.8346902,32.3249889],[-64.8346896,32.3250446]],[[-64.834635,32.32502730000001],[-64.8346902,32.3249889]],[[-64.673935,32.365204899999995],[-64.6711605,32.36561089999999],[-64.6707519,32.365727800000016],[-64.6705283,32.365870300000005],[-64.6703196,32.3661436]],[[-64.6773306,32.36570979999999],[-64.6770109,32.36560370000001],[-64.6758095,32.365395],[-64.6744814,32.365197699999996],[-64.673935,32.365204899999995]],[[-64.8349776,32.3245495],[-64.8347843,32.3248271]],[[-64.7687671,32.30054899999998],[-64.7690112,32.3004782]],[[-64.7691145,32.3005091],[-64.76903,32.3005308]],[[-64.7690112,32.3004782],[-64.7690953,32.3004567]],[[-64.7685438,32.30061679999999],[-64.7687671,32.30054899999998]],[[-64.7685438,32.30061679999999],[-64.7680065,32.3006589],[-64.7674795,32.30062770000001]],[[-64.8090324,32.2714303],[-64.8083705,32.2720876]],[[-64.7683111,32.29374370000001],[-64.7680708,32.29390419999999],[-64.7678253,32.29399489999999],[-64.7671073,32.2939708],[-64.7665768,32.2937137],[-64.7654234,32.29358449999999],[-64.7647743,32.2936128],[-64.7613676,32.29398629999999],[-64.7600072,32.2945362],[-64.7592892,32.29476530000001],[-64.7582073,32.2957837]],[[-64.746257,32.3057401],[-64.7469087,32.3065887],[-64.7475606,32.3071894],[-64.7479263,32.3073308],[-64.74803940000001,32.307497],[-64.7480027,32.3076882],[-64.7472798,32.3079559],[-64.7468091,32.30842419999999],[-64.7466217,32.308755],[-64.7466336,32.3092592]],[[-64.7781023,32.2753534],[-64.7781239,32.27543849999999]],[[-64.7773002,32.2753945],[-64.777382,32.275331099999995],[-64.7781023,32.2753534]],[[-64.7781239,32.27543849999999],[-64.7773778,32.2754639],[-64.7773002,32.2753945]],[[-64.8718963,32.2664392],[-64.8700769,32.26730020000001],[-64.8696059,32.2674714],[-64.8693162,32.26749860000001],[-64.8686832,32.2674373],[-64.8680714,32.2675914]],[[-64.8219171,32.26117070000001],[-64.8221093,32.261622],[-64.8222488,32.2618216],[-64.8224875,32.2619169]],[[-64.7648733,32.309563000000004],[-64.7647677,32.3095984],[-64.7647409,32.3096585],[-64.7647919,32.3097265],[-64.7649486,32.3096977]],[[-64.7648337,32.30949209999998],[-64.7650976,32.30996449999999]],[[-64.8067473,32.2620321],[-64.8067757,32.2621342]],[[-64.7895008,32.29320870000001],[-64.7899054,32.294599500000004]],[[-64.786426,32.295370899999995],[-64.7853447,32.295412899999995]],[[-64.7866755,32.2953476],[-64.786426,32.295370899999995]],[[-64.8347843,32.3248271],[-64.8346902,32.3249889]],[[-64.834635,32.32502730000001],[-64.8346896,32.3250446]],[[-64.6788996,32.36648039999999],[-64.6782059,32.366078],[-64.6773306,32.36570979999999]],[[-64.8354152,32.32604739999999],[-64.8354651,32.3261111]],[[-64.8346123,32.32512620000001],[-64.8345426,32.3252384]],[[-64.7393974,32.31374189999999],[-64.7395585,32.3138071]],[[-64.6778696,32.3867671],[-64.6779489,32.386679699999995]],[[-64.6796394,32.38542279999999],[-64.679704,32.3851563]],[[-64.679704,32.3851563],[-64.6793635,32.385009200000006]],[[-64.8515503,32.3094943],[-64.8508733,32.3092017]],[[-64.6714661,32.3859722],[-64.6715509,32.3861904]],[[-64.8405769,32.25201920000001],[-64.8400237,32.2500477],[-64.8397407,32.2493195]],[[-64.8470913,32.3147663],[-64.8467669,32.3145714],[-64.8466978,32.314374]],[[-64.8454234,32.2491522],[-64.845986,32.2491015],[-64.8460496,32.24913949999999],[-64.8460532,32.2492158],[-64.8459937,32.249457899999996]]]}},{"type":"Feature","properties":{"kind":"main"},"geometry":{"type":"MultiLineString","coordinates":[[[-64.7779055,32.2935415],[-64.7787886,32.2934561]],[[-64.7840395,32.2924337],[-64.78369080000002,32.29249120000001],[-64.78083840000001,32.2926687]],[[-64.7881169,32.2938392],[-64.7879706,32.293797],[-64.7876988,32.293839]],[[-64.7874893,32.29579549999998],[-64.7843141,32.2960204]],[[-64.7769314,32.293414500000004],[-64.7750797,32.293763000000006]],[[-64.7720725,32.28659689999999],[-64.7727228,32.2876018],[-64.7724072,32.2882676],[-64.7721888,32.2889612],[-64.7722832,32.2895922]],[[-64.7746173,32.2938373],[-64.7728657,32.2943009],[-64.7727818,32.2944076]],[[-64.7896875,32.3005453],[-64.7888365,32.2977773],[-64.7885199,32.2963584]],[[-64.7673121,32.28822739999999],[-64.7676082,32.2880011],[-64.7678954,32.2878502],[-64.7696647,32.2871997],[-64.7704764,32.2869977],[-64.7713973,32.2868561],[-64.7717806,32.286750399999995],[-64.7720725,32.28659689999999]],[[-64.7665087,32.288401199999996],[-64.7655431,32.28879349999999],[-64.7647113,32.28920959999999]],[[-64.7418492,32.3051015],[-64.74186,32.30527420000001],[-64.7415086,32.30611869999999],[-64.7414343,32.306855299999995],[-64.7414568,32.3073674],[-64.7415226,32.3076596],[-64.7418071,32.3082436]],[[-64.7059007,32.3589019],[-64.7056542,32.3591822]],[[-64.7167188,32.320699099999985],[-64.7170518,32.320722],[-64.717552,32.320656299999996],[-64.7178859,32.3206701],[-64.7183701,32.3208251],[-64.7189709,32.3211934],[-64.7194201,32.3213623],[-64.7220132,32.3220813],[-64.7225923,32.32206349999999],[-64.7231117,32.32225589999999],[-64.7263856,32.32240029999999]],[[-64.7056761,32.35980120000001],[-64.7053634,32.35955210000001]],[[-64.7092195,32.352406499999994],[-64.7084476,32.3547578],[-64.7074146,32.35643159999999],[-64.7069932,32.35701]],[[-64.6923229,32.3701381],[-64.6921759,32.3700551]],[[-64.7052828,32.3595013],[-64.7049813,32.3592772]],[[-64.6920804,32.37003120000001],[-64.6917814,32.37003059999999]],[[-64.7055795,32.3594512],[-64.7056761,32.35980120000001]],[[-64.6928767,32.3713269],[-64.6929117,32.37158219999999],[-64.6927409,32.3722187],[-64.6927509,32.372381600000004],[-64.6932496,32.3731493],[-64.69335820000002,32.3737647],[-64.693527,32.373898600000004],[-64.6943733,32.374151000000005],[-64.6950571,32.3744429]],[[-64.7366705,32.3230975],[-64.7372938,32.323259500000006],[-64.73839490000002,32.3234579],[-64.7394372,32.32359139999999],[-64.7411739,32.32404669999999],[-64.7413918,32.3241735],[-64.7414951,32.3243027],[-64.7418592,32.3250149],[-64.7421584,32.3254485],[-64.7422773,32.3257708],[-64.7422546,32.326024000000004],[-64.7419121,32.3271498],[-64.7418538,32.327612399999985],[-64.741434,32.32866659999999],[-64.7411459,32.3290496],[-64.7399414,32.33024819999999],[-64.7397161,32.330560999999996],[-64.738643,32.3324525],[-64.7384809,32.333050099999994],[-64.7382394,32.333672099999994],[-64.738092,32.333825100000006],[-64.7379324,32.33388959999999],[-64.7369115,32.333993],[-64.7365028,32.3341038],[-64.7363231,32.3342308],[-64.7361474,32.3346376],[-64.7361303,32.33499079999999],[-64.7365003,32.33572110000001],[-64.7366767,32.3359439],[-64.7368527,32.33607080000001],[-64.7383641,32.3367517],[-64.738558,32.3369159],[-64.7389255,32.3380817],[-64.7388945,32.3384415],[-64.7387567,32.3387412],[-64.7370117,32.340323],[-64.7367098,32.34066659999999],[-64.7361736,32.3414934],[-64.7353909,32.3423915],[-64.7337812,32.34386270000001],[-64.7333288,32.344009],[-64.7323887,32.3444564],[-64.7314693,32.3447037],[-64.7309551,32.344927600000005],[-64.7305974,32.34493189999999],[-64.7288912,32.3446285],[-64.72841360000001,32.34475489999999],[-64.7277238,32.3453404],[-64.7269313,32.3454361],[-64.7261614,32.3462395],[-64.7256767,32.34707279999999],[-64.7255143,32.34723269999999],[-64.7240556,32.347900300000006],[-64.7229712,32.3485065],[-64.7224688,32.3489622],[-64.721906,32.349356900000004],[-64.721787,32.34950769999999],[-64.7217942,32.3497285],[-64.7221882,32.350100600000005],[-64.7222481,32.3502672],[-64.7222514,32.3506332],[-64.7221287,32.350943900000004],[-64.7218028,32.3512739],[-64.720779,32.3517595],[-64.7200661,32.35222639999999],[-64.7192444,32.352904499999994],[-64.718903,32.35300899999999],[-64.7185497,32.3529702],[-64.7176996,32.352635400000004],[-64.7173021,32.3523859],[-64.717043,32.352142300000004],[-64.7163738,32.351249499999994],[-64.7156809,32.35073919999999]],[[-64.6923229,32.3701381],[-64.6928767,32.3713269]],[[-64.6922556,32.369785900000004],[-64.6924758,32.3697634]],[[-64.6950571,32.3744429],[-64.6959445,32.374692],[-64.6960819,32.37484280000001],[-64.6961093,32.37494069999999],[-64.6960659,32.3751366],[-64.6954668,32.37616160000001],[-64.6951808,32.376313400000015],[-64.6944311,32.37650029999999],[-64.694247,32.376597499999995],[-64.6936989,32.37719799999999],[-64.6922464,32.3781335],[-64.6919366,32.378234299999995],[-64.6917757,32.3782286],[-64.6910368,32.3778968],[-64.6906899,32.37786299999999],[-64.6905395,32.3779027],[-64.6903803,32.3780531],[-64.6902616,32.378491399999994],[-64.6901043,32.3786561],[-64.6898526,32.37869299999999],[-64.6894826,32.3786502],[-64.6887059,32.3790211],[-64.6884002,32.37899540000001],[-64.6878313,32.37884089999999],[-64.687478,32.3788192],[-64.6862718,32.3789342],[-64.6854486,32.3788327],[-64.6848819,32.37885659999999]],[[-64.7362009,32.32287229999999],[-64.7366705,32.3230975]],[[-64.8588077,32.30469170000001],[-64.85734,32.3056142]],[[-64.8495463,32.312753799999996],[-64.8485425,32.3134465],[-64.8480557,32.3139009],[-64.8473637,32.3143554],[-64.8470913,32.3147663]],[[-64.8414143,32.3206093],[-64.8414095,32.3205439]],[[-64.8767014,32.278542200000004],[-64.8765581,32.2786968]],[[-64.8507811,32.31191789999999],[-64.8495463,32.312753799999996]],[[-64.8569307,32.3063252],[-64.8567871,32.30663539999999],[-64.8566471,32.306765600000006],[-64.8560405,32.3069407],[-64.8558591,32.307037799999996],[-64.8554504,32.3077876],[-64.8552494,32.3080137],[-64.8528325,32.310019199999985],[-64.851858,32.3106515],[-64.8515333,32.31101569999999],[-64.8511859,32.311558500000004],[-64.8507811,32.31191789999999]],[[-64.8414095,32.3205439],[-64.8414987,32.32031500000001]],[[-64.7674495,32.29597859999999],[-64.7684627,32.2987328]],[[-64.771176,32.3062091],[-64.7716496,32.3065797],[-64.772428,32.3070635],[-64.7726266,32.3075985]],[[-64.7704017,32.30649900000001],[-64.7705809,32.3063279],[-64.7706941,32.3061199]],[[-64.79212410000001,32.2913547],[-64.7926627,32.291450999999995],[-64.792955,32.291714199999994],[-64.7932053,32.2918363],[-64.7933492,32.2918548],[-64.7940144,32.2917842],[-64.7947507,32.29194859999999],[-64.7951155,32.2921657],[-64.7953126,32.29240539999999],[-64.7955889,32.293222799999995],[-64.7959215,32.2936366],[-64.7959738,32.29412640000001],[-64.7964324,32.2956715],[-64.7964918,32.2962396],[-64.7968626,32.297128099999995],[-64.7972055,32.2982216],[-64.7978205,32.29953849999999],[-64.7979525,32.2999547]],[[-64.7792958,32.303397399999994],[-64.7773431,32.30362190000001],[-64.7760143,32.30388430000001],[-64.7726902,32.304001],[-64.7721014,32.30421189999999],[-64.7714497,32.30467889999999],[-64.771171,32.30506859999999],[-64.7709016,32.30567469999999]],[[-64.7616479,32.310091400000005],[-64.7596351,32.307345399999996],[-64.7593228,32.30682010000001],[-64.7589845,32.306405399999996],[-64.75866,32.30586],[-64.7585194,32.305710100000006]],[[-64.7856203,32.29951769999998],[-64.7857237,32.30053059999999],[-64.785544,32.300904700000004],[-64.7853521,32.3010885]],[[-64.7874132,32.2915487],[-64.7881169,32.2938392]],[[-64.7984,32.3006743],[-64.7981698,32.3006265]],[[-64.7979525,32.2999547],[-64.7979634,32.3000155]],[[-64.7979634,32.3000155],[-64.7980821,32.30034789999999]],[[-64.769427,32.301431],[-64.7689732,32.30037159999999]],[[-64.7722832,32.2895922],[-64.7724687,32.2895859],[-64.77295,32.2899941],[-64.7735493,32.290163699999994],[-64.7738665,32.2903428],[-64.77396990000001,32.2903436],[-64.77430990000002,32.2901086],[-64.7748055,32.2899941],[-64.7749369,32.28991699999999],[-64.7750415,32.28980359999999],[-64.7751602,32.2894301],[-64.7752715,32.2892832],[-64.7754125,32.289213000000004],[-64.77591810000001,32.2891812],[-64.7763506,32.2890002],[-64.7765927,32.28900440000001],[-64.7768113,32.2891382],[-64.7773547,32.289837],[-64.777455,32.28990000000001],[-64.7777313,32.289866],[-64.7781054,32.289595],[-64.7785306,32.2893819],[-64.7790482,32.288859300000006],[-64.7803987,32.2882833],[-64.7806723,32.28821299999999],[-64.7809527,32.28804469999999],[-64.7811244,32.28773549999999],[-64.7811243,32.2874625],[-64.7810451,32.287085],[-64.7810701,32.2869159],[-64.7811666,32.2867617],[-64.7814617,32.286507799999995],[-64.7820383,32.28621979999999],[-64.7822725,32.2859041],[-64.7823272,32.2856632],[-64.782725,32.28505429999999],[-64.783079,32.284632499999994],[-64.7833795,32.2843763],[-64.7836343,32.2842652],[-64.7845784,32.284086],[-64.7856237,32.28371829999999],[-64.7866517,32.2834148],[-64.7881444,32.28322210000001],[-64.7891988,32.28257289999999],[-64.7900426,32.281961],[-64.7901415,32.2818343],[-64.7923179,32.28108830000001],[-64.7927533,32.2809785],[-64.7933909,32.280731800000005],[-64.79382,32.2807646],[-64.7947346,32.281033400000005],[-64.7954266,32.280984999999994],[-64.7959746,32.28081679999999],[-64.7968723,32.28032859999999],[-64.7972986,32.280027200000006],[-64.7975476,32.279692],[-64.7998965,32.2779942],[-64.8007307,32.2771688],[-64.8024098,32.27603940000001],[-64.8026137,32.2759715],[-64.803151,32.2759749],[-64.8032624,32.27594169999999],[-64.8036543,32.2755972],[-64.8054453,32.2745449],[-64.8061721,32.2740685],[-64.806991,32.2740369],[-64.8072897,32.2739735],[-64.8075596,32.273792],[-64.8085607,32.2734034],[-64.8088668,32.27324300000001],[-64.8095593,32.27319490000001],[-64.8100639,32.27294270000001],[-64.812147,32.2715426],[-64.813111,32.27098429999999],[-64.81455,32.2706521],[-64.8159823,32.270135],[-64.8162907,32.26996260000001],[-64.8165611,32.2697817],[-64.817305,32.2688753],[-64.8176484,32.2681212],[-64.8176965,32.2677922]],[[-64.7779055,32.2935415],[-64.7753756,32.294004699999995],[-64.7727818,32.2944076],[-64.7715855,32.2946915],[-64.7711787,32.294887599999996]],[[-64.7711787,32.294887599999996],[-64.7706099,32.2952081],[-64.7704088,32.295256599999995],[-64.7690132,32.295261599999996],[-64.7685686,32.2955571],[-64.7665664,32.29630629999999],[-64.7635487,32.2977008],[-64.7614474,32.2982516],[-64.7608812,32.29845459999999],[-64.7593231,32.2988138],[-64.7590334,32.2989317],[-64.7578411,32.3002104],[-64.7570685,32.301333899999996],[-64.7566956,32.301733],[-64.7565999,32.3019368],[-64.7563373,32.30350889999999],[-64.7567052,32.30465600000001],[-64.7567077,32.3048865],[-64.7565228,32.3053749],[-64.755855,32.3057057],[-64.7551589,32.3057544],[-64.753836,32.30632309999999],[-64.7535778,32.306546699999984],[-64.7529056,32.30742769999998],[-64.7527069,32.3075998],[-64.7523691,32.307841100000005],[-64.7516238,32.3082637],[-64.7504269,32.3091833],[-64.7502342,32.309444199999994],[-64.7501959,32.3101801],[-64.7501288,32.31034789999998],[-64.7492782,32.3114468],[-64.7478274,32.313090800000005],[-64.7460443,32.314508],[-64.7456099,32.315160899999995],[-64.7450173,32.31573869999998],[-64.7447577,32.315740299999995],[-64.7436161,32.315505099999996],[-64.7431169,32.3152848],[-64.741559,32.3155118],[-64.7408301,32.3158275],[-64.7405291,32.3158855],[-64.7403167,32.31598299999999],[-64.7399878,32.31625820000001],[-64.7392111,32.31673880000001],[-64.7379063,32.3176716],[-64.7370667,32.318211100000006],[-64.73618870000001,32.31901700000001],[-64.7359286,32.3196947],[-64.7353292,32.3206502],[-64.7351844,32.3207919],[-64.734837,32.320968699999995],[-64.7347029,32.3210911],[-64.7346882,32.32127129999999],[-64.7351349,32.32215659999999]],[[-64.7167188,32.320699099999985],[-64.7154531,32.3209725],[-64.7152909,32.321100200000004],[-64.715159,32.3215557],[-64.7147339,32.3222433],[-64.7146686,32.3224911],[-64.7144889,32.3245707],[-64.7138995,32.3268004],[-64.713296,32.327951799999994],[-64.7130623,32.328223400000006],[-64.7121479,32.3286157],[-64.7116974,32.329022699999996],[-64.7115301,32.3293914],[-64.7115019,32.330326299999996],[-64.7112125,32.33104029999999],[-64.7111374,32.3313574],[-64.7109426,32.3317107],[-64.7107248,32.33192439999999],[-64.7094122,32.3328654],[-64.7086206,32.33353790000001],[-64.7073354,32.33422680000001],[-64.70703370000001,32.3344534]],[[-64.7145962,32.3454498],[-64.7150622,32.348886099999994],[-64.7153075,32.3503332]],[[-64.7153063,32.350646899999994],[-64.7149282,32.35063160000001]],[[-64.7779055,32.2935415],[-64.7769314,32.293414500000004]],[[-64.8138312,32.26407209999999],[-64.8152019,32.2638714],[-64.8163579,32.263797699999984],[-64.8165242,32.2637546],[-64.8171539,32.2634115],[-64.8186418,32.2627543],[-64.8188523,32.26262849999999],[-64.8192667,32.26222929999999],[-64.8200007,32.2619283],[-64.8202756,32.2616198],[-64.8206512,32.26141570000001],[-64.821091,32.26127280000001],[-64.8216381,32.2611661],[-64.8226722,32.26115140000001],[-64.8228382,32.261107200000005],[-64.8230651,32.26095519999999],[-64.8234187,32.260548],[-64.8240817,32.25950019999999],[-64.82430630000002,32.25922129999999],[-64.8244727,32.25913909999999],[-64.8251324,32.258980799999996],[-64.8254824,32.25875849999999],[-64.8264013,32.2586833],[-64.8269966,32.2585023],[-64.8280466,32.25782629999999],[-64.8284691,32.25741120000001],[-64.8287265,32.2572591],[-64.829467,32.2571176],[-64.8301513,32.256896499999996],[-64.8308896,32.256851299999994],[-64.8313679,32.2568748],[-64.8338248,32.256579900000006],[-64.8347354,32.25628160000001],[-64.8355885,32.256085399999996],[-64.8392107,32.25562719999999],[-64.8397874,32.2553959],[-64.8403265,32.255076],[-64.8404794,32.25503290000001],[-64.8413618,32.2549309],[-64.8417914,32.25480129999999],[-64.8422443,32.2545748],[-64.8426171,32.25449079999999],[-64.8437121,32.2544846],[-64.8439449,32.2544361],[-64.844607,32.254168500000006],[-64.8452656,32.254046],[-64.8463803,32.253757]],[[-64.7742872,32.28328500000001],[-64.7745352,32.282886500000004],[-64.7748249,32.282596199999986],[-64.7750368,32.28247259999999],[-64.775518,32.2823696],[-64.7757878,32.2821416],[-64.7757905,32.2819352],[-64.7753452,32.28123570000001],[-64.7753627,32.2810792],[-64.7754594,32.2809365],[-64.7769821,32.28003579999999],[-64.777956,32.2793501],[-64.7782216,32.2790961],[-64.7783262,32.278243499999995],[-64.7786248,32.27726369999999],[-64.7791307,32.2765225],[-64.77979000000002,32.275845800000006],[-64.7798383,32.2757279]],[[-64.8470913,32.3147663],[-64.8470207,32.3149703]],[[-64.8470207,32.3149703],[-64.8468866,32.31538799999999],[-64.8464201,32.316014],[-64.8458349,32.3163074],[-64.8450401,32.316872800000006],[-64.8444687,32.3171748],[-64.8441658,32.31729669999999],[-64.8436519,32.3173835]],[[-64.7622444,32.3101989],[-64.7622695,32.3102253]],[[-64.6921833,32.3697686],[-64.6922556,32.369785900000004]],[[-64.6923237,32.36997989999999],[-64.6923229,32.3701381]],[[-64.6917814,32.37003059999999],[-64.6920046,32.369916399999994]],[[-64.655822,32.36475670000001],[-64.6560125,32.36462590000001],[-64.6561535,32.36459940000001],[-64.6567565,32.364682699999996],[-64.6572815,32.3646426],[-64.6576301,32.364485299999984],[-64.6579171,32.3642708]],[[-64.7750797,32.293763000000006],[-64.7746173,32.2938373]],[[-64.7695297,32.2930183],[-64.7695477,32.29294919999999]],[[-64.7695477,32.29294919999999],[-64.7694048,32.2927172]],[[-64.7706941,32.3061199],[-64.7707274,32.306027199999996]],[[-64.7708629,32.3062086],[-64.7704017,32.30649900000001]],[[-64.7704017,32.30649900000001],[-64.7691873,32.3070625]],[[-64.7356104,32.3226144],[-64.7355907,32.3223394],[-64.7357534,32.322210299999995],[-64.736028,32.3221352],[-64.7371603,32.32197699999999],[-64.7386234,32.3222679],[-64.7394238,32.32249569999999],[-64.7398571,32.3225647],[-64.7404676,32.3225174],[-64.7408522,32.3225553],[-64.7409918,32.32253969999999],[-64.7417847,32.3221415],[-64.7425411,32.3218649],[-64.7431333,32.32137319999999],[-64.7440351,32.321077599999995],[-64.7441799,32.3208971],[-64.744317,32.3204595],[-64.7451582,32.3193427],[-64.7462543,32.318246599999995],[-64.7477608,32.3174178],[-64.748902,32.316644999999994],[-64.7499361,32.3160868],[-64.7512255,32.315474300000005],[-64.7521893,32.314832800000005],[-64.7530235,32.31443],[-64.7534222,32.314142000000004],[-64.754484,32.31356389999999],[-64.7554795,32.3128953],[-64.7564873,32.312474399999985],[-64.7588,32.31165190000001],[-64.7592386,32.311431999999996],[-64.7601232,32.311229299999994],[-64.7616231,32.31055129999999]],[[-64.7688965,32.29935160000001],[-64.7688565,32.2994267]],[[-64.768722,32.299343],[-64.7685112,32.2989833],[-64.7684627,32.2987328]],[[-64.7684627,32.2987328],[-64.7686114,32.299043],[-64.7688276,32.2992883]],[[-64.7691145,32.3005091],[-64.769427,32.301431]],[[-64.7696328,32.30196810000001],[-64.7703329,32.3040265],[-64.7706212,32.305182699999996]],[[-64.7707236,32.30555390000001],[-64.770772,32.30562239999999],[-64.7709016,32.30567469999999]],[[-64.7707274,32.306027199999996],[-64.7709016,32.30567469999999]],[[-64.7709016,32.30567469999999],[-64.7708707,32.305849499999994],[-64.7709285,32.3060317]],[[-64.7543624,32.306106899999996],[-64.753559,32.3052047],[-64.7531795,32.30492819999999],[-64.7495289,32.2999655]],[[-64.7396026,32.3161837],[-64.7398947,32.3163158]],[[-64.79212410000001,32.2913547],[-64.7916593,32.29133389999999],[-64.7909929,32.291374000000005],[-64.7897242,32.29120400000001],[-64.7893608,32.29122900000001],[-64.7889353,32.29136470000001],[-64.7882971,32.291495],[-64.7874132,32.2915487]],[[-64.8355764,32.324051999999995],[-64.8349776,32.3245495]],[[-64.8361066,32.325206599999994],[-64.8356211,32.3260307],[-64.8354651,32.3261111]],[[-64.6702236,32.36618240000001],[-64.6702966,32.3661413],[-64.670377,32.3661908]],[[-64.6848819,32.37885659999999],[-64.6844003,32.37884979999999],[-64.6833294,32.3785322],[-64.6829962,32.378497499999995],[-64.682672,32.37858409999999],[-64.6823886,32.3787484],[-64.6819054,32.3792141],[-64.6809973,32.3795002]],[[-64.6752982,32.3682438],[-64.6752892,32.368152900000005]],[[-64.6797929,32.3800181],[-64.679063,32.3806453],[-64.6767825,32.381507],[-64.6766025,32.3816661]],[[-64.7853346,32.3044756],[-64.7852698,32.304028900000006],[-64.7853614,32.3032558],[-64.7853395,32.3028865],[-64.78521,32.3025303],[-64.7847561,32.3019084]],[[-64.7281113,32.313148],[-64.727438,32.3133966],[-64.7262507,32.31404309999999],[-64.7247192,32.31472649999999],[-64.7237469,32.3152581]],[[-64.7351349,32.32215659999999],[-64.73536330000002,32.322452199999994],[-64.7356104,32.3226144]],[[-64.7625807,32.310216399999995],[-64.7630791,32.3100917],[-64.7640571,32.30967569999999],[-64.7648337,32.30949209999998],[-64.765502,32.3091862],[-64.7666909,32.3089115],[-64.7671779,32.30873379999999],[-64.7681259,32.3085057],[-64.7701457,32.3078893],[-64.7711179,32.30771120000001],[-64.7717757,32.30753829999999],[-64.7719534,32.3075349],[-64.77236810000001,32.30764320000001],[-64.7730236,32.307524199999996],[-64.7743233,32.3073769],[-64.7758168,32.3070091],[-64.7773138,32.3067878],[-64.7784662,32.3064179],[-64.7792466,32.306230299999996],[-64.7807845,32.3060925],[-64.7818858,32.305899600000004],[-64.7850171,32.30562249999999]],[[-64.7585194,32.305710100000006],[-64.7577392,32.3053204],[-64.757243,32.305275099999996],[-64.7565228,32.3053749]],[[-64.7841928,32.2940976],[-64.7840963,32.293138899999995]],[[-64.78546740000002,32.299428799999994],[-64.7851504,32.2989867],[-64.7849921,32.298302],[-64.7844604,32.2975034],[-64.7844108,32.2973543]],[[-64.7722832,32.2895922],[-64.7721641,32.28968119999999],[-64.7713232,32.291524300000006],[-64.7700754,32.2927473]],[[-64.8176965,32.2677922],[-64.8174231,32.2673965],[-64.81725010000001,32.267030299999995],[-64.8172581,32.266842999999994],[-64.8174781,32.266182],[-64.8173531,32.26563230000001],[-64.8170674,32.26484529999999],[-64.8163579,32.263797699999984]],[[-64.7843141,32.2960204],[-64.7809042,32.2962555],[-64.7790218,32.2963423]],[[-64.7056761,32.35980120000001],[-64.7062291,32.3607118],[-64.7068246,32.361979399999996],[-64.7068568,32.3624597],[-64.7067522,32.36335230000001],[-64.7066502,32.363588],[-64.7064685,32.3637845],[-64.7061272,32.363973099999995],[-64.703096,32.3651384],[-64.7003852,32.3658751],[-64.6963639,32.36754270000001],[-64.6956346,32.36791959999999],[-64.6943534,32.3690377],[-64.6939891,32.3692369],[-64.6934357,32.3694594],[-64.6924758,32.3697634]],[[-64.7862842,32.2995613],[-64.7856203,32.29951769999998]],[[-64.6917814,32.37003059999999],[-64.6913855,32.3700405]],[[-64.7884145,32.296170399999994],[-64.7878128,32.29580529999999]],[[-64.7884013,32.2959775],[-64.7885077,32.2960944]],[[-64.7885199,32.2963584],[-64.7884689,32.29627529999999]],[[-64.7884013,32.2959775],[-64.7876988,32.293839]],[[-64.7049813,32.3592772],[-64.7053496,32.3592916]],[[-64.7060836,32.3585103],[-64.706244,32.3582051]],[[-64.7153746,32.35066119999999],[-64.7153063,32.350646899999994]],[[-64.7153045,32.35050499999999],[-64.7153075,32.3503332]],[[-64.7049813,32.3592772],[-64.7041427,32.358995300000004]],[[-64.7156809,32.35073919999999],[-64.7153746,32.35066119999999]],[[-64.7058243,32.358861499999996],[-64.7060836,32.3585103]],[[-64.7053654,32.359288],[-64.7056042,32.3591485],[-64.7058243,32.358861499999996]],[[-64.7153075,32.3503332],[-64.7154227,32.3505052]],[[-64.7055833,32.3594087],[-64.7055795,32.3594512]],[[-64.7149282,32.35063160000001],[-64.715282,32.35052339999999]],[[-64.7061637,32.35855299999999],[-64.7059007,32.3589019]],[[-64.7149282,32.35063160000001],[-64.7122684,32.3513192]],[[-64.7154637,32.350559],[-64.7156809,32.35073919999999]],[[-64.706244,32.3582051],[-64.7062341,32.358439999999995],[-64.7061637,32.35855299999999]],[[-64.7069932,32.35701],[-64.7063245,32.3578975],[-64.706244,32.3582051]],[[-64.8655282,32.30343839999999],[-64.864889,32.3033586],[-64.8645099,32.3033879],[-64.8629743,32.303758699999996],[-64.8624399,32.30397430000001],[-64.86198420000001,32.304009],[-64.8614827,32.3042317],[-64.8612542,32.30458529999999],[-64.8607473,32.3048816],[-64.860407,32.30489029999999],[-64.8600026,32.304702500000005]],[[-64.7670299,32.2883339],[-64.7673121,32.28822739999999]],[[-64.7673121,32.28822739999999],[-64.7671693,32.288457]],[[-64.766873,32.28852650000001],[-64.7666899,32.2884247],[-64.7665087,32.288401199999996]],[[-64.7665087,32.288401199999996],[-64.7669609,32.2883405]],[[-64.7671693,32.288457],[-64.7670916,32.28858050000001],[-64.766913,32.28856840000001]],[[-64.76707330000002,32.2889221],[-64.766913,32.28856840000001]],[[-64.7671549,32.2885219],[-64.76707330000002,32.2889221]],[[-64.7788535,32.294417],[-64.7787886,32.2934561]],[[-64.7787886,32.2934561],[-64.780877,32.293341599999984]],[[-64.7870115,32.3005882],[-64.7868687,32.300390400000005],[-64.7866816,32.2997906]],[[-64.6809973,32.3795002],[-64.6797929,32.3800181]],[[-64.6924758,32.3697634],[-64.692344,32.3699159]],[[-64.7958245,32.2649882],[-64.796468,32.26485619999999],[-64.7975165,32.264786799999996],[-64.7991167,32.2642835],[-64.8006107,32.2641396],[-64.8009588,32.2640376],[-64.8013309,32.263816299999995],[-64.8015663,32.2635794],[-64.8021945,32.2625439],[-64.8025512,32.262190099999984],[-64.8053421,32.26043],[-64.8055896,32.2603519],[-64.8062245,32.26040849999998],[-64.8066698,32.2602565],[-64.8068696,32.260016099999994],[-64.8070461,32.259637399999995],[-64.8073304,32.2594503],[-64.8075101,32.2594378],[-64.808326,32.25954089999999],[-64.8088096,32.259543300000004],[-64.8090805,32.25949109999999],[-64.80966390000002,32.25927680000001],[-64.809877,32.2590736],[-64.8098356,32.2587086],[-64.8098796,32.25851459999999],[-64.8101674,32.2583207],[-64.8129209,32.257284600000006],[-64.8140844,32.257095699999994],[-64.8141915,32.2570285],[-64.8144691,32.2566996],[-64.8150892,32.2564915],[-64.8155037,32.25621449999999],[-64.8163107,32.255864200000005],[-64.8176516,32.255435199999994],[-64.8187769,32.2553448],[-64.8192879,32.25518950000001],[-64.8210923,32.255346],[-64.8213203,32.2553324],[-64.8215702,32.2552415]],[[-64.7418071,32.3082436],[-64.7416506,32.310269000000005]],[[-64.851459,32.253184299999994],[-64.8514683,32.2532855],[-64.8513906,32.25337819999999]],[[-64.7700754,32.2927473],[-64.7698463,32.293040500000004]],[[-64.7697249,32.2928798],[-64.7700754,32.2927473]],[[-64.7694048,32.2927172],[-64.7696435,32.292882199999994]],[[-64.7694048,32.2927172],[-64.7686476,32.29178430000001],[-64.7674106,32.289984399999994],[-64.7671638,32.289447100000004],[-64.76707330000002,32.2889221]],[[-64.6677702,32.3654217],[-64.6681562,32.36562810000001]],[[-64.6677702,32.3654217],[-64.6659525,32.3640119]],[[-64.6681135,32.36567190000001],[-64.6677702,32.3654217]],[[-64.6681562,32.36562810000001],[-64.6690222,32.3659881]],[[-64.6690167,32.366039400000005],[-64.6681135,32.36567190000001]],[[-64.6690222,32.3659881],[-64.6695705,32.36611919999999],[-64.6702236,32.36618240000001]],[[-64.6702214,32.36623389999999],[-64.6695692,32.36616779999999],[-64.6690167,32.366039400000005]],[[-64.6752892,32.368152900000005],[-64.6750328,32.36765799999999],[-64.6747303,32.3666462],[-64.67458030000002,32.36646549999999],[-64.6740937,32.366178999999995],[-64.6738345,32.3661026],[-64.6735402,32.366091100000006],[-64.6703696,32.36624480000001]],[[-64.670377,32.3661908],[-64.6735388,32.3660269],[-64.673849,32.3660414],[-64.6741233,32.36612],[-64.674633,32.3664328],[-64.6747827,32.3666278],[-64.6748889,32.3668426],[-64.6750881,32.36765179999999],[-64.6753708,32.3681052]],[[-64.6749706,32.36745949999999],[-64.6750325,32.3674434]],[[-64.6749509,32.367098099999986],[-64.6748822,32.36710969999999]],[[-64.6747303,32.3666462],[-64.6747827,32.3666278]],[[-64.6729607,32.366116600000005],[-64.6729555,32.36605899999999]],[[-64.6721103,32.3661741],[-64.672101,32.366107199999995]],[[-64.8756482,32.2795431],[-64.8744734,32.2811937],[-64.8734541,32.2823128],[-64.8732824,32.282592300000005],[-64.8731436,32.28297119999999],[-64.8731483,32.28317510000001],[-64.87324620000001,32.28347949999999],[-64.8739235,32.284425],[-64.8740134,32.2846439],[-64.8739979,32.284879200000006],[-64.8738504,32.2851445],[-64.87380480000002,32.285437],[-64.874018,32.285920000000004],[-64.8740408,32.28632699999999],[-64.8742255,32.2869246],[-64.8741709,32.28713770000001],[-64.8738444,32.2874863],[-64.8737871,32.2877305],[-64.8738813,32.2897396],[-64.8737921,32.29130069999999],[-64.8739103,32.2920487],[-64.8742783,32.2928261],[-64.8743483,32.293087400000005],[-64.8738759,32.29455769999999],[-64.8738119,32.2950215],[-64.8738335,32.295678300000006],[-64.8726599,32.29679339999999],[-64.8718727,32.297647],[-64.8713923,32.29833219999999],[-64.8706405,32.3007085],[-64.8704668,32.3016476],[-64.8696,32.301867699999995],[-64.86912560000002,32.3022284],[-64.8683381,32.302474200000006]],[[-64.7897684,32.300806900000005],[-64.7897177,32.300747]],[[-64.7895405,32.300835],[-64.788654,32.3007863],[-64.7880546,32.3008237],[-64.7870115,32.3005882]],[[-64.7698318,32.293074499999996],[-64.7698799,32.29327769999999],[-64.7700884,32.2934668],[-64.7707919,32.2939033],[-64.7712278,32.2940489],[-64.7726288,32.2940234],[-64.7740899,32.2938058],[-64.7746058,32.2937754]],[[-64.7742872,32.28328500000001],[-64.7747594,32.28286190000001],[-64.7749792,32.28269830000001],[-64.7751813,32.28261890000001],[-64.7756922,32.2826631],[-64.7764071,32.2828525],[-64.7766055,32.282856999999986],[-64.7777084,32.2822806],[-64.7785556,32.2820836],[-64.7789185,32.2820399],[-64.7806013,32.2820576],[-64.7810836,32.2821247],[-64.7811815,32.28210430000001],[-64.7813513,32.28205],[-64.7829051,32.2811873],[-64.7836722,32.2809063],[-64.7845409,32.2805214],[-64.7850022,32.2804669],[-64.7860301,32.2805376],[-64.7876723,32.2802698],[-64.7890886,32.2802594],[-64.7892709,32.2801818],[-64.7902634,32.279453800000006],[-64.7910546,32.27900259999999],[-64.7913497,32.27873499999999],[-64.7936403,32.275910100000004],[-64.794638,32.275409],[-64.7956251,32.275126499999985],[-64.7963439,32.2749872],[-64.7982148,32.2740233],[-64.7983194,32.27395419999998],[-64.7988934,32.2732784],[-64.7999582,32.2725118],[-64.8002881,32.2721989],[-64.8005242,32.271797400000004],[-64.8009479,32.2712577],[-64.8015675,32.2706181],[-64.8018867,32.2703959],[-64.8032037,32.26985609999999],[-64.8034746,32.26968600000001],[-64.8040083,32.269012499999995],[-64.8041398,32.2687562],[-64.8042632,32.268121199999996],[-64.804522,32.2677013],[-64.8052341,32.2668871],[-64.8055144,32.266765799999995],[-64.8071871,32.26687259999999],[-64.8085446,32.2670092],[-64.8088772,32.2669967],[-64.8092487,32.26688669999999],[-64.8096162,32.266680300000004],[-64.8100748,32.2663322],[-64.8106314,32.2658162],[-64.8113341,32.2653536],[-64.8138312,32.26407209999999]],[[-64.7876641,32.2958213],[-64.7875681,32.2957998]],[[-64.7878128,32.29580529999999],[-64.7876641,32.2958213]],[[-64.7877052,32.2957243],[-64.7878128,32.29580529999999]],[[-64.7884689,32.29627529999999],[-64.7884145,32.296170399999994]],[[-64.7882554,32.2960639],[-64.7884013,32.2959775]],[[-64.788424,32.2961474],[-64.7884013,32.2959775]],[[-64.7885598,32.2962852],[-64.7885199,32.2963584]],[[-64.7876988,32.293839],[-64.787518,32.293332],[-64.7872184,32.2920752]],[[-64.7979349,32.3006071],[-64.7969609,32.30052810000001],[-64.7967423,32.30055870000001],[-64.7958153,32.3010341],[-64.7950194,32.3010224],[-64.7944209,32.300858999999996],[-64.7934123,32.300994],[-64.7922168,32.30083689999999],[-64.79015020000001,32.30075329999999]],[[-64.7984,32.3006743],[-64.798632,32.3007832],[-64.7988987,32.3010651],[-64.79912,32.3012045],[-64.7993762,32.3012889],[-64.8005818,32.30149130000001],[-64.8016453,32.301737300000006],[-64.8024695,32.301982599999995],[-64.8034934,32.3028595],[-64.8038273,32.303703999999996],[-64.8039011,32.3041518],[-64.8039896,32.304311599999984],[-64.804518,32.30472759999999],[-64.8049124,32.30495510000001],[-64.8050179,32.30495710000001]],[[-64.7982293,32.30054229999999],[-64.7984,32.3006743]],[[-64.7866816,32.2997906],[-64.786632,32.29966900000001],[-64.7865243,32.29959660000001],[-64.7862842,32.2995613]],[[-64.7847399,32.3015965],[-64.7847561,32.3019084]],[[-64.7847561,32.3019084],[-64.784576,32.3017443]],[[-64.7708089,32.30584400000001],[-64.7707236,32.30555390000001]],[[-64.7619767,32.31029099999999],[-64.7616479,32.310091400000005]],[[-64.7616231,32.31055129999999],[-64.7619747,32.3103141]],[[-64.7622695,32.3102253],[-64.7625807,32.310216399999995]],[[-64.7623448,32.3099823],[-64.7622444,32.3101989]],[[-64.7620819,32.3104067],[-64.7616231,32.31055129999999]],[[-64.7621078,32.3101834],[-64.7623448,32.3099823]],[[-64.7616479,32.310091400000005],[-64.7620721,32.31019559999999]],[[-64.7625807,32.310216399999995],[-64.7622283,32.310357499999995]],[[-64.6775279,32.3689848],[-64.6769108,32.36898519999999],[-64.6765538,32.3689393],[-64.675937,32.3686913],[-64.6753817,32.368279599999994]],[[-64.6754785,32.3682233],[-64.6758349,32.36855889999999],[-64.6761278,32.36873229999999],[-64.6765215,32.36888340000001],[-64.6768928,32.3689483],[-64.6775279,32.3689848]],[[-64.7790218,32.2963423],[-64.7788535,32.294417]],[[-64.7874132,32.2915487],[-64.78659460000002,32.2916639],[-64.7860427,32.2919912]],[[-64.7979349,32.3006071],[-64.7980437,32.3005344]],[[-64.7980805,32.30061679999999],[-64.7979349,32.3006071]],[[-64.7980645,32.3004999],[-64.7980821,32.30034789999999]],[[-64.7980821,32.30034789999999],[-64.7981777,32.300480799999995]],[[-64.7980437,32.3005344],[-64.7981481,32.3004732],[-64.7982293,32.30054229999999]],[[-64.7856139,32.30557679999999],[-64.78548670000002,32.305658199999996]],[[-64.785484,32.30553299999999],[-64.7856139,32.30557679999999]],[[-64.7853258,32.30547889999999],[-64.7854207,32.305378399999995]],[[-64.7854207,32.305378399999995],[-64.7855261,32.3050373],[-64.7853346,32.3044756]],[[-64.7854207,32.305378399999995],[-64.7854543,32.305504]],[[-64.7850171,32.30562249999999],[-64.7852252,32.3055527]],[[-64.7852399,32.30566640000001],[-64.7850171,32.30562249999999]],[[-64.7854543,32.305504],[-64.785484,32.30553299999999]],[[-64.8050179,32.30495710000001],[-64.80479580000001,32.30528279999999],[-64.8036787,32.305456899999996],[-64.8030562,32.305650500000006],[-64.802092,32.3056616],[-64.8017757,32.3056304],[-64.8007897,32.3054166],[-64.7980887,32.3051788],[-64.7949988,32.3050416],[-64.7940158,32.30491920000001],[-64.7926204,32.3049012],[-64.7921798,32.304901],[-64.7910732,32.3049995],[-64.7906647,32.305123599999995],[-64.7901286,32.305213099999996],[-64.7894185,32.3052332],[-64.7883051,32.3054276],[-64.7866009,32.3054741],[-64.7858082,32.305546]],[[-64.7709497,32.306064],[-64.771176,32.3062091]],[[-64.771176,32.3062091],[-64.7709032,32.3061928]],[[-64.8463803,32.253757],[-64.847425,32.25356649999999],[-64.8479265,32.25339639999999]],[[-64.8479265,32.25339639999999],[-64.8488894,32.2530323],[-64.8497598,32.25276689999999],[-64.8499073,32.2527556],[-64.8501344,32.252828099999995],[-64.8506128,32.25321149999999],[-64.851055,32.253344999999996]],[[-64.851055,32.253344999999996],[-64.8513906,32.25337819999999]],[[-64.8564286,32.2531575],[-64.8570327,32.2532704],[-64.8577247,32.25328290000001],[-64.8586088,32.2530776],[-64.8590127,32.2530375],[-64.8597126,32.253087799999996],[-64.8602544,32.253227300000006],[-64.8604475,32.25337700000001],[-64.861908,32.255080499999984],[-64.8621735,32.2553142],[-64.8634522,32.25575539999999],[-64.8656489,32.256809000000004],[-64.8660398,32.25706420000001],[-64.8664234,32.25745549999999]],[[-64.8679973,32.2617788],[-64.8680546,32.2618734]],[[-64.8671087,32.258476200000004],[-64.86741850000001,32.258989899999996],[-64.8675003,32.2592087],[-64.867605,32.2598438],[-64.8676011,32.2605597],[-64.8679973,32.2617788]],[[-64.8664234,32.25745549999999],[-64.8671087,32.258476200000004]],[[-64.8680546,32.2618734],[-64.8684424,32.2623557],[-64.8695825,32.2635025],[-64.8716848,32.266184700000004],[-64.872455,32.26707450000001],[-64.8727804,32.26749830000001],[-64.8738958,32.2692601],[-64.8745624,32.27087699999999],[-64.8745914,32.27140279999999],[-64.8746454,32.27154219999999],[-64.8758668,32.273624199999986],[-64.8771247,32.2765043],[-64.87714380000001,32.27692830000001]],[[-64.6807478,32.36938260000001],[-64.6807051,32.36952079999999]],[[-64.6896745,32.3696575],[-64.6883787,32.369459],[-64.6879525,32.3694773],[-64.6875718,32.36957629999999],[-64.6872009,32.3697563],[-64.68699200000002,32.3699131],[-64.6861658,32.37071029999999],[-64.685812,32.3711333],[-64.6855033,32.3712491],[-64.6853021,32.3712196],[-64.6841525,32.3706687],[-64.6834124,32.3704682],[-64.6807051,32.36952079999999]],[[-64.6807478,32.36938260000001],[-64.680048,32.369182099999996],[-64.679357,32.3690563],[-64.6785478,32.36899650000001],[-64.6775279,32.3689848]],[[-64.7896875,32.3005453],[-64.7897935,32.300679599999995]],[[-64.7897308,32.3007088],[-64.7896875,32.3005453]],[[-64.7895405,32.300835],[-64.7897177,32.300747]],[[-64.7897684,32.300806900000005],[-64.7895405,32.300835]],[[-64.79015020000001,32.30075329999999],[-64.78984600000001,32.3007952]],[[-64.7898658,32.30071720000001],[-64.79015020000001,32.30075329999999]],[[-64.7875681,32.2957998],[-64.7874893,32.29579549999998]],[[-64.7874893,32.29579549999998],[-64.78755140000001,32.295748599999996]],[[-64.7746058,32.2937754],[-64.7746173,32.2938373]],[[-64.7746173,32.2938373],[-64.7727974,32.29410290000001],[-64.7714844,32.2941595],[-64.7711237,32.2941342],[-64.7706471,32.29401709999999],[-64.7701715,32.2937796],[-64.76965520000002,32.2931442]],[[-64.7746058,32.2937754],[-64.7750797,32.293763000000006]],[[-64.7840963,32.293138899999995],[-64.7840395,32.2924337]],[[-64.8354651,32.3261111],[-64.8353044,32.326192],[-64.8348814,32.3268777],[-64.83483810000001,32.3272026]],[[-64.8414987,32.32031500000001],[-64.84155,32.32024940000001]],[[-64.8414143,32.3206093],[-64.841088,32.320817100000006],[-64.8407749,32.320891700000004],[-64.8403856,32.320911699999996],[-64.8400037,32.3210927],[-64.8393404,32.3215623],[-64.8370567,32.3228633],[-64.8362214,32.32358349999999],[-64.8355764,32.324051999999995]],[[-64.8414724,32.32056059999999],[-64.8414143,32.3206093]],[[-64.84155,32.32024940000001],[-64.8415617,32.320331700000004]],[[-64.8415617,32.320331700000004],[-64.8414724,32.32056059999999]],[[-64.664268,32.3636812],[-64.664602,32.363614],[-64.6650701,32.36363879999999],[-64.6659525,32.3640119]],[[-64.6579171,32.3642708],[-64.6582505,32.3639841]],[[-64.6913855,32.3700405],[-64.6906215,32.36998049999999],[-64.6899926,32.3697312],[-64.6896745,32.3696575]],[[-64.6921759,32.3700551],[-64.6920804,32.37003120000001]],[[-64.6922556,32.369785900000004],[-64.692344,32.3699159]],[[-64.692344,32.3699159],[-64.6923237,32.36997989999999]],[[-64.6923237,32.36997989999999],[-64.6921759,32.3700551]],[[-64.6920804,32.37003120000001],[-64.6920102,32.369875199999996],[-64.6920743,32.36979589999999],[-64.6921833,32.3697686]],[[-64.6582505,32.3639841],[-64.6588228,32.36364089999999],[-64.6590366,32.3635583],[-64.659549,32.36348129999999],[-64.6600731,32.36352589999999],[-64.6627856,32.36415910000001],[-64.6631792,32.36414179999999],[-64.6635133,32.36406349999999],[-64.664268,32.3636812]],[[-64.6703696,32.36624480000001],[-64.6702705,32.36627549999999]],[[-64.6702214,32.36623389999999],[-64.6702236,32.36618240000001]],[[-64.6702705,32.36627549999999],[-64.6702214,32.36623389999999]],[[-64.6754723,32.36814969999999],[-64.6754785,32.3682233]],[[-64.6754785,32.3682233],[-64.6753817,32.368279599999994]],[[-64.6753817,32.368279599999994],[-64.6752982,32.3682438]],[[-64.7844108,32.2973543],[-64.7842475,32.295063]],[[-64.7841928,32.2940976],[-64.7842475,32.295063]],[[-64.8436519,32.3173835],[-64.8434609,32.317486],[-64.843231,32.3179599],[-64.8430334,32.3181111],[-64.8423172,32.3183647],[-64.8420697,32.3185171],[-64.8419558,32.3187109],[-64.8419803,32.3190888],[-64.8419111,32.31938139999999],[-64.84155,32.32024940000001]],[[-64.8683381,32.302474200000006],[-64.8675578,32.3026812],[-64.8672156,32.3031156],[-64.867034,32.3032267]],[[-64.7687491,32.2994184],[-64.768722,32.299343]],[[-64.7688565,32.2994267],[-64.7687491,32.2994184]],[[-64.7706212,32.305182699999996],[-64.7707236,32.30555390000001]],[[-64.7691873,32.3070625],[-64.7683175,32.307382100000005],[-64.7675276,32.3075464],[-64.76664250000002,32.307607600000004],[-64.7657687,32.30789670000001],[-64.7646814,32.308103499999994],[-64.7640934,32.30826059999999],[-64.763624,32.3085269],[-64.7634282,32.3087287],[-64.7629078,32.30955050000001],[-64.7623448,32.3099823]],[[-64.7709285,32.3060317],[-64.7709517,32.3061347],[-64.7708629,32.3062086]],[[-64.7707274,32.306027199999996],[-64.7708518,32.30599250000001],[-64.7709285,32.3060317]],[[-64.7708629,32.3062086],[-64.7707556,32.3061966],[-64.7706941,32.3061199]],[[-64.768722,32.299343],[-64.7688276,32.2992883]],[[-64.7688276,32.2992883],[-64.7688965,32.29935160000001]],[[-64.7847399,32.3015965],[-64.784576,32.3017443]],[[-64.7832191,32.302642099999986],[-64.7825089,32.302846300000006],[-64.7801669,32.3033883],[-64.7792958,32.303397399999994]],[[-64.785484,32.30553299999999],[-64.78548670000002,32.305658199999996]],[[-64.78548670000002,32.305658199999996],[-64.7853868,32.305718000000006],[-64.7852399,32.30566640000001]],[[-64.7852399,32.30566640000001],[-64.7852252,32.3055527]],[[-64.7852252,32.3055527],[-64.7853258,32.30547889999999]],[[-64.7853258,32.30547889999999],[-64.7854543,32.305504]],[[-64.7897935,32.300679599999995],[-64.7898658,32.30071720000001]],[[-64.78984600000001,32.3007952],[-64.7897684,32.300806900000005]],[[-64.7898658,32.30071720000001],[-64.78984600000001,32.3007952]],[[-64.7897308,32.3007088],[-64.7897935,32.300679599999995]],[[-64.7897177,32.300747],[-64.7897308,32.3007088]],[[-64.7982293,32.30054229999999],[-64.7981698,32.3006265]],[[-64.7980805,32.30061679999999],[-64.7980437,32.3005344]],[[-64.7981698,32.3006265],[-64.7980805,32.30061679999999]],[[-64.7858082,32.305546],[-64.7856139,32.30557679999999]],[[-64.7884145,32.296170399999994],[-64.7885077,32.2960944],[-64.7886369,32.29615720000001],[-64.7885923,32.2962726],[-64.7884689,32.29627529999999]],[[-64.7875681,32.2957998],[-64.7875669,32.2957158],[-64.7876564,32.29569059999999],[-64.7877139,32.295746199999996],[-64.7876641,32.2958213]],[[-64.7622695,32.3102253],[-64.7622826,32.3102975],[-64.7622283,32.310357499999995]],[[-64.7622283,32.310357499999995],[-64.7620819,32.3104067]],[[-64.7620819,32.3104067],[-64.7619747,32.3103141]],[[-64.7619747,32.3103141],[-64.7621078,32.3101834]],[[-64.7621078,32.3101834],[-64.7622444,32.3101989]],[[-64.7355907,32.3223394],[-64.7352965,32.322383]],[[-64.7356104,32.3226144],[-64.7362009,32.32287229999999]],[[-64.7153063,32.350646899999994],[-64.715282,32.35052339999999]],[[-64.7153045,32.35050499999999],[-64.7154227,32.3505052]],[[-64.7154227,32.3505052],[-64.7154637,32.350559]],[[-64.7154637,32.350559],[-64.7153746,32.35066119999999]],[[-64.7055795,32.3594512],[-64.7055212,32.3595293],[-64.7053634,32.35955210000001]],[[-64.7053634,32.35955210000001],[-64.7052828,32.3595013]],[[-64.7052828,32.3595013],[-64.7052574,32.359383099999995],[-64.7053496,32.3592916]],[[-64.7053654,32.359288],[-64.7055024,32.35929889999999],[-64.7055833,32.3594087]],[[-64.7041427,32.358995300000004],[-64.7033838,32.3586212],[-64.7029922,32.358545799999995],[-64.7025208,32.35865009999999],[-64.7020295,32.3589281]],[[-64.7020295,32.3589281],[-64.6993224,32.3602014]],[[-64.7689732,32.30037159999999],[-64.7687459,32.29971419999999],[-64.7687491,32.2994184]],[[-64.7695348,32.3017167],[-64.7696328,32.30196810000001]],[[-64.769427,32.301431],[-64.7695348,32.3017167]],[[-64.7687671,32.30054899999998],[-64.7689464,32.3004638],[-64.7689732,32.30037159999999]],[[-64.7691691,32.30088490000001],[-64.7690129,32.300599999999996],[-64.7687843,32.30058330000001]],[[-64.7689482,32.3000504],[-64.7691145,32.3005091]],[[-64.7688565,32.2994267],[-64.7688182,32.299657499999995],[-64.7689482,32.3000504]],[[-64.8215702,32.2552415],[-64.8220123,32.2550534],[-64.8224255,32.25475079999999],[-64.8225568,32.254577],[-64.8228143,32.25375819999999],[-64.8229377,32.25356990000001],[-64.8232354,32.2532841],[-64.82443970000001,32.25232],[-64.8254693,32.251316900000006],[-64.82590690000002,32.2510939],[-64.8285563,32.25027669999999],[-64.8287914,32.2502983],[-64.8291217,32.250579599999995],[-64.8293802,32.2506525],[-64.8296513,32.2506074],[-64.8310976,32.25008259999999],[-64.8313679,32.2500222],[-64.8316898,32.2500222],[-64.8323673,32.2501884],[-64.8327761,32.250239900000004],[-64.8335305,32.250139999999995],[-64.834093,32.25025130000001],[-64.8346737,32.2502365],[-64.8359464,32.249793000000004],[-64.8366572,32.249616100000004],[-64.8380345,32.2494774],[-64.8386189,32.249267200000006],[-64.8394941,32.24934689999999],[-64.8402673,32.249190600000006],[-64.842415,32.2492207],[-64.8442347,32.2491033],[-64.8451334,32.24909280000001],[-64.8453713,32.249130500000014],[-64.8456704,32.2492551],[-64.8459937,32.249457899999996],[-64.8462866,32.2497664],[-64.8465756,32.249895599999995],[-64.8467939,32.2499216],[-64.8493062,32.2497035],[-64.8497032,32.24971039999999],[-64.8501409,32.24979909999999],[-64.8506378,32.25010540000001],[-64.8508918,32.25043339999999],[-64.8509135,32.25076659999999],[-64.8507898,32.251448999999994],[-64.8508756,32.2525537],[-64.8510419,32.25280550000001],[-64.8517515,32.2533922]],[[-64.70703370000001,32.3344534],[-64.7063207,32.3351452],[-64.7052473,32.335765599999995],[-64.704157,32.33667099999999],[-64.7039666,32.33692589999999],[-64.7039344,32.3371174],[-64.704043,32.33761939999999],[-64.704153,32.33771229999999],[-64.7046881,32.3377316],[-64.7053657,32.3379301],[-64.7055821,32.338104300000005],[-64.7059152,32.3385293],[-64.7061459,32.338680000000004],[-64.7067252,32.33893950000001],[-64.7074119,32.339508300000006],[-64.7075098,32.3396227],[-64.7079296,32.3404567],[-64.7085424,32.34124980000001],[-64.7086611,32.3416396],[-64.7090554,32.34235000000001],[-64.7098708,32.342984499999986],[-64.7100089,32.34319409999999],[-64.7100271,32.34357239999999],[-64.7101008,32.3437208],[-64.7109658,32.34435919999999],[-64.7112515,32.3448023],[-64.7113561,32.345111599999996],[-64.7114525,32.345231],[-64.7116994,32.34532459999999],[-64.7122305,32.34533819999999],[-64.7128018,32.3458072],[-64.7132149,32.3459432],[-64.7135823,32.34583099999999],[-64.7139424,32.3455216],[-64.7141226,32.345449300000006],[-64.7143452,32.3454173],[-64.7145962,32.3454498]],[[-64.7237469,32.3152581],[-64.7235095,32.315374799999994],[-64.7224594,32.3156491],[-64.7222502,32.3157488],[-64.7220168,32.3159426],[-64.7215488,32.31656600000001],[-64.7213262,32.316685],[-64.7208987,32.316782100000005],[-64.7204571,32.316790399999995],[-64.7201541,32.3169298],[-64.719969,32.317076],[-64.7197839,32.317355899999995],[-64.719671,32.3178355],[-64.7194161,32.3184236],[-64.7183099,32.3193122],[-64.7167188,32.320699099999985]],[[-64.7385569,32.307019600000004],[-64.7368185,32.3078371],[-64.7361639,32.308272499999994],[-64.7358867,32.3085387],[-64.7355225,32.3092099],[-64.7352214,32.309608],[-64.7349646,32.30986730000001],[-64.7332725,32.31120320000001],[-64.7331514,32.31132039999999],[-64.7328939,32.3117851],[-64.7324094,32.3119814],[-64.7316949,32.3120253],[-64.7314562,32.312088800000005],[-64.7293668,32.31284370000001],[-64.7288706,32.31288],[-64.7281113,32.313148]],[[-64.7416506,32.310269000000005],[-64.74134690000001,32.3109883],[-64.7414045,32.3111753],[-64.7416835,32.31166149999999],[-64.7416008,32.31214349999999],[-64.7413994,32.3126375],[-64.7412315,32.312838199999995],[-64.7410572,32.3129076],[-64.7403156,32.3130182],[-64.7399709,32.3131406],[-64.7397568,32.3133444],[-64.7395585,32.3138071],[-64.739441,32.314507899999995],[-64.7395988,32.315456399999995],[-64.7396349,32.31599820000001],[-64.7396026,32.3161837],[-64.7392111,32.31673880000001]],[[-64.7418492,32.3051015],[-64.7399785,32.306242399999995],[-64.7385569,32.307019600000004]],[[-64.7647113,32.28920959999999],[-64.7639822,32.28955520000001],[-64.763512,32.28987669999999],[-64.7632473,32.290123799999996],[-64.7627375,32.2908738],[-64.7624211,32.2911164],[-64.7604134,32.2923998],[-64.7580772,32.2937704],[-64.7564591,32.2945918],[-64.7556368,32.2952321],[-64.7550073,32.2958973],[-64.7539389,32.2965162],[-64.752185,32.297717],[-64.7495289,32.2999655],[-64.7476948,32.3008591],[-64.7462882,32.30140819999999],[-64.7458865,32.3016795],[-64.7453233,32.3022078],[-64.7449397,32.3024911],[-64.7437461,32.3032279],[-64.7434377,32.3035725],[-64.743093,32.3041888],[-64.7427864,32.304464900000006],[-64.7418492,32.3051015]],[[-64.7698318,32.293074499999996],[-64.76965520000002,32.2931442]],[[-64.7698463,32.293040500000004],[-64.7698318,32.293074499999996]],[[-64.76965520000002,32.2931442],[-64.7695824,32.29311249999999]],[[-64.7695824,32.29311249999999],[-64.7695297,32.2930183]],[[-64.7263856,32.32240029999999],[-64.7269736,32.3224174],[-64.7279418,32.3223109],[-64.729747,32.321961800000004],[-64.7306308,32.32171759999999],[-64.7313241,32.32163599999999],[-64.7319464,32.321648499999995],[-64.7325633,32.32209159999999],[-64.7337209,32.32248059999999],[-64.7340297,32.32248049999999],[-64.7351349,32.32215659999999]],[[-64.780877,32.293341599999984],[-64.7840963,32.293138899999995]],[[-64.78083840000001,32.2926687],[-64.7787243,32.292784399999995],[-64.7776951,32.2931426]],[[-64.7798383,32.2757279],[-64.7793159,32.2749747],[-64.7793769,32.27464389999999],[-64.7798082,32.27356749999999],[-64.779969,32.2734326],[-64.7817941,32.272513200000006],[-64.7824045,32.27177699999999],[-64.7831264,32.271134499999995],[-64.7837188,32.270782600000004],[-64.7841132,32.2706896],[-64.7848158,32.270778],[-64.7854112,32.27070090000001],[-64.7873659,32.2696656],[-64.7889501,32.2690669],[-64.7896823,32.268625799999995],[-64.7916455,32.26717790000001],[-64.7919228,32.26701859999999],[-64.7920905,32.266942099999994],[-64.7928012,32.266953199999996],[-64.7930457,32.26689089999999],[-64.7932417,32.266735800000006],[-64.7937408,32.26591289999999],[-64.7940668,32.265626299999994],[-64.7953849,32.2651055],[-64.7958245,32.2649882]],[[-64.766873,32.28852650000001],[-64.766859,32.28843830000001],[-64.7669609,32.2883405]],[[-64.766913,32.28856840000001],[-64.766873,32.28852650000001]],[[-64.7669609,32.2883405],[-64.7670299,32.2883339]],[[-64.7670299,32.2883339],[-64.7671261,32.2883741],[-64.7671693,32.288457]],[[-64.867034,32.3032267],[-64.8662842,32.303579799999994],[-64.8660491,32.3035815],[-64.8655282,32.30343839999999]],[[-64.8517515,32.2533922],[-64.8522382,32.2533805],[-64.8530975,32.25322270000001],[-64.853799,32.2531544],[-64.85504820000001,32.2531865],[-64.8560268,32.25310600000001],[-64.8564286,32.2531575]],[[-64.8513906,32.25337819999999],[-64.8517515,32.2533922]],[[-64.8598425,32.3046093],[-64.85952930000002,32.3044853],[-64.8593063,32.30447269999999],[-64.8590418,32.30455429999999],[-64.8588077,32.30469170000001]],[[-64.8600026,32.304702500000005],[-64.8598425,32.3046093]],[[-64.7720725,32.28659689999999],[-64.7729017,32.28611209999999],[-64.773457,32.28540569999999],[-64.7741114,32.28430259999999],[-64.7741649,32.2835987],[-64.7742872,32.28328500000001]],[[-64.7695477,32.29294919999999],[-64.7697249,32.2928798],[-64.7698251,32.29293950000001],[-64.7698463,32.293040500000004]],[[-64.7855838,32.299503599999994],[-64.78546740000002,32.299428799999994]],[[-64.7856203,32.29951769999998],[-64.7855838,32.299503599999994]],[[-64.8768076,32.2784259],[-64.8767468,32.278495099999994]],[[-64.8767468,32.278495099999994],[-64.8767014,32.278542200000004]],[[-64.7872184,32.2920752],[-64.7870858,32.29158739999999]],[[-64.85734,32.3056142],[-64.8571665,32.3058265],[-64.8569307,32.3063252]],[[-64.7832191,32.302642099999986],[-64.7843334,32.30192619999999]],[[-64.7853521,32.3010885],[-64.7852656,32.30115299999999]],[[-64.784576,32.3017443],[-64.7843334,32.30192619999999]],[[-64.7852656,32.30115299999999],[-64.7847399,32.3015965]],[[-64.7843334,32.30192619999999],[-64.7838569,32.3023123],[-64.7832191,32.302642099999986]],[[-64.835809,32.325089],[-64.8353157,32.32487189999999]],[[-64.8349776,32.3245495],[-64.835058,32.3247334],[-64.8353157,32.32487189999999]],[[-64.8353157,32.32487189999999],[-64.835809,32.325089]],[[-64.835809,32.325089],[-64.8360457,32.3251349],[-64.8361066,32.325206599999994]],[[-64.7858751,32.29210170000001],[-64.7860427,32.2919912]],[[-64.7860427,32.2919912],[-64.7859961,32.2920592],[-64.7858751,32.29210170000001]],[[-64.7858751,32.29210170000001],[-64.7856513,32.2921821],[-64.7840395,32.2924337]],[[-64.7776951,32.2931426],[-64.7769314,32.293414500000004]],[[-64.87714380000001,32.27692830000001],[-64.8771031,32.2779157],[-64.8769854,32.2781862],[-64.8768076,32.2784259]],[[-64.8765581,32.2786968],[-64.8758574,32.27929819999999],[-64.8756482,32.2795431]],[[-64.7056542,32.3591822],[-64.7055833,32.3594087]],[[-64.7098563,32.3516853],[-64.7092195,32.352406499999994]],[[-64.7122684,32.3513192],[-64.7120714,32.35136969999999]],[[-64.7120714,32.35136969999999],[-64.7119227,32.35141010000001]],[[-64.7119227,32.35141010000001],[-64.7114909,32.351479499999996],[-64.7102933,32.3514432],[-64.7100748,32.351518899999995],[-64.7098563,32.3516853]],[[-64.6753708,32.3681052],[-64.6754723,32.36814969999999]],[[-64.6752892,32.368152900000005],[-64.6753708,32.3681052]],[[-64.670377,32.3661908],[-64.6703696,32.36624480000001]],[[-64.715282,32.35052339999999],[-64.7153045,32.35050499999999]],[[-64.7053496,32.3592916],[-64.7053654,32.359288]]]}},{"type":"Feature","properties":{"kind":"secondary"},"geometry":{"type":"MultiLineString","coordinates":[[[-64.7860748,32.292174499999994],[-64.7861345,32.292379700000005],[-64.7862742,32.2939321]],[[-64.7797887,32.2983398],[-64.7795066,32.2983248],[-64.7791382,32.2970403],[-64.7790218,32.2963423]],[[-64.7853196,32.2949769],[-64.7854378,32.2949356],[-64.7866249,32.294861700000006]],[[-64.7844108,32.2973543],[-64.7833915,32.2975784]],[[-64.78083840000001,32.2926687],[-64.780877,32.293341599999984]],[[-64.7152909,32.321100200000004],[-64.7149417,32.32086989999999],[-64.7146431,32.3207503],[-64.713885,32.3205972],[-64.7130821,32.3204919]],[[-64.7070218,32.334195599999994],[-64.7065201,32.33352539999999],[-64.706232,32.3333476],[-64.7059101,32.33331199999999],[-64.7043754,32.3340012],[-64.703408,32.33420439999999],[-64.7031417,32.3343039],[-64.7022449,32.3348899],[-64.70195,32.3349486],[-64.7018026,32.3349027],[-64.701583,32.3346866],[-64.70146480000001,32.3342206],[-64.7011985,32.3337682],[-64.7010619,32.333203499999996],[-64.7006371,32.3327678],[-64.700579,32.332601000000004],[-64.7005738,32.3321526],[-64.7001157,32.331405600000004]],[[-64.7281113,32.313148],[-64.7279008,32.3130977],[-64.7276619,32.312972499999994],[-64.7274364,32.312939199999995],[-64.7266712,32.31302049999999],[-64.7254373,32.3135849],[-64.7250164,32.31372710000001],[-64.7231012,32.3139787]],[[-64.7231012,32.3139787],[-64.723245,32.3142857],[-64.7234275,32.31501020000001],[-64.7237469,32.3152581]],[[-64.701031,32.328727699999995],[-64.7011837,32.32926540000001],[-64.7011852,32.32949620000001],[-64.7010389,32.32974049999999],[-64.7006123,32.33016219999999],[-64.7005414,32.330305999999986],[-64.7004425,32.3310602],[-64.7003304,32.3312381],[-64.7001157,32.331405600000004]],[[-64.83483810000001,32.3272026],[-64.8347735,32.32759579999999],[-64.8342586,32.32843859999999],[-64.8341445,32.328526],[-64.8339859,32.32854029999999],[-64.8334689,32.328282499999986],[-64.8329295,32.32719879999999],[-64.8329212,32.3271503],[-64.83318,32.326760099999994]],[[-64.7715855,32.2946915],[-64.7728186,32.29757980000001]],[[-64.7593231,32.2988138],[-64.7586424,32.2972467],[-64.7585673,32.2967887],[-64.7583528,32.296058699999996],[-64.7582073,32.2957837],[-64.7571028,32.2942765]],[[-64.7789494,32.2956584],[-64.7788674,32.2956263],[-64.7787285,32.295429199999994],[-64.7786051,32.2953814],[-64.77772,32.295520999999994],[-64.7757833,32.29617150000001],[-64.7755268,32.2964469],[-64.7752652,32.29721609999999],[-64.7751342,32.29736729999998],[-64.774927,32.2974721],[-64.7734918,32.2973464],[-64.7732719,32.2973894],[-64.7729474,32.2974971],[-64.7726215,32.297754499999996],[-64.7722513,32.2979086],[-64.771746,32.2981981],[-64.7713684,32.2981739],[-64.7709046,32.29826669999999],[-64.7704238,32.298068],[-64.7703136,32.2980866],[-64.7700948,32.29828179999999],[-64.769976,32.2983052],[-64.7693805,32.2980882],[-64.7692083,32.2981127],[-64.76894510000001,32.298238999999995],[-64.768547,32.2982009],[-64.7682755,32.29822269999999]],[[-64.8050179,32.30495710000001],[-64.8055756,32.3052453],[-64.8065805,32.3056526],[-64.8072246,32.3060185],[-64.8077283,32.3059742],[-64.8080226,32.3059991],[-64.8085093,32.3059335],[-64.8090669,32.3059992],[-64.8097255,32.305976799999996],[-64.811747,32.306417399999994],[-64.8120756,32.306428200000006],[-64.8125115,32.30637639999999],[-64.812901,32.3062474],[-64.814007,32.3060377],[-64.814221,32.3059593],[-64.8148468,32.3055206]],[[-64.7881169,32.2938392],[-64.7882488,32.2942832],[-64.788353,32.2943339],[-64.7884602,32.29434280000001],[-64.7888046,32.2942207],[-64.7889561,32.294237700000004],[-64.7891524,32.2943385],[-64.7892355,32.2945345],[-64.789394,32.2946313],[-64.7899054,32.294599500000004],[-64.7905103,32.29464879999999],[-64.7913742,32.29458009999998],[-64.7915498,32.2946141],[-64.7916155,32.2946685],[-64.7918279,32.29522299999999],[-64.7919576,32.295280999999996],[-64.79242470000001,32.29535760000001],[-64.792564,32.2953627],[-64.7928611,32.295276400000006]],[[-64.6720703,32.38196339999998],[-64.6718713,32.3819799],[-64.6716752,32.38192089999999],[-64.6710188,32.3816303],[-64.6702094,32.38120959999999],[-64.6696075,32.3807435],[-64.667825,32.379960499999996],[-64.6676275,32.37983570000001],[-64.6671602,32.379385600000006],[-64.6665473,32.37909390000001],[-64.6654216,32.37890079999999],[-64.6645497,32.3789399],[-64.6639722,32.3790754],[-64.6635723,32.3791049]],[[-64.6766025,32.3816661],[-64.6765835,32.38335209999999],[-64.6765308,32.383433800000006]],[[-64.7800928,32.2977638],[-64.7799037,32.29779340000001],[-64.7798366,32.2978684],[-64.7797887,32.2983398]],[[-64.7917574,32.3008081],[-64.7921516,32.302201000000004],[-64.7930585,32.304909900000006]],[[-64.78341150000001,32.3022862],[-64.7833002,32.3019753],[-64.7834896,32.3015355],[-64.7835281,32.30132089999999],[-64.7831823,32.29951439999999],[-64.7831194,32.29928559999999],[-64.7829564,32.2992056]],[[-64.792671,32.2770588],[-64.7953274,32.280992999999995]],[[-64.8690322,32.262947800000006],[-64.8681253,32.2633822]],[[-64.8681253,32.2633822],[-64.8680991,32.26359080000002],[-64.86745670000002,32.2641793],[-64.8676485,32.2646772],[-64.8676364,32.264748700000005],[-64.8675801,32.26479849999998],[-64.8661428,32.2652775]],[[-64.79212410000001,32.2913547],[-64.7927399,32.29342110000001],[-64.7926945,32.2935653],[-64.79242670000001,32.293611199999994],[-64.7923867,32.2937265],[-64.7934139,32.29687520000001],[-64.7930975,32.297141],[-64.7930762,32.29733530000001],[-64.7931158,32.29744989999999]],[[-64.6635723,32.3791049],[-64.6634605,32.379156299999984]],[[-64.8289157,32.257214999999995],[-64.8305015,32.256616199999996],[-64.8314229,32.2558994],[-64.8316002,32.255715599999995],[-64.8316228,32.255569799999996],[-64.8307322,32.25452730000001],[-64.83058,32.2541634],[-64.8306604,32.2540787],[-64.8316308,32.2537041],[-64.8322242,32.25320580000001],[-64.8325621,32.253299],[-64.8331815,32.2530716],[-64.8332951,32.252866700000006],[-64.8333125,32.2522123],[-64.8334439,32.25135939999999],[-64.8336826,32.251001],[-64.8340286,32.25075139999999],[-64.8345168,32.2505291],[-64.834606,32.250447799999996],[-64.8346737,32.2502365]],[[-64.792671,32.2770588],[-64.7915503,32.275429],[-64.7906003,32.2741764]],[[-64.803948,32.2638582],[-64.8041096,32.263569800000006],[-64.8045565,32.26317070000001],[-64.8048527,32.263049599999995],[-64.8053159,32.262988299999996],[-64.805882,32.2627372],[-64.8079185,32.2613554],[-64.8081224,32.2612829],[-64.8095788,32.2613804],[-64.81010230000001,32.26150630000001],[-64.810514,32.2615517],[-64.8111282,32.261300999999996],[-64.8117156,32.2609393],[-64.811898,32.260965000000006],[-64.812069,32.261123199999986],[-64.812177,32.26130109999999],[-64.8123791,32.261351499999996],[-64.8124828,32.26125290000001],[-64.8125846,32.260914299999996],[-64.8132003,32.2608508],[-64.8138359,32.2605356],[-64.8140049,32.2605616],[-64.8143817,32.26088060000001],[-64.8145065,32.2609347],[-64.8151915,32.260817800000005],[-64.8156665,32.2609109],[-64.8158623,32.260904100000005],[-64.8160823,32.26083489999999],[-64.8164779,32.260840599999995],[-64.8173885,32.260515100000006],[-64.8176983,32.2601579],[-64.8181181,32.25993110000001],[-64.8190756,32.25965130000001]],[[-64.7825881,32.281363899999995],[-64.7813505,32.27959640000001],[-64.7813928,32.27946029999999],[-64.7816758,32.2791869],[-64.7816843,32.27911379999998],[-64.7815896,32.279062499999995],[-64.7811964,32.279214],[-64.7811152,32.27918030000001],[-64.7818896,32.27846360000001]],[[-64.8223046,32.254873],[-64.8224034,32.2550361],[-64.822184,32.2555274],[-64.82060720000001,32.256994600000006],[-64.8205678,32.257144399999994],[-64.8205784,32.257611999999995],[-64.8205281,32.2578593],[-64.8204146,32.25804290000001],[-64.8201351,32.2582246],[-64.8193976,32.25850689999999],[-64.8192046,32.25836279999999],[-64.8189775,32.2578667],[-64.8188951,32.25783739999999],[-64.8188117,32.25788680000001],[-64.8186213,32.2585374],[-64.8186429,32.258853],[-64.8187779,32.259216],[-64.8190756,32.25965130000001]],[[-64.7382925,32.317401800000006],[-64.7388288,32.3175097],[-64.7390823,32.317649100000004],[-64.7392204,32.31794829999999],[-64.7391587,32.31812399999999],[-64.7389562,32.31835410000001],[-64.7390005,32.3184719]],[[-64.7390005,32.3184719],[-64.7395679,32.3188627],[-64.7397002,32.319013],[-64.7398831,32.319684399999986],[-64.7405442,32.3205469],[-64.7406166,32.3208563],[-64.7406193,32.3214762],[-64.7407242,32.321685200000005],[-64.7409682,32.321784599999994],[-64.7413121,32.321837499999994],[-64.7413586,32.32188479999999],[-64.7413379,32.321959],[-64.7410862,32.3222072],[-64.74108770000001,32.322260799999995],[-64.7411905,32.3222757],[-64.7415841,32.322056999999994],[-64.7417847,32.3221415]],[[-64.7145726,32.323469],[-64.7138504,32.32342159999999],[-64.7135361,32.3234641],[-64.7122887,32.3240573],[-64.7120085,32.3240574],[-64.711617,32.3239389],[-64.7113135,32.3239938]],[[-64.83318,32.326760099999994],[-64.8335568,32.32662200000001],[-64.83483810000001,32.3272026]],[[-64.8140844,32.257095699999994],[-64.8142707,32.257241],[-64.8149923,32.2581789],[-64.8151604,32.25828609999999],[-64.8160958,32.2585862],[-64.8162281,32.2589955],[-64.8163714,32.2592282],[-64.8166603,32.2593279],[-64.8169819,32.25931310000001],[-64.8171323,32.25934859999999],[-64.8176794,32.2597935],[-64.8181181,32.25993110000001]],[[-64.7829564,32.2992056],[-64.7817368,32.2990278],[-64.7797654,32.2992089]],[[-64.7831099,32.297842899999985],[-64.7830771,32.2982595],[-64.7831138,32.2987939],[-64.7829564,32.2992056]],[[-64.6752385,32.38853840000001],[-64.6753497,32.3885064],[-64.6760929,32.3885806],[-64.6768502,32.3885393],[-64.6779969,32.3885732],[-64.678241,32.388498999999996],[-64.6785318,32.3883289],[-64.6786299,32.38820460000001],[-64.6788484,32.3877019]],[[-64.6765308,32.383433800000006],[-64.6763017,32.3837418],[-64.676368,32.38401129999999],[-64.6767417,32.3848133],[-64.6776502,32.3864541]],[[-64.6776502,32.3864541],[-64.6783188,32.38748600000001],[-64.6784945,32.38756979999999],[-64.6787705,32.3876256],[-64.6788484,32.3877019]],[[-64.6807051,32.36952079999999],[-64.6802215,32.3694179],[-64.6796138,32.3694058],[-64.6780074,32.36970840000001],[-64.6778593,32.3696783],[-64.6773621,32.369416799999996],[-64.6772472,32.3694032],[-64.67577,32.3696527],[-64.6755109,32.3696347],[-64.6746954,32.36941369999999],[-64.6743376,32.36935840000001],[-64.6742541,32.3693094],[-64.6739172,32.3688805],[-64.6735937,32.368695],[-64.6734068,32.36844330000001],[-64.6729305,32.36799299999999],[-64.6727614,32.3679101],[-64.6718568,32.367748],[-64.6708984,32.3678516],[-64.6701833,32.3677369],[-64.6697547,32.36753850000001],[-64.6693311,32.36727649999999],[-64.6691139,32.36709390000001],[-64.6688635,32.3667822],[-64.6676511,32.3664215],[-64.6671387,32.36575919999999],[-64.6670046,32.36571190000001],[-64.6664594,32.365663],[-64.6656373,32.365678499999994],[-64.6654589,32.3656241],[-64.6647576,32.3651732],[-64.6643217,32.3650838],[-64.6637236,32.36506219999999],[-64.6630205,32.36522839999999],[-64.6624983,32.3651273],[-64.6617081,32.3651555],[-64.66151,32.36512230000001],[-64.6606591,32.36480519999999],[-64.6600597,32.3647458],[-64.6597981,32.3648312],[-64.659033,32.3653006],[-64.6583839,32.365509],[-64.6579845,32.3659212],[-64.6576094,32.366177799999996],[-64.6572702,32.366603899999994],[-64.6571741,32.3666661],[-64.6568397,32.3667025],[-64.65606040000002,32.3669708],[-64.6555167,32.366949]],[[-64.7888633,32.2961858],[-64.7886186,32.2962521]],[[-64.8722942,32.2821085],[-64.8732824,32.282592300000005]],[[-64.8190756,32.25965130000001],[-64.8192809,32.25976139999999],[-64.8193043,32.2598761],[-64.8191755,32.26059279999999],[-64.8189898,32.2608463],[-64.819024,32.26093759999999]],[[-64.803948,32.2638582],[-64.8039374,32.26412599999999],[-64.8040088,32.2644912],[-64.8055144,32.266765799999995]],[[-64.7758237,32.2994985],[-64.7753964,32.2994443],[-64.7736608,32.29952290000001],[-64.7726274,32.2996175],[-64.7720373,32.2995707],[-64.771216,32.2996045],[-64.76924890000001,32.2994661],[-64.7688965,32.29935160000001]],[[-64.8734206,32.296051299999995],[-64.8712233,32.296542800000005],[-64.870305,32.29679240000001]],[[-64.7787243,32.292784399999995],[-64.7787886,32.2934561]],[[-64.8661428,32.2652775],[-64.8659184,32.2650242],[-64.865669,32.264632999999996],[-64.8655872,32.26433699999999],[-64.8655148,32.264261000000005],[-64.8653991,32.2642588],[-64.8646089,32.26457959999999],[-64.8645511,32.2645223]],[[-64.707253,32.33428119999999],[-64.7070218,32.334195599999994]],[[-64.7070218,32.334195599999994],[-64.70703370000001,32.3344534]],[[-64.7244192,32.316477099999986],[-64.7239884,32.31670750000001],[-64.7239216,32.3169018],[-64.7239587,32.3171588],[-64.7243817,32.3179988],[-64.7245792,32.3183493],[-64.7252355,32.31882070000001],[-64.72538200000001,32.319254],[-64.7255159,32.319381400000005],[-64.7257389,32.319476999999985],[-64.7260574,32.3195407],[-64.72617850000002,32.319649],[-64.726137,32.3198625],[-64.7257988,32.32049760000001],[-64.725799,32.32172959999998],[-64.7259924,32.322027399999996],[-64.7263712,32.32227819999999],[-64.7263856,32.32240029999999]],[[-64.7886172,32.29612829999999],[-64.7888633,32.2961858]],[[-64.7970577,32.2977209],[-64.7976567,32.297564099999995],[-64.7982642,32.297315999999995],[-64.7986939,32.29709640000001],[-64.7989759,32.29687880000001],[-64.7995464,32.29666180000001],[-64.8001172,32.2962982]],[[-64.7970894,32.29784159999999],[-64.7968571,32.29774449999999]],[[-64.7832864,32.29764360000001],[-64.7832039,32.297714299999996]],[[-64.7831009,32.2976144],[-64.7829726,32.29756869999999],[-64.7800928,32.2977638]],[[-64.7935799,32.2979511],[-64.7931158,32.29744989999999],[-64.7924588,32.297477099999995],[-64.7913235,32.2972757],[-64.7901445,32.29663339999999],[-64.7898646,32.296367000000004],[-64.7896764,32.296256899999996],[-64.7888633,32.2961858]],[[-64.7864298,32.2940365],[-64.7848089,32.29407530000001]],[[-64.7864298,32.2940365],[-64.7876988,32.293839]],[[-64.7862742,32.2939321],[-64.7861652,32.294036099999985]],[[-64.6745822,32.382111599999995],[-64.6740387,32.3821724],[-64.6736836,32.38216719999999],[-64.6723469,32.38194270000001],[-64.6720703,32.38196339999998]],[[-64.7797887,32.2983398],[-64.7798223,32.2984058],[-64.7804042,32.29882700000001],[-64.7805147,32.2989659],[-64.7805479,32.2991498]],[[-64.7970557,32.2695882],[-64.7973,32.26983229999999],[-64.7976082,32.2697203],[-64.7977909,32.2697046],[-64.7982817,32.2698187],[-64.7984044,32.26989889999999],[-64.7984431,32.270002999999996],[-64.7983621,32.270222399999994],[-64.7983675,32.27034939999999],[-64.7984372,32.270421999999996],[-64.79877520000001,32.2705671],[-64.7990145,32.2705441],[-64.7995384,32.2701782],[-64.7996645,32.2701498],[-64.7998254,32.27019179999999],[-64.8001927,32.2706469],[-64.8004812,32.27133649999998],[-64.8002869,32.2719823],[-64.8000529,32.2722472],[-64.8000824,32.27240140000001]],[[-64.796582,32.26975219999999],[-64.7968745,32.269484199999994],[-64.796962,32.2694966],[-64.7970557,32.2695882]],[[-64.7895452,32.27276030000001],[-64.7882827,32.2710944],[-64.7876259,32.2701374],[-64.7876079,32.2699904],[-64.7877492,32.2695201]],[[-64.6766025,32.3816661],[-64.6764341,32.3817543],[-64.675589,32.3819168],[-64.6752057,32.3820354],[-64.6745822,32.382111599999995]],[[-64.7840963,32.293138899999995],[-64.7861621,32.29278450000001]],[[-64.7862742,32.2939321],[-64.7864298,32.2940365]],[[-64.7831099,32.297842899999985],[-64.7831031,32.2976615]],[[-64.7832039,32.297714299999996],[-64.7831099,32.297842899999985]],[[-64.783259,32.297578200000004],[-64.7833915,32.2975784]],[[-64.7833915,32.2975784],[-64.7832864,32.29764360000001]],[[-64.655822,32.36475670000001],[-64.6559838,32.36489209999999],[-64.6560458,32.3650656],[-64.6561334,32.3661861],[-64.6560143,32.366384200000006],[-64.6555697,32.36657419999999]],[[-64.8197145,32.2606421],[-64.8202756,32.2616198]],[[-64.819024,32.26093759999999],[-64.8197145,32.2606421]],[[-64.6555697,32.36657419999999],[-64.6554811,32.36684280000001],[-64.6555167,32.366949]],[[-64.6634605,32.379156299999984],[-64.6633351,32.379596],[-64.6633589,32.37972739999999],[-64.6634533,32.3798197],[-64.6640369,32.3799053],[-64.6647308,32.380226],[-64.6650577,32.38012320000001],[-64.6652269,32.3801608],[-64.6662939,32.381503],[-64.6669489,32.38188569999999],[-64.6670213,32.38204650000001],[-64.6670498,32.38231499999999],[-64.6673529,32.382605],[-64.6675164,32.3831713],[-64.6680379,32.38345089999999],[-64.6683852,32.384125899999994],[-64.66946350000002,32.38495669999999],[-64.6697356,32.38535920000001],[-64.6701688,32.38563309999999],[-64.6703731,32.3858607],[-64.6705301,32.38596249999999],[-64.6709172,32.3860759],[-64.6713898,32.38612499999999]],[[-64.7797654,32.2992089],[-64.7785515,32.29928089999999],[-64.7778987,32.2992007],[-64.7775076,32.299217500000005],[-64.776505,32.2994962],[-64.7758237,32.2994985]],[[-64.7848089,32.29407530000001],[-64.7841928,32.2940976]],[[-64.7841928,32.2940976],[-64.7788535,32.294417]],[[-64.7832039,32.297714299999996],[-64.7831031,32.2976615]],[[-64.7831031,32.2976615],[-64.7831304,32.2975745],[-64.783259,32.297578200000004]],[[-64.783259,32.297578200000004],[-64.7832864,32.29764360000001]],[[-64.7842475,32.295063],[-64.7789279,32.2953897]],[[-64.7846998,32.2950136],[-64.7842475,32.295063]],[[-64.7001157,32.331405600000004],[-64.6996791,32.3316285],[-64.6992239,32.33194939999999],[-64.6981331,32.3321021],[-64.6977073,32.332212500000004],[-64.6954196,32.33358559999999]],[[-64.7231012,32.3139787],[-64.7218311,32.314076899999996],[-64.7207205,32.314478199999996],[-64.7199241,32.31443720000001],[-64.7184689,32.3148874],[-64.7178452,32.3151841],[-64.7171512,32.315217],[-64.7166046,32.3150359],[-64.7164251,32.315016799999995],[-64.7160604,32.315094300000005],[-64.715775,32.31524219999999],[-64.7149171,32.3161452],[-64.7141409,32.3168206],[-64.7141201,32.3169933],[-64.7142482,32.317647400000006],[-64.7141658,32.3178311],[-64.7137785,32.318124999999995],[-64.7136306,32.3183386],[-64.7135738,32.319644700000005],[-64.7128434,32.320882899999994],[-64.71233780000001,32.3212444],[-64.7121823,32.32140859999999],[-64.711694,32.3222282],[-64.7114741,32.3225024],[-64.7110905,32.32285370000001],[-64.7108415,32.32305029999999],[-64.7105313,32.3231994],[-64.7098984,32.32362779999999],[-64.709732,32.3236335],[-64.7096038,32.32357669999999],[-64.7091594,32.323240199999994],[-64.7088777,32.3232583],[-64.7087007,32.323360300000004],[-64.7084407,32.3236636],[-64.7080961,32.32378370000001],[-64.7072478,32.3243867],[-64.7070747,32.32442780000001],[-64.7067362,32.324323],[-64.7065708,32.3243282],[-64.7061629,32.32444919999999],[-64.705912,32.324579599999986],[-64.7043398,32.32592],[-64.7036274,32.32637619999999],[-64.7032504,32.32675900000001],[-64.7028452,32.3273314],[-64.7026724,32.32743219999999],[-64.7025031,32.32744000000001],[-64.7018553,32.32730269999998],[-64.7016882,32.327348699999995],[-64.701473,32.3274988],[-64.7011392,32.3279809],[-64.7010398,32.32832969999999],[-64.701031,32.328727699999995]],[[-64.7237469,32.3152581],[-64.72442320000002,32.3162502],[-64.7244557,32.31637740000001],[-64.7244192,32.316477099999986]],[[-64.6954196,32.33358559999999],[-64.6946499,32.3339781],[-64.6942789,32.33445539999999]],[[-64.780877,32.293341599999984],[-64.7812055,32.2976898]],[[-64.7818896,32.27846360000001],[-64.7829575,32.2777856],[-64.783798,32.2767989],[-64.7848922,32.27615019999999],[-64.7857988,32.2754733],[-64.7876214,32.274439799999996],[-64.7879066,32.2741854],[-64.7884097,32.27359130000001],[-64.7895452,32.27276030000001],[-64.7902165,32.2723855],[-64.7907921,32.272136],[-64.7916295,32.27192659999999],[-64.7923788,32.27183800000001],[-64.7928848,32.27167029999998],[-64.7939187,32.27106900000001],[-64.7949477,32.2703698],[-64.7955968,32.27011579999999],[-64.7962673,32.26991619999999],[-64.796582,32.26975219999999]],[[-64.8620195,32.29861319999999],[-64.8610665,32.29880570000001]],[[-64.870305,32.29679240000001],[-64.8686528,32.29715060000001]],[[-64.8686528,32.29715060000001],[-64.86481650000002,32.2980377],[-64.862898,32.29858139999999],[-64.8625573,32.2985236],[-64.8620195,32.29861319999999]],[[-64.7853196,32.2949769],[-64.7846998,32.2950136]],[[-64.7835041,32.302523799999996],[-64.78341150000001,32.3022862]],[[-64.78341150000001,32.3022862],[-64.7836151,32.30245419999999]],[[-64.8346952,32.3271359],[-64.8348391,32.327056]],[[-64.7936946,32.297981099999994],[-64.7936302,32.298032199999994],[-64.79357000000002,32.2979776],[-64.793636,32.297927],[-64.7936946,32.297981099999994]],[[-64.7936946,32.297981099999994],[-64.7945418,32.29778830000001],[-64.7956853,32.2978972],[-64.7970577,32.2977209]],[[-64.7860427,32.2919912],[-64.7860748,32.292174499999994]],[[-64.7858751,32.29210170000001],[-64.7860748,32.292174499999994]],[[-64.7903589,32.2739304],[-64.7895452,32.27276030000001]],[[-64.7906003,32.2741764],[-64.7903589,32.2739304]],[[-64.8742192,32.28006740000001],[-64.8729382,32.2810057],[-64.8726221,32.2813509],[-64.8722942,32.2821085]],[[-64.7812055,32.2976898],[-64.7813188,32.2990683]],[[-64.8750838,32.27944130000001],[-64.8742192,32.28006740000001]],[[-64.8756482,32.2795431],[-64.8750838,32.27944130000001]],[[-64.6715509,32.3861904],[-64.6725689,32.3874606],[-64.6731462,32.388084],[-64.6735181,32.388218200000004],[-64.6741989,32.38818020000001],[-64.6746495,32.3882272],[-64.6752385,32.38853840000001]],[[-64.6715509,32.3861904],[-64.6713898,32.38612499999999]]]}}]}
